seq,Property_ID,Area_m2,Bedrooms,Bathrooms,Floor,Property_Age,Distance_Center_km,Property_Type,Furnished,Parking,Location,Price_EGP,High_Demand
1,P05842,206.9,2,1,15,28,5.95,Villa,Yes,Yes,Residential,4204075,Yes
2,P02806,161.6,2,1,8,4,2.8,Duplex,Yes,No,Residential,2288026,Yes
3,P07843,257.7,3,3,2,1,0.5,Villa,Yes,Yes,Downtown,3886844,Yes
4,P07840,123.6,1,2,6,5,4.34,Apartment,No,No,Residential,1853075,Yes
5,P03998,216.9,5,4,7,11,4.85,Villa,No,Yes,Residential,6062090,Yes
6,P06711,82.6,1,1,0,22,2.06,Apartment,No,No,Downtown,2326206,Yes
7,P05549,250,3,2,10,8,11.7,Duplex,Yes,Yes,Suburban,6455717,No
8,P04554,50,2,1,13,21,5.8,Apartment,Yes,Yes,Suburban,789199,Yes
9,P03378,77.4,2,1,11,23,19.06,Apartment,No,No,Outskirts,887590,No
10,P07047,239.3,4,3,5,1,5.19,Villa,Yes,No,Residential,4929933,Yes
11,P03507,109.6,1,2,10,1,3.57,Duplex,Yes,Yes,Residential,3266046,No
12,P00113,146.6,1,1,8,1,2.15,Duplex,Yes,Yes,Residential,2299141,Yes
13,P02071,,1,2,5,15,18.92,Apartment,No,No,Outskirts,572655,Yes
14,P00422,207.7,2,2,15,14,0.5,Villa,No,Yes,Downtown,7601184,Yes
15,P05585,199.3,3,2,6,18,12.62,Apartment,No,Yes,Suburban,3123538,Yes
16,P05733,77.7,2,1,11,6,10.44,Apartment,Yes,No,Suburban,1461109,Yes
17,P03931,92.3,2,1,3,0,4.43,Apartment,Yes,Yes,Suburban,2554891,Yes
18,P03718,187.8,2,1,3,4,11.38,Villa,No,Yes,Outskirts,2734681,Yes
19,P02675,142.1,2,2,13,2,4.76,Duplex,Yes,Yes,Suburban,1122971,Yes
20,P08011,91.3,2,1,11,4,21.99,Apartment,No,Yes,Outskirts,1316702,No
21,P07179,254,5,3,10,6,13.22,Villa,No,Yes,Outskirts,1618605,Yes
22,P08012,95,1,1,6,5,6.9,Apartment,No,Yes,Suburban,1483958,Yes
23,P04893,142.1,1,2,11,22,1.62,Duplex,Yes,Yes,Residential,5301849,No
24,P06245,114.1,1,1,15,,2.2,Apartment,Yes,Yes,Downtown,3401864,Yes
25,P06362,54.3,2,2,1,,12.25,Apartment,Yes,No,Suburban,992924,No
26,P01683,142.1,3,3,7,11,15.04,Duplex,Yes,Yes,Suburban,2630422,Yes
27,P05948,112.6,3,2,13,9,10.71,Duplex,No,Yes,Suburban,3485827,No
28,P02941,171.6,4,2,10,1,15.32,Duplex,Yes,Yes,Outskirts,4524371,No
29,P03707,160,2,2,13,13,4.1,Duplex,No,No,Residential,4935023,Yes
30,P05536,71.4,2,1,14,21,14.05,Apartment,No,Yes,Suburban,1192960,No
31,P08804,143.4,1,1,7,16,0.68,Apartment,No,No,Residential,3583303,No
32,P04819,63.2,2,1,3,19,16.48,Apartment,Yes,Yes,Suburban,1180539,No
33,P06565,113.3,3,2,11,2,3.48,Apartment,No,No,Residential,4071824,No
34,P02117,84.6,1,1,15,9,7.19,Apartment,No,Yes,Residential,943706,Yes
35,P08897,183.1,4,3,14,9,6.86,Duplex,No,Yes,Residential,3678761,Yes
36,P05696,145.1,1,2,12,0,3.14,Apartment,No,Yes,Residential,3199394,Yes
37,P06708,,1,1,11,9,12.33,Apartment,No,No,Suburban,1274538,Yes
38,P08289,157,3,2,0,,7.04,Villa,Yes,Yes,Residential,3697432,Yes
39,P07242,123.3,1,2,5,7,5.05,Apartment,No,No,Residential,2560680,Yes
40,P08305,100.4,1,2,15,17,9.65,Apartment,No,Yes,Suburban,2021384,Yes
41,P07298,92.9,1,2,6,1,1.81,Apartment,No,No,Downtown,3394652,No
42,P03020,102.5,1,2,2,22,5.01,Apartment,Yes,No,Residential,2397845,No
43,P05431,94.1,1,2,11,20,1.8,Apartment,Yes,No,Residential,2712689,Yes
44,P02411,119.9,1,2,14,13,9.52,Apartment,Yes,No,Suburban,1095994,Yes
45,P05982,136.2,1,2,11,6,9.17,Apartment,No,Yes,Suburban,1907158,No
46,P00696,100.7,2,1,15,11,12.86,Duplex,No,Yes,Suburban,1746722,Yes
47,P00180,132.4,2,2,2,8,7.05,Duplex,Yes,No,Suburban,3913091,Yes
48,P02645,96.8,1,2,13,0,4.91,Apartment,No,No,Residential,2417669,No
49,P02593,,2,1,2,0,14.63,Apartment,No,No,Suburban,1495564,Yes
50,P06918,61.1,2,1,6,3,10.24,Apartment,Yes,No,Suburban,1141495,Yes
51,P03004,91.9,1,1,8,5,9.31,Apartment,Yes,No,Suburban,1517707,No
52,P06017,97.4,1,2,2,16,0.5,Apartment,Yes,Yes,Downtown,2164227,No
53,P05586,147.8,3,3,2,21,25,Duplex,No,Yes,Outskirts,3925210,No
54,P00233,151.4,1,2,8,14,25,Duplex,No,Yes,Outskirts,1965088,No
55,P02442,233.6,4,3,13,21,1.11,Villa,No,Yes,Downtown,4359581,Yes
56,P01356,281.6,6,4,2,23,0.5,Villa,No,Yes,Downtown,7358828,Yes
57,P00749,94.7,1,2,10,10,19.23,Apartment,Yes,No,Suburban,1836822,No
58,P08883,223.8,5,3,6,12,6.14,Villa,No,Yes,Suburban,4328869,Yes
59,P00902,271.4,5,3,1,21,7.08,Villa,No,No,Residential,3278397,Yes
60,P00501,94,2,1,11,18,8.6,Apartment,No,No,Suburban,1379149,Yes
61,P00886,77.6,1,1,15,1,3.89,Apartment,Yes,No,Residential,1946371,Yes
62,P07977,167.8,3,3,15,1,13.81,Apartment,No,Yes,Outskirts,2880503,Yes
63,P04375,132,3,3,9,5,11.3,Duplex,Yes,Yes,Suburban,2449224,Yes
64,P02001,110.3,3,2,15,0,21.43,Apartment,No,No,Outskirts,991175,No
65,P04362,207.3,3,2,7,6,16.53,Duplex,No,Yes,Suburban,4675330,No
66,P06350,109,2,2,10,2,7.56,Apartment,Yes,Yes,Suburban,1839781,Yes
67,P00564,90.5,1,2,0,28,11.51,Apartment,No,Yes,Suburban,1673100,No
68,P04857,163,3,2,7,6,4.64,Duplex,No,Yes,Residential,3324493,No
69,P05788,93.9,2,2,6,4,15.33,Apartment,No,Yes,Outskirts,948540,No
70,P03450,166.9,3,2,12,12,20.41,Duplex,Yes,No,Outskirts,2290166,Yes
71,P02951,139.5,3,3,8,9,2.57,Duplex,No,Yes,Downtown,5020902,Yes
72,P05482,170.3,4,3,10,31,0.73,Apartment,No,No,Downtown,4585774,Yes
73,P06682,79.5,1,2,5,40,19.8,Apartment,No,No,Outskirts,963062,No
74,P08504,65.7,1,2,14,6,17.49,Apartment,No,Yes,Suburban,737558,No
75,P04858,158.5,1,2,14,18,14.9,Duplex,No,Yes,Suburban,2209969,Yes
76,P02662,103,2,2,0,1,3.27,Apartment,Yes,No,Residential,2986662,No
77,P06451,285.8,6,4,0,20,7.53,Villa,Yes,Yes,Residential,7204123,Yes
78,P02996,67.4,2,1,11,8,5.66,Apartment,Yes,No,Residential,1724144,Yes
79,P04451,148.7,1,1,3,7,16.44,Villa,No,Yes,Outskirts,2153632,Yes
80,P04541,252.7,5,3,0,1,1.07,Villa,No,Yes,Downtown,5944747,Yes
81,P02725,129.7,2,1,13,18,0.9,Apartment,No,No,Downtown,2028476,Yes
82,P02893,76.1,1,1,10,40,6.55,Apartment,Yes,No,Suburban,1220387,No
83,P03177,183.1,3,2,1,4,20.92,Villa,No,Yes,Outskirts,3887892,No
84,P07093,50,1,1,13,,20.61,Apartment,No,No,Outskirts,375259,No
85,P03116,117.1,3,2,10,18,13.01,Apartment,No,Yes,Suburban,1349671,Yes
86,P08146,204.9,3,3,8,12,12.41,Villa,No,Yes,Suburban,5823301,Yes
87,P04818,63.6,1,1,12,8,14.34,Apartment,Yes,No,Suburban,771093,No
88,P00326,123.5,1,2,1,4,7.94,Villa,No,No,Suburban,2513612,Yes
89,P08322,232.8,5,4,14,3,16.42,Duplex,No,Yes,Suburban,3623123,No
90,P04341,156.3,1,1,2,3,1.05,Duplex,Yes,Yes,Downtown,1922376,Yes
91,P03481,92.6,2,1,2,1,4.54,Apartment,No,No,Residential,2089656,No
92,P08525,183.8,2,1,3,2,0.5,Villa,Yes,No,Downtown,5190523,Yes
93,P02022,153.4,2,2,6,,0.5,Duplex,No,Yes,Downtown,4218349,Yes
94,P03175,90.8,1,1,2,19,8.23,Apartment,No,Yes,Suburban,1254270,No
95,P03660,211.3,4,2,12,30,0.5,Duplex,No,Yes,Downtown,5376314,No
96,P02699,193.3,4,3,15,19,7,Duplex,Yes,Yes,Residential,4217287,Yes
97,P03546,123.1,2,2,12,8,2.3,Duplex,No,Yes,Residential,4994546,Yes
98,P00053,,2,1,13,6,8.99,Apartment,Yes,Yes,Suburban,2618087,Yes
99,P05342,92.9,1,2,11,3,0.82,Apartment,Yes,Yes,Downtown,3119000,Yes
100,P07410,102.9,1,1,1,5,7.04,Apartment,Yes,Yes,Residential,2820251,Yes
101,P01995,172.3,3,2,0,40,7.04,Villa,No,No,Residential,5494754,No
102,P04376,185.4,4,2,2,15,0.5,Duplex,No,Yes,Downtown,6808593,Yes
103,P08772,174.8,2,1,2,1,21.18,Villa,Yes,Yes,Outskirts,2547502,No
104,P04072,232.8,4,3,12,10,7.32,Villa,No,Yes,Suburban,4791578,Yes
105,P06803,60.3,1,1,5,12,2.69,Apartment,No,No,Residential,1635615,Yes
106,P00195,,4,2,12,12,1.37,Villa,Yes,No,Downtown,3465300,Yes
107,P00762,135.1,1,1,14,1,2.14,Apartment,No,Yes,Downtown,2868505,Yes
108,P00516,96.7,1,2,4,2,1.04,Apartment,No,No,Downtown,2600432,Yes
109,P04810,166.8,4,2,7,2,16.82,Duplex,Yes,No,Suburban,3438148,No
110,P04491,176.3,2,1,3,8,9.1,Duplex,No,Yes,Suburban,3811551,Yes
111,P05070,158,1,1,13,35,14.59,Duplex,No,No,Suburban,2436205,No
112,P08319,188.8,3,3,3,19,8.08,Duplex,No,Yes,Residential,3725239,Yes
113,P02328,184.2,4,3,3,12,0.5,Villa,Yes,Yes,Downtown,6547010,Yes
114,P08363,259.8,4,3,3,8,6.25,Villa,No,No,Residential,6469582,Yes
115,P06502,143.7,2,2,4,4,4.22,Apartment,Yes,No,Residential,2176674,Yes
116,P00306,124.2,1,2,13,1,2.27,Duplex,No,Yes,Residential,4738060,Yes
117,P03578,101.5,1,2,10,9,4.37,Apartment,No,Yes,Residential,2171956,Yes
118,P01792,129.2,3,2,4,8,6.54,Apartment,Yes,Yes,Residential,2996746,Yes
119,P04664,124.7,2,1,10,10,0.87,Apartment,Yes,No,Downtown,3800037,No
120,P01749,268.4,3,2,2,2,4.19,Villa,Yes,Yes,Residential,7346931,Yes
121,P02853,193.6,4,2,14,16,14.29,Duplex,No,No,Outskirts,3624390,No
122,P01390,76.9,2,2,7,5,0.5,Apartment,Yes,Yes,Downtown,1023730,Yes
123,P06489,171.1,2,1,9,3,1.6,Duplex,Yes,Yes,Downtown,6326739,Yes
124,P00949,144.6,2,1,5,17,15.77,Duplex,Yes,Yes,Outskirts,2913816,No
125,P03871,174.2,3,2,12,40,8,Duplex,Yes,Yes,Residential,3018596,No
126,P05560,78.3,1,1,11,12,0.69,Apartment,Yes,No,Downtown,1766498,Yes
127,P06470,,1,1,15,2,17.22,Apartment,No,Yes,Outskirts,1238936,No
128,P05781,117.4,1,2,0,16,24.26,Apartment,Yes,Yes,Outskirts,1277244,Yes
129,P06506,97.2,2,2,12,12,1.51,Apartment,No,Yes,Downtown,2642966,Yes
130,P04160,300,4,2,13,7,5.95,Villa,No,Yes,Residential,5380640,Yes
131,P07667,183.9,4,2,3,3,9.01,Villa,No,Yes,Suburban,4414992,No
132,P04995,106.6,3,3,5,4,9.93,Apartment,No,Yes,Suburban,1695356,Yes
133,P03010,99.6,2,2,9,27,12.52,Apartment,No,Yes,Suburban,1312475,No
134,P05818,93.9,2,1,13,40,7,Apartment,No,Yes,Residential,1537962,Yes
135,P03034,145.5,2,1,14,38,7.69,Duplex,No,Yes,Residential,2441107,No
136,P03382,158,1,2,13,21,10.52,Duplex,Yes,Yes,Outskirts,2537906,No
137,P05917,57.1,1,2,7,3,13.39,Apartment,No,Yes,Suburban,1229972,No
138,P02847,102.1,1,2,5,5,4.75,Apartment,Yes,No,Residential,2771776,Yes
139,P07252,250.7,3,2,0,7,12.92,Villa,No,No,Suburban,3435033,No
140,P02173,132.6,2,1,15,16,6.23,Apartment,No,No,Suburban,2003502,Yes
141,P05952,228.8,5,4,15,19,2.83,Duplex,No,No,Residential,5188091,Yes
142,P07677,53.4,2,1,7,2,3.02,Apartment,No,No,Residential,1341681,Yes
143,P07030,,2,2,1,22,9.84,Villa,Yes,Yes,Outskirts,4942476,No
144,P04568,168.3,3,2,8,36,0.5,Duplex,No,No,Downtown,4515669,Yes
145,P00064,65,1,1,4,31,9.16,Apartment,No,Yes,Suburban,1652702,No
146,P03497,206.7,2,1,0,5,8.46,Villa,No,Yes,Suburban,6629804,No
147,P03542,63,1,1,0,8,12.07,Apartment,Yes,No,Suburban,1074589,Yes
148,P07100,156.7,3,2,11,6,0.5,Duplex,No,No,Downtown,6009391,Yes
149,P04928,66.1,1,2,6,12,6.24,Apartment,Yes,Yes,Residential,1503985,Yes
150,P06568,144,2,1,11,8,9.07,Villa,No,Yes,Suburban,1487966,Yes
151,P01193,115.4,1,2,10,8,13.64,Duplex,Yes,No,Outskirts,917833,Yes
152,P07694,117.3,2,1,0,1,5.14,Apartment,Yes,No,Residential,2881291,Yes
153,P08092,131.7,2,1,8,0,1.29,Duplex,No,Yes,Downtown,3215157,Yes
154,P08298,175.2,4,3,6,15,7.37,Duplex,Yes,Yes,Residential,2628306,Yes
155,P02311,193.4,2,2,2,3,22.12,Duplex,No,Yes,Outskirts,2375621,No
156,P05644,50,1,1,13,3,3.43,Apartment,No,Yes,Residential,1228402,Yes
157,P01058,112.5,2,2,2,6,4.62,Apartment,No,No,Residential,1674923,Yes
158,P07302,63,1,1,13,1,4.45,Apartment,No,Yes,Suburban,1102538,Yes
159,P04923,115,2,2,1,17,5.6,Apartment,No,Yes,Residential,2493879,Yes
160,P07016,65.9,1,2,0,9,22.6,Apartment,No,Yes,Outskirts,838693,No
161,P02406,166.1,4,3,4,0,3.88,Duplex,Yes,Yes,Residential,3912077,Yes
162,P06673,63.5,1,1,5,5,15.56,Apartment,No,No,Suburban,662128,No
163,P03254,143.8,2,2,8,26,5.73,Duplex,No,Yes,Residential,2496728,Yes
164,P04180,75.2,1,1,13,40,10.77,Apartment,Yes,Yes,Outskirts,1553868,No
165,P02128,99.9,2,2,7,4,7.44,Apartment,No,Yes,Residential,2213746,Yes
166,P03677,86.7,2,1,3,1,3.67,Apartment,Yes,Yes,Residential,2318318,Yes
167,P02232,227.5,4,3,0,7,11.09,Villa,No,No,Suburban,6057962,No
168,P04483,187.4,4,2,0,4,11.64,Villa,No,Yes,Suburban,4433515,No
169,P00906,203.3,2,1,0,2,12.39,Villa,Yes,Yes,Suburban,4134380,Yes
170,P02202,138.1,2,2,2,4,25,Duplex,No,No,Outskirts,3072980,No
171,P06744,218.5,5,3,3,5,0.5,Villa,No,No,Downtown,3732056,Yes
172,P06849,153.9,2,2,7,8,9.03,Duplex,No,No,Residential,3303112,Yes
173,P07853,176.4,4,2,14,2,11.39,Duplex,No,Yes,Suburban,4125265,Yes
174,P04413,97.6,1,1,7,1,9.65,Apartment,Yes,Yes,Suburban,1718397,Yes
175,P05600,192.4,2,1,1,16,4.72,Villa,Yes,No,Residential,5675944,Yes
176,P08229,99.3,1,1,7,20,19.97,Apartment,Yes,Yes,Outskirts,920043,Yes
177,P08721,,3,2,10,9,22.43,Duplex,No,Yes,Outskirts,1679908,No
178,P02199,204.7,3,2,13,4,5.56,Duplex,No,Yes,Residential,5831239,Yes
179,P00148,103.8,1,2,9,2,15.73,Duplex,No,No,Suburban,1832953,No
180,P03215,,1,2,8,0,1.18,Apartment,No,Yes,Downtown,4019051,Yes
181,P04775,165.3,4,3,13,32,0.88,Villa,No,Yes,Downtown,6682377,No
182,P07633,78.1,1,1,6,16,19.29,Apartment,No,Yes,Outskirts,1340019,No
183,P08769,116.5,2,2,5,9,17.47,Apartment,No,Yes,Suburban,1236652,Yes
184,P01584,61.7,2,1,13,1,3.78,Apartment,No,Yes,Residential,1181061,Yes
185,P07734,84.7,1,1,4,6,4.47,Apartment,Yes,No,Residential,1949203,Yes
186,P00891,244.4,3,3,2,5,4.67,Villa,No,Yes,Residential,4533239,Yes
187,P04571,74.3,1,1,8,5,9.44,Apartment,No,Yes,Residential,2229381,No
188,P01325,,1,2,4,1,3.26,Apartment,Yes,No,Residential,1999745,Yes
189,P05623,68,1,1,10,37,13.92,Apartment,No,Yes,Suburban,872917,No
190,P01391,130.6,1,2,8,11,15.75,Duplex,Yes,Yes,Outskirts,2841829,No
191,P02956,98.8,1,1,3,1,5.58,Apartment,Yes,Yes,Residential,3890002,Yes
192,P02210,212.2,4,3,0,13,1.67,Duplex,No,Yes,Downtown,5320431,Yes
193,P01870,201,3,3,5,0,19.36,Villa,No,No,Outskirts,2532877,No
194,P00734,87.7,1,2,5,21,6.28,Apartment,No,Yes,Residential,2041055,No
195,P01264,237.6,3,3,0,8,17.95,Villa,No,Yes,Outskirts,2792920,No
196,P01667,182.1,4,2,13,,22.16,Duplex,No,Yes,Outskirts,2618159,No
197,P03887,101.6,1,1,13,10,22.62,Apartment,No,No,Outskirts,874013,No
198,P00150,134.3,2,2,4,4,0.5,Duplex,Yes,Yes,Downtown,4591240,Yes
199,P04904,152.8,3,2,11,15,17.51,Apartment,No,No,Outskirts,1695287,No
200,P05025,85.4,1,2,12,4,14.91,Apartment,No,Yes,Suburban,1125519,Yes
201,P05046,128.2,1,2,4,6,16.26,Apartment,No,Yes,Outskirts,1128521,Yes
202,P06962,58.7,1,1,2,5,0.5,Apartment,Yes,No,Downtown,2017054,Yes
203,P06430,122.3,2,1,0,13,2.78,Apartment,No,Yes,Downtown,5123814,No
204,P02709,170.5,2,2,5,21,2.59,Duplex,No,Yes,Downtown,4915186,Yes
205,P04011,195.9,3,3,2,11,7.96,Villa,No,Yes,Residential,6343782,Yes
206,P07286,122.4,1,2,15,11,18.14,Apartment,No,Yes,Outskirts,1447005,Yes
207,P00277,150.1,3,2,15,1,6.81,Duplex,Yes,Yes,Residential,3799496,Yes
208,P05676,50,2,2,3,22,18.21,Apartment,No,No,Outskirts,397959,No
209,P07674,261.8,3,2,3,1,2.67,Villa,Yes,Yes,Residential,8897316,Yes
210,P07445,,1,1,8,2,0.72,Apartment,No,No,Downtown,1504160,Yes
211,P01127,150.5,2,2,0,9,5.24,Duplex,No,Yes,Suburban,2381503,Yes
212,P04765,111,3,2,15,17,9.07,Apartment,No,No,Residential,1974499,No
213,P05799,101.1,2,1,14,30,10.35,Duplex,No,No,Suburban,1836397,Yes
214,P02954,50,2,2,6,2,19.58,Apartment,No,No,Outskirts,647909,No
215,P03250,140.4,1,2,7,11,5.51,Apartment,No,Yes,Residential,2719717,No
216,P06483,138.8,3,3,5,3,25,Apartment,No,Yes,Outskirts,2977993,No
217,P07108,50,2,2,1,11,8.31,Apartment,No,No,Suburban,753577,No
218,P04446,89.7,1,2,12,5,3.42,Apartment,Yes,No,Residential,2290699,Yes
219,P01321,54.6,1,1,2,3,9.61,Apartment,No,Yes,Residential,678459,Yes
220,P03364,225.4,3,3,15,15,9.3,Duplex,No,Yes,Suburban,5177073,Yes
221,P07339,215.7,4,3,1,2,2.05,Villa,No,Yes,Downtown,4172412,Yes
222,P00805,71.1,2,2,13,20,0.59,Apartment,No,No,Downtown,2042803,Yes
223,P00577,191.4,2,2,1,16,21.42,Duplex,No,Yes,Outskirts,3100823,No
224,P07464,173.7,3,2,3,19,18.99,Duplex,Yes,No,Outskirts,2578016,No
225,P07337,106.9,1,2,4,3,10.02,Apartment,Yes,Yes,Suburban,2576452,No
226,P00480,77.8,1,1,6,30,4.92,Apartment,No,No,Residential,1303487,Yes
227,P02293,100,1,2,0,20,9.52,Apartment,No,Yes,Suburban,1368626,Yes
228,P05011,93.8,1,1,4,11,0.61,Duplex,No,Yes,Residential,3148819,No
229,P08444,187.8,2,2,14,36,6.76,Duplex,Yes,Yes,Residential,5393440,No
230,P01859,67.6,2,1,15,19,5.13,Apartment,Yes,No,Residential,1950524,No
231,P05999,,2,2,4,4,25,Duplex,No,No,Outskirts,2371699,No
232,P07940,229.7,4,2,4,1,15.06,Villa,Yes,Yes,Suburban,5313791,Yes
233,P04885,196.7,3,3,3,4,25,Villa,No,Yes,Outskirts,6598156,No
234,P03064,98,2,2,1,9,19.05,Apartment,Yes,No,Outskirts,1347860,No
235,P05163,133.7,1,1,10,40,1.46,Duplex,Yes,No,Downtown,3941054,Yes
236,P03325,117.2,3,3,11,38,11.99,Apartment,No,No,Suburban,1998578,No
237,P06519,100.7,1,2,12,,4.8,Apartment,Yes,Yes,Residential,3221710,No
238,P00414,186.6,3,3,4,9,25,Duplex,No,Yes,Outskirts,3503438,No
239,P06560,75.1,1,1,13,3,10.2,Apartment,Yes,Yes,Residential,2059263,Yes
240,P08294,104.1,2,2,8,27,1.14,Apartment,No,No,Downtown,2655708,Yes
241,P02611,105.8,1,2,9,5,13.37,Apartment,No,Yes,Outskirts,2328220,No
242,P03751,124.1,2,1,7,8,1.41,Apartment,No,No,Downtown,3543970,Yes
243,P02303,58.5,1,1,15,0,4.87,Apartment,Yes,Yes,Residential,1608329,No
244,P02135,121.6,1,2,0,20,17.21,Apartment,Yes,Yes,Suburban,2274046,No
245,P02218,135.4,2,1,15,3,15.95,Duplex,No,Yes,Outskirts,1898554,No
246,P02455,158.7,1,1,4,3,9.39,Duplex,Yes,Yes,Suburban,3686086,No
247,P06239,263.3,3,3,0,4,16.24,Villa,Yes,Yes,Outskirts,5765999,No
248,P00831,123.3,2,1,10,8,9.07,Apartment,Yes,No,Suburban,3286643,No
249,P01011,121.9,3,2,5,0,10.96,Apartment,Yes,No,Suburban,1980411,Yes
250,P04661,50,2,1,0,4,18.58,Apartment,No,No,Suburban,705901,No
251,P04071,159.8,3,2,0,40,3.48,Villa,Yes,No,Residential,2785987,No
252,P04244,222,4,2,1,5,14.27,Villa,No,No,Suburban,3738517,No
253,P03649,,4,3,3,7,3.87,Villa,No,No,Residential,4577722,Yes
254,P04079,293.5,6,4,0,13,0.95,Villa,No,Yes,Downtown,9049454,Yes
255,P03711,144.2,1,1,6,20,22.05,Duplex,No,Yes,Outskirts,3201029,No
256,P01142,86.2,1,2,6,16,13.26,Apartment,Yes,No,Suburban,1659941,Yes
257,P02236,167.7,2,1,12,11,15.95,Duplex,No,Yes,Outskirts,3063190,No
258,P06282,72.9,1,1,11,14,2.29,Apartment,No,No,Residential,1490241,Yes
259,P05658,148.6,3,3,1,7,17.64,Duplex,No,Yes,Suburban,1499677,Yes
260,P06633,,1,2,1,40,14.68,Villa,No,Yes,Outskirts,5077603,No
261,P07303,,2,2,0,6,23.83,Duplex,No,Yes,Outskirts,3996806,No
262,P01335,300,6,4,3,13,10.63,Villa,No,Yes,Outskirts,3968710,Yes
263,P05211,250,4,2,1,20,4.64,Villa,No,No,Residential,7352232,No
264,P04443,139.2,2,1,10,14,21.82,Apartment,No,Yes,Outskirts,2333506,No
265,P08628,182.5,3,2,6,18,9.43,Villa,No,No,Outskirts,4443740,No
266,P03048,,3,2,15,15,11.67,Villa,No,Yes,Suburban,4670058,Yes
267,P07000,,4,2,1,35,12.86,Villa,Yes,Yes,Suburban,4781414,No
268,P01474,218.4,3,2,8,3,2.14,Villa,No,No,Residential,3748442,Yes
269,P04425,53.8,1,2,14,4,16.53,Apartment,No,No,Suburban,263318,No
270,P05057,192.3,4,3,9,21,13.82,Duplex,No,No,Suburban,4290035,No
271,P00836,96.9,1,1,5,7,14.27,Apartment,No,No,Suburban,1891571,No
272,P00055,112.6,1,1,5,10,15.53,Apartment,Yes,No,Suburban,1809808,No
273,P06541,163.4,2,2,2,23,23.5,Apartment,Yes,No,Outskirts,1399428,No
274,P03018,128,1,2,10,22,0.5,Apartment,No,No,Downtown,4225383,Yes
275,P03642,205.2,2,1,1,8,0.82,Villa,No,No,Downtown,4801399,Yes
276,P08715,118.1,2,1,2,,0.5,Apartment,Yes,Yes,Downtown,3182659,Yes
277,P08648,119.1,2,1,14,1,4.1,Apartment,Yes,Yes,Residential,2557715,Yes
278,P05797,82.5,1,1,10,14,9.25,Apartment,No,Yes,Suburban,1661281,Yes
279,P02734,53.9,1,1,14,14,3.41,Apartment,Yes,Yes,Residential,790151,Yes
280,P00966,115.5,1,1,10,1,8.4,Apartment,Yes,Yes,Residential,2722529,Yes
281,P02781,122.7,3,3,4,13,0.96,Apartment,Yes,No,Downtown,2844227,Yes
282,P05369,149.1,2,1,3,0,21.78,Apartment,No,Yes,Outskirts,2593140,No
283,P01838,177.9,3,3,6,40,4.7,Apartment,No,Yes,Residential,2958979,Yes
284,P00557,199.2,4,2,3,,3.46,Duplex,No,Yes,Residential,4416325,Yes
285,P03708,191.5,4,3,6,10,9.75,Duplex,No,Yes,Suburban,4649071,Yes
286,P06687,174.2,4,2,9,28,10.44,Duplex,No,Yes,Outskirts,2680395,No
287,P01674,88,1,1,7,15,1.47,Apartment,Yes,No,Downtown,2975542,Yes
288,P07756,115,3,2,15,1,20.85,Apartment,Yes,No,Outskirts,1523666,No
289,P02271,157.5,3,2,0,5,7.24,Apartment,No,No,Suburban,763963,Yes
290,P01464,179.6,3,3,1,2,7.02,Villa,No,Yes,Residential,3592578,Yes
291,P07849,50,1,1,14,13,2.1,Apartment,Yes,No,Residential,1642097,Yes
292,P06966,266.5,4,3,1,1,12.54,Villa,No,Yes,Suburban,7217636,No
293,P05568,134.8,3,2,9,7,2.01,Duplex,No,Yes,Downtown,3589483,Yes
294,P00346,131.3,3,2,2,0,10.38,Apartment,Yes,Yes,Suburban,3137874,No
295,P03522,108.2,2,1,7,25,19.7,Apartment,Yes,No,Outskirts,933524,No
296,P03448,165.8,2,2,12,3,11.51,Duplex,No,No,Suburban,3008554,Yes
297,P04101,144.1,2,2,1,18,5.23,Apartment,No,Yes,Residential,1990093,Yes
298,P07557,160,3,2,4,1,2.22,Duplex,No,Yes,Residential,3754398,Yes
299,P05031,194.1,4,3,12,3,2.34,Duplex,No,Yes,Downtown,6592375,Yes
300,P02457,87.9,2,1,1,19,13.39,Apartment,Yes,Yes,Suburban,1250506,Yes
301,P05162,82.2,1,2,2,5,25,Apartment,No,Yes,Outskirts,1320505,No
302,P06341,156.3,1,2,3,25,20.94,Duplex,No,Yes,Outskirts,2818216,No
303,P04643,133.6,2,1,1,5,3.84,Duplex,Yes,Yes,Residential,3959287,No
304,P00421,116.8,2,1,4,12,10.84,Apartment,No,Yes,Suburban,1918968,Yes
305,P07545,216,4,2,5,10,11.72,Duplex,No,No,Suburban,4790621,Yes
306,P00271,144,2,1,3,15,1.89,Duplex,Yes,Yes,Downtown,4897582,Yes
307,P06497,135.3,3,2,6,14,7.38,Apartment,No,No,Residential,3109875,Yes
308,P03474,185.8,4,2,0,2,4.67,Villa,Yes,No,Residential,6832463,Yes
309,P06880,67.2,1,2,12,2,1.7,Apartment,No,Yes,Downtown,1374513,Yes
310,P00664,102,1,2,8,34,2.25,Apartment,Yes,Yes,Downtown,2547039,No
311,P01170,300,5,3,11,2,0.5,Villa,No,Yes,Downtown,8564744,Yes
312,P05532,50,2,2,15,9,21.18,Apartment,Yes,Yes,Outskirts,712085,No
313,P01422,50,1,2,14,1,1.73,Apartment,No,No,Residential,864392,Yes
314,P02897,149.1,1,1,14,6,15.47,Apartment,Yes,Yes,Outskirts,2555024,No
315,P07519,210.2,3,3,10,14,5.82,Duplex,Yes,Yes,Residential,3110777,Yes
316,P07985,74.9,1,1,9,2,9.38,Apartment,Yes,Yes,Suburban,1229920,Yes
317,P01376,102.2,1,2,2,23,0.5,Apartment,No,Yes,Downtown,2507245,Yes
318,P02520,130.9,2,2,7,40,6.9,Apartment,No,Yes,Residential,3365070,No
319,P08086,197.9,3,3,6,40,15.57,Duplex,No,Yes,Outskirts,3128991,Yes
320,P08255,177.8,3,3,14,17,11.01,Duplex,Yes,Yes,Suburban,5692659,No
321,P08486,55.1,2,1,13,4,14.5,Apartment,Yes,Yes,Outskirts,838861,No
322,P05674,232.3,3,2,0,21,13.42,Villa,Yes,No,Suburban,3367469,Yes
323,P00037,131.5,1,2,9,11,1.2,Apartment,Yes,Yes,Downtown,3042698,Yes
324,P06618,185.3,4,3,5,30,18.87,Villa,No,Yes,Outskirts,3758030,No
325,P01436,207.6,4,2,7,26,19.96,Villa,No,No,Outskirts,3773630,No
326,P01461,296.4,4,3,0,29,8.46,Villa,No,Yes,Suburban,6324131,No
327,P03951,244.1,5,4,12,1,1.87,Villa,No,Yes,Residential,7962557,Yes
328,P01996,,1,2,10,0,2.12,Apartment,Yes,Yes,Suburban,1852494,Yes
329,P01173,133.6,3,2,0,26,6.31,Apartment,No,No,Residential,3758064,Yes
330,P00336,150.5,2,1,14,5,12.43,Villa,No,Yes,Suburban,3487518,No
331,P05712,99.1,2,1,13,20,6.58,Apartment,Yes,No,Suburban,1982326,Yes
332,P07447,133.8,3,2,6,1,14.22,Apartment,No,Yes,Suburban,3345451,No
333,P02960,261.1,3,3,0,25,12.99,Villa,Yes,Yes,Outskirts,2180666,Yes
334,P00155,134.2,3,2,4,3,0.5,Duplex,Yes,No,Downtown,2723253,Yes
335,P07527,120.1,2,2,3,13,9.69,Apartment,No,Yes,Suburban,2235232,No
336,P01858,166.2,4,3,7,10,3.75,Duplex,Yes,Yes,Residential,5152113,Yes
337,P05753,159.8,1,2,1,1,12.79,Villa,No,No,Suburban,1556441,Yes
338,P00276,78,1,2,10,0,6.84,Apartment,No,No,Residential,1062837,Yes
339,P03746,50,2,1,6,3,12.5,Apartment,No,Yes,Suburban,859371,No
340,P08728,99.6,1,2,9,4,5.9,Apartment,No,Yes,Residential,2590667,Yes
341,P08052,79,1,1,7,3,14.46,Apartment,No,Yes,Suburban,1293810,Yes
342,P01229,201.2,3,2,1,26,12.75,Duplex,Yes,Yes,Outskirts,3081912,No
343,P08890,133.8,3,2,10,16,1.55,Duplex,Yes,Yes,Downtown,3738988,Yes
344,P02346,,5,4,3,16,2.66,Villa,Yes,No,Downtown,5916615,Yes
345,P03567,160.1,3,2,3,4,18.7,Villa,No,Yes,Outskirts,3822371,No
346,P07408,255.6,3,2,10,11,2.95,Villa,Yes,No,Suburban,5555867,Yes
347,P03789,112.3,1,1,14,2,6.1,Apartment,No,No,Residential,1697926,No
348,P06368,215.6,4,2,0,8,4.13,Duplex,No,Yes,Residential,4662983,Yes
349,P05074,79.1,1,1,12,4,14.12,Apartment,No,Yes,Suburban,1172830,Yes
350,P05228,58.6,1,1,10,11,0.89,Apartment,No,Yes,Downtown,1173514,No
351,P07886,273.8,5,3,1,12,3.2,Villa,No,No,Residential,5755487,Yes
352,P02262,116.5,2,1,1,4,15.47,Duplex,Yes,No,Outskirts,1929092,No
353,P02811,61.3,1,2,0,31,1.1,Apartment,Yes,Yes,Downtown,1843240,Yes
354,P05420,107,3,2,1,,4.63,Apartment,Yes,No,Residential,1483745,Yes
355,P03436,112.9,1,1,11,8,3.82,Apartment,No,No,Suburban,1802450,Yes
356,P05440,99.3,1,2,2,40,0.56,Apartment,No,No,Downtown,1665951,Yes
357,P05533,74.7,2,2,8,18,14.03,Apartment,Yes,Yes,Suburban,976534,No
358,P01832,133.6,2,2,14,29,17.43,Apartment,No,No,Outskirts,951056,No
359,P02204,50,1,1,7,31,1.46,Apartment,No,No,Downtown,1031346,Yes
360,P00379,228,5,3,2,15,7.27,Villa,Yes,Yes,Residential,2958464,Yes
361,P05681,91.3,1,1,14,2,20.52,Apartment,No,No,Outskirts,1165797,No
362,P02573,112.9,3,2,4,10,7.23,Duplex,Yes,Yes,Suburban,4583083,No
363,P06908,121.5,3,3,8,4,18.4,Apartment,No,No,Outskirts,1520273,Yes
364,P06092,97.1,1,2,0,40,0.62,Apartment,No,Yes,Downtown,2312884,No
365,P04370,137.2,2,2,10,0,7.5,Apartment,No,Yes,Residential,2260199,Yes
366,P03178,178.5,3,3,2,40,6.27,Villa,Yes,Yes,Residential,3988446,No
367,P03939,107.5,1,2,15,5,4.96,Apartment,No,No,Residential,1919677,Yes
368,P04871,121.2,2,2,5,21,4.98,Apartment,No,Yes,Residential,2678054,Yes
369,P05205,50,2,1,6,24,1.48,Apartment,No,No,Downtown,1006277,Yes
370,P01385,112.6,3,2,14,24,22.87,Apartment,No,Yes,Outskirts,2021746,No
371,P00012,107,2,1,3,5,21.67,Apartment,No,Yes,Outskirts,1222263,No
372,P06608,105.8,3,2,8,3,4.57,Duplex,No,Yes,Residential,2378757,Yes
373,P00076,141.5,1,2,12,4,4.95,Apartment,Yes,Yes,Residential,2420318,Yes
374,P05160,101.9,1,1,12,40,4.81,Apartment,No,Yes,Residential,2438469,No
375,P06270,155.2,1,1,6,7,1.1,Duplex,Yes,Yes,Downtown,3081241,Yes
376,P02021,149,3,3,2,18,11.84,Duplex,Yes,Yes,Suburban,1638576,Yes
377,P02504,119.3,2,1,10,10,15.21,Apartment,No,No,Outskirts,1052182,No
378,P07097,228.2,3,3,5,8,2.9,Duplex,No,Yes,Residential,5669652,Yes
379,P05415,223.2,4,3,10,9,5.84,Villa,No,Yes,Suburban,5825326,Yes
380,P06363,82.2,1,2,15,19,13.15,Apartment,Yes,Yes,Suburban,1010532,No
381,P01443,147.1,2,2,10,22,1.81,Duplex,No,Yes,Downtown,5064701,Yes
382,P05840,122.9,2,1,4,9,0.5,Apartment,Yes,Yes,Downtown,3895036,Yes
383,P02536,158.1,1,2,13,2,13.46,Duplex,No,Yes,Suburban,2609250,Yes
384,P02517,115.6,1,2,0,7,0.63,Apartment,No,Yes,Downtown,2608812,Yes
385,P00492,,3,3,1,0,6.28,Duplex,No,No,Suburban,1579812,Yes
386,P00375,178.6,4,3,11,6,2.66,Duplex,Yes,Yes,Downtown,3297146,Yes
387,P02092,105.4,1,1,7,1,25,Apartment,No,No,Outskirts,850711,No
388,P00057,,3,2,4,4,4.69,Duplex,Yes,Yes,Residential,1644880,Yes
389,P06012,50,1,2,2,3,5.92,Apartment,No,Yes,Suburban,1300366,No
390,P08622,141.3,3,3,4,,16.09,Duplex,No,Yes,Suburban,3304686,No
391,P04290,57.4,1,2,6,14,11.59,Apartment,Yes,Yes,Suburban,763040,Yes
392,P07486,,3,3,15,20,2.09,Duplex,No,Yes,Suburban,2307907,Yes
393,P05069,148.4,1,1,0,9,6.23,Villa,No,No,Residential,5664396,No
394,P07596,119.3,3,2,2,4,10.83,Villa,Yes,Yes,Outskirts,2301366,No
395,P03668,66.8,1,2,0,12,1.64,Apartment,Yes,No,Downtown,1235073,Yes
396,P08746,183.4,3,2,12,40,2.37,Duplex,No,Yes,Residential,2907117,Yes
397,P06548,85.5,2,2,1,12,9.77,Apartment,No,No,Suburban,927306,Yes
398,P01684,135.3,1,2,6,8,5.62,Duplex,No,Yes,Residential,1384903,Yes
399,P08512,177.8,3,3,15,1,14.96,Duplex,Yes,Yes,Suburban,3274985,No
400,P04459,,2,2,10,0,0.87,Apartment,No,Yes,Downtown,1985171,Yes
401,P03866,75.1,2,1,8,2,4.54,Apartment,No,No,Residential,1438669,No
402,P07661,94.6,1,1,1,11,5.77,Apartment,Yes,Yes,Residential,1738537,Yes
403,P03388,50,1,1,6,3,12.52,Apartment,Yes,Yes,Outskirts,904328,No
404,P03332,255.4,3,2,14,11,5.43,Villa,No,Yes,Residential,5120372,Yes
405,P08983,256.8,5,4,7,3,8.69,Villa,Yes,Yes,Suburban,5120743,Yes
406,P05563,133.7,3,2,14,5,1.81,Apartment,Yes,Yes,Downtown,5537028,Yes
407,P01441,76,2,2,13,5,7.77,Apartment,No,No,Residential,1702461,Yes
408,P04677,82.4,1,1,6,9,0.5,Apartment,No,Yes,Downtown,2961466,No
409,P06510,61.2,2,2,0,13,15.1,Apartment,Yes,Yes,Suburban,643383,No
410,P06978,273.2,6,4,11,1,0.75,Villa,No,Yes,Downtown,4666625,Yes
411,P04722,100.7,1,2,13,40,9.35,Apartment,No,No,Suburban,819109,No
412,P06130,216,4,2,8,2,2.33,Duplex,Yes,Yes,Downtown,5259919,Yes
413,P06828,109.8,2,2,8,,14.91,Apartment,No,Yes,Outskirts,1657719,No
414,P01303,196.5,2,2,0,19,11.73,Villa,No,No,Suburban,3407489,Yes
415,P08133,130,1,1,4,18,16.8,Apartment,Yes,No,Outskirts,673238,No
416,P08557,212.8,2,2,15,40,8.03,Duplex,No,Yes,Suburban,3608489,Yes
417,P03638,198.8,2,2,5,5,5.66,Villa,No,No,Residential,5478420,Yes
418,P07781,53.9,1,1,14,,18.08,Apartment,No,Yes,Suburban,722046,Yes
419,P05794,217.3,4,2,0,2,2,Duplex,No,No,Downtown,5250350,Yes
420,P02857,104.1,1,1,12,25,11.09,Apartment,Yes,No,Suburban,2249624,Yes
421,P07799,135.5,1,2,12,0,5.81,Apartment,No,No,Residential,2916127,Yes
422,P03734,57.9,1,2,11,16,13.78,Apartment,Yes,Yes,Suburban,881573,No
423,P00385,300,4,3,4,6,9.72,Villa,Yes,Yes,Residential,4805449,Yes
424,P00771,156.5,3,2,0,4,5.25,Villa,No,Yes,Residential,4897134,Yes
425,P02036,123.3,1,2,4,1,8.94,Duplex,No,Yes,Suburban,2079973,Yes
426,P03324,70.8,1,1,10,7,15.83,Apartment,Yes,Yes,Outskirts,1519056,No
427,P08208,110.1,3,2,15,12,8.3,Duplex,No,Yes,Residential,2163165,Yes
428,P03284,68.9,1,2,9,3,1.46,Apartment,No,Yes,Downtown,882973,Yes
429,P04728,83.3,2,1,9,10,0.77,Apartment,Yes,No,Residential,2415469,No
430,P01527,,4,3,11,3,7.5,Duplex,Yes,Yes,Residential,1905872,Yes
431,P08741,223.3,4,2,5,8,0.5,Villa,No,Yes,Downtown,9479638,Yes
432,P03127,188.1,2,1,12,0,9.56,Duplex,Yes,No,Suburban,3522799,Yes
433,P07984,58.4,1,2,8,10,18.94,Apartment,Yes,No,Outskirts,726726,No
434,P00935,113.2,2,2,7,2,9.12,Apartment,Yes,Yes,Suburban,3007351,Yes
435,P08229,99.3,1,1,7,20,19.97,Apartment,Yes,Yes,Outskirts,920043,Yes
436,P00616,162.8,2,2,11,9,4.68,Duplex,No,Yes,Suburban,3777721,Yes
437,P02216,90.5,1,2,4,8,0.5,Apartment,Yes,No,Downtown,2809744,No
438,P01877,,1,1,6,7,3.42,Apartment,No,Yes,Residential,991938,Yes
439,P04758,102.1,2,2,7,13,16.16,Apartment,No,No,Outskirts,664983,No
440,P08511,70.6,1,1,2,11,11.32,Apartment,No,Yes,Residential,1122862,Yes
441,P08454,194.4,2,2,0,29,11.55,Villa,No,No,Outskirts,2128869,No
442,P02247,189.1,3,2,13,24,5.03,Duplex,Yes,Yes,Residential,3340313,No
443,P07227,66.4,1,2,9,16,0.8,Apartment,No,No,Downtown,1375963,Yes
444,P05716,70.1,1,2,1,6,1.99,Apartment,No,Yes,Downtown,1698725,Yes
445,P04582,120.7,2,2,6,6,16.16,Apartment,No,Yes,Suburban,1774747,Yes
446,P02899,176.2,3,3,12,1,17.58,Duplex,No,Yes,Suburban,1938553,Yes
447,P01525,186.7,2,1,12,6,7.48,Duplex,Yes,Yes,Suburban,2132173,Yes
448,P02005,141.4,1,1,3,1,2.86,Villa,No,Yes,Downtown,4045424,Yes
449,P07949,,1,2,11,11,8.49,Apartment,Yes,Yes,Residential,2346716,Yes
450,P07881,61.8,1,2,15,23,2.65,Apartment,Yes,No,Residential,1842699,No
451,P04248,50,1,1,7,10,0.5,Apartment,Yes,No,Downtown,1119799,Yes
452,P07788,123.7,3,3,5,12,13.38,Apartment,No,Yes,Outskirts,1762035,No
453,P02040,68.9,1,1,9,9,8.94,Apartment,No,No,Suburban,1055415,No
454,P05413,133.5,1,2,3,19,4.42,Villa,No,No,Residential,3481932,Yes
455,P08380,,4,2,3,6,4.46,Villa,Yes,No,Residential,5050281,Yes
456,P06477,297.2,5,4,11,3,10.97,Villa,No,No,Suburban,5716925,No
457,P03160,171.5,3,2,9,14,6.18,Duplex,Yes,Yes,Residential,4213733,No
458,P03917,96.8,2,2,15,9,18.24,Apartment,No,Yes,Suburban,632057,Yes
459,P06564,264.4,3,2,3,8,15.51,Villa,No,Yes,Outskirts,3781451,Yes
460,P02414,,4,3,5,16,6.96,Duplex,No,Yes,Suburban,3520000,No
461,P03158,50,2,1,6,9,1,Apartment,Yes,Yes,Downtown,1303232,Yes
462,P00583,,4,3,12,0,0.74,Villa,No,No,Downtown,6314905,Yes
463,P08078,224.5,4,3,7,11,4.95,Duplex,No,No,Residential,6057014,No
464,P03084,300,6,4,2,10,18.06,Villa,Yes,No,Suburban,9037049,No
465,P00904,115.1,2,1,1,22,9.82,Apartment,No,No,Residential,3081086,Yes
466,P04234,121.1,3,2,3,0,19.01,Apartment,Yes,Yes,Suburban,1846513,Yes
467,P08693,183.3,3,3,1,0,1.68,Villa,Yes,No,Downtown,4481048,No
468,P01990,172.4,4,3,5,6,0.79,Apartment,No,No,Downtown,5314247,Yes
469,P03156,84,1,2,4,34,4.98,Apartment,No,Yes,Residential,1519768,Yes
470,P05352,194.2,4,3,3,17,12.36,Villa,No,Yes,Suburban,4930466,No
471,P02868,152,3,2,15,4,11.71,Duplex,No,Yes,Suburban,2949988,Yes
472,P05727,271.7,4,3,1,1,13.7,Villa,No,Yes,Suburban,4745055,No
473,P00489,125.3,1,1,0,28,5.09,Apartment,No,No,Suburban,1881458,No
474,P08675,106.3,2,1,5,30,1.24,Apartment,Yes,No,Downtown,2549951,Yes
475,P03588,75,1,2,7,5,6.44,Apartment,No,Yes,Residential,2583662,No
476,P00897,127.1,3,2,12,16,5.65,Duplex,Yes,Yes,Residential,1677426,Yes
477,P00163,125.9,1,2,0,8,2.3,Apartment,Yes,Yes,Residential,2383953,Yes
478,P01666,115.7,1,2,15,16,15.69,Apartment,No,Yes,Outskirts,1482393,No
479,P06423,180.9,4,2,1,1,8.82,Villa,No,Yes,Suburban,5111413,Yes
480,P06268,98.6,1,2,11,40,21.05,Duplex,No,Yes,Outskirts,1485399,No
481,P01803,70.6,1,1,1,4,2.29,Apartment,Yes,Yes,Downtown,3129994,No
482,P05480,76.6,1,1,11,25,19.75,Apartment,No,Yes,Outskirts,757828,No
483,P02283,140.1,3,3,14,1,4.38,Apartment,No,Yes,Residential,3382505,Yes
484,P08212,78,1,2,1,0,21.33,Apartment,No,Yes,Outskirts,1059255,No
485,P03095,112.7,1,2,10,23,7.56,Duplex,No,Yes,Residential,1896818,Yes
486,P01345,90.7,1,2,3,9,9.7,Apartment,No,Yes,Outskirts,1811719,No
487,P06307,211.3,3,2,3,9,10.75,Villa,Yes,Yes,Suburban,3150739,No
488,P06597,225.3,5,3,12,16,6.06,Villa,No,No,Residential,6213826,Yes
489,P05833,59.4,1,1,0,5,3.23,Apartment,No,No,Residential,712307,Yes
490,P02467,185.6,4,3,11,18,9.98,Duplex,Yes,Yes,Outskirts,3402769,No
491,P03930,245.8,4,2,7,0,15.82,Duplex,No,Yes,Outskirts,3566716,Yes
492,P02748,218.5,5,4,9,1,0.5,Villa,No,No,Downtown,7121568,Yes
493,P07726,245.1,5,3,3,26,2.68,Villa,No,Yes,Residential,5602874,Yes
494,P01486,80.9,2,1,8,6,2.37,Apartment,No,No,Downtown,1572417,Yes
495,P08102,169,2,2,4,4,0.5,Duplex,No,Yes,Downtown,3410041,Yes
496,P07601,55.5,1,1,0,14,21.13,Apartment,No,No,Outskirts,500159,No
497,P02418,135.9,3,2,6,15,13.66,Duplex,No,No,Suburban,2705266,Yes
498,P04092,190.1,3,2,2,14,16.42,Villa,No,Yes,Suburban,4542843,No
499,P03166,99.2,2,2,15,0,5.79,Apartment,No,Yes,Suburban,2479801,Yes
500,P03184,63,1,1,8,10,2.09,Apartment,Yes,No,Downtown,1844483,Yes
501,P01236,112.2,2,2,15,12,0.5,Apartment,No,No,Downtown,3829569,Yes
502,P08685,163.3,2,2,2,12,4.48,Duplex,Yes,Yes,Residential,5206979,Yes
503,P05635,97.4,1,1,3,26,0.5,Apartment,No,Yes,Downtown,3067864,Yes
504,P08162,176,4,2,11,4,16.4,Duplex,Yes,Yes,Suburban,3252794,No
505,P00843,88.9,2,1,10,19,11.59,Apartment,No,Yes,Suburban,1480413,No
506,P06021,72.7,2,2,14,17,20.26,Apartment,Yes,Yes,Outskirts,1285331,No
507,P02706,130.4,1,1,8,3,7.05,Duplex,Yes,No,Residential,1859350,Yes
508,P05524,178.7,3,3,2,7,10.31,Villa,No,Yes,Suburban,4982092,Yes
509,P06339,90.2,2,2,12,26,1.41,Apartment,No,Yes,Downtown,3399770,No
510,P02949,156.8,3,3,10,4,25,Duplex,No,Yes,Outskirts,2354839,No
511,P01111,155.9,3,3,8,10,0.5,Duplex,No,Yes,Downtown,3784284,Yes
512,P01708,193.6,4,2,10,27,4.65,Villa,No,Yes,Residential,4494171,No
513,P02649,120.8,2,2,2,4,13.76,Apartment,No,Yes,Suburban,1888293,No
514,P03842,227.6,4,2,1,2,17.54,Villa,No,Yes,Suburban,3656919,No
515,P06406,152.3,2,2,10,12,11.06,Apartment,No,No,Suburban,1768512,No
516,P08360,134.2,2,1,0,1,3.2,Duplex,Yes,Yes,Downtown,5486696,Yes
517,P08563,72.7,1,2,2,27,23.65,Apartment,Yes,Yes,Outskirts,250369,No
518,P07798,95.4,1,1,3,14,15.51,Apartment,Yes,Yes,Outskirts,998233,Yes
519,P04259,159,1,2,5,11,17.5,Villa,No,Yes,Outskirts,2259847,Yes
520,P04268,147,1,2,3,21,19,Apartment,No,No,Outskirts,1271869,No
521,P06147,73.5,1,2,0,7,10.21,Apartment,No,No,Suburban,1714421,No
522,P01966,300,6,4,0,19,0.5,Villa,No,Yes,Downtown,3359229,Yes
523,P04668,263.1,5,3,6,0,6.16,Villa,Yes,No,Residential,5569581,Yes
524,P00315,291.2,4,3,3,2,3.34,Villa,No,No,Residential,9312326,Yes
525,P08409,137,1,1,8,5,16.87,Duplex,Yes,No,Outskirts,2673075,No
526,P02496,81.3,1,2,4,3,7.09,Apartment,No,Yes,Suburban,944797,Yes
527,P07483,92.8,2,1,9,2,7.05,Duplex,No,Yes,Suburban,2160034,Yes
528,P06305,,3,2,0,1,11.71,Apartment,Yes,Yes,Suburban,2600123,Yes
529,P04484,124.2,3,2,6,1,10.08,Apartment,Yes,No,Residential,1411963,Yes
530,P05648,201.6,4,3,12,5,1.11,Villa,No,Yes,Downtown,7013201,Yes
531,P04316,,1,1,4,7,16.69,Apartment,Yes,No,Suburban,1959393,Yes
532,P08968,73.4,1,2,8,1,4.68,Apartment,No,Yes,Residential,1707263,Yes
533,P06814,115.7,2,1,7,,2.24,Apartment,No,Yes,Downtown,3580776,Yes
534,P03117,75.1,1,1,12,11,0.66,Apartment,Yes,No,Downtown,3015714,Yes
535,P07909,74,2,1,7,20,3.57,Apartment,No,Yes,Suburban,1743464,Yes
536,P04750,92.7,1,2,4,20,2.02,Apartment,No,Yes,Downtown,2214915,Yes
537,P08541,91.9,1,1,1,21,0.5,Apartment,Yes,Yes,Downtown,1839461,Yes
538,P01261,201,3,3,14,14,0.9,Duplex,No,Yes,Downtown,5405719,Yes
539,P07131,139.3,2,2,9,21,6.33,Duplex,Yes,Yes,Residential,2708645,Yes
540,P00653,180.9,2,2,11,14,7,Villa,Yes,Yes,Suburban,4768065,No
541,P02347,120.7,2,1,1,16,11.8,Apartment,Yes,No,Outskirts,2053282,No
542,P03679,62.4,2,2,5,1,6.47,Apartment,No,No,Residential,1023434,Yes
543,P05204,114,2,2,9,2,2.98,Duplex,Yes,Yes,Residential,3190661,Yes
544,P05488,179.8,2,1,0,1,1.28,Villa,Yes,Yes,Downtown,4121308,Yes
545,P04955,55.6,1,2,4,9,8.7,Apartment,No,No,Residential,1179374,Yes
546,P03039,129.8,1,2,7,40,1.33,Apartment,No,Yes,Downtown,2665528,Yes
547,P06874,91.1,1,2,0,,8.28,Apartment,No,Yes,Residential,1865808,No
548,P04386,141.1,1,2,3,1,13.46,Apartment,Yes,Yes,Outskirts,2830209,No
549,P06422,85.6,1,1,11,5,10.24,Apartment,Yes,Yes,Suburban,1454287,No
550,P00222,94.8,1,2,3,6,2.94,Apartment,Yes,No,Residential,1374120,Yes
551,P05231,264.2,4,3,1,8,19.63,Villa,No,No,Outskirts,4320348,No
552,P08674,216.9,5,4,8,19,1.07,Duplex,No,Yes,Downtown,7562000,Yes
553,P08553,132,1,1,0,16,8.88,Duplex,No,Yes,Suburban,2199729,No
554,P07078,74.8,1,2,10,6,23.59,Apartment,No,No,Outskirts,567272,No
555,P01569,224.7,4,2,2,13,7.06,Villa,No,Yes,Residential,5396921,Yes
556,P06677,240.8,3,2,1,2,3.64,Villa,Yes,Yes,Residential,5014930,Yes
557,P02807,,1,1,3,0,2.58,Duplex,No,Yes,Residential,2357588,Yes
558,P05099,97.9,2,1,14,4,21.92,Apartment,No,No,Outskirts,850990,No
559,P04453,267.6,4,3,0,29,8.44,Villa,No,Yes,Suburban,4648253,Yes
560,P05499,,1,2,13,11,0.5,Apartment,Yes,Yes,Downtown,3556419,No
561,P04022,,2,2,6,12,1.75,Apartment,No,Yes,Downtown,2666619,Yes
562,P02182,229.4,5,4,5,11,7.4,Villa,No,Yes,Outskirts,3053567,Yes
563,P06553,156.1,1,1,2,34,11.57,Duplex,Yes,Yes,Outskirts,2213800,No
564,P02652,193.2,4,2,0,15,0.5,Villa,No,Yes,Residential,2471933,Yes
565,P04301,125.9,3,2,9,9,6.05,Duplex,No,Yes,Residential,4160754,Yes
566,P06707,137,3,3,4,4,1.22,Apartment,Yes,No,Downtown,3239005,Yes
567,P08329,192.6,2,1,10,40,15.43,Duplex,Yes,Yes,Outskirts,4467080,No
568,P07795,259.9,3,3,2,2,8.6,Villa,Yes,No,Suburban,7215236,Yes
569,P03817,87,1,2,13,2,5.55,Apartment,Yes,Yes,Residential,1937171,Yes
570,P02968,114.2,1,2,9,0,2.61,Apartment,No,Yes,Residential,2470861,Yes
571,P01137,153.5,3,2,4,12,4.29,Apartment,No,No,Residential,4237034,Yes
572,P01442,88.6,1,2,4,18,1.08,Apartment,Yes,Yes,Downtown,3355347,Yes
573,P01269,214.2,2,2,7,30,3.38,Villa,No,Yes,Residential,4603306,Yes
574,P00540,112.5,2,2,8,,18.71,Apartment,No,Yes,Outskirts,1008440,No
575,P08945,71.1,2,2,0,23,12.19,Duplex,No,No,Suburban,1282112,No
576,P01344,131.3,1,2,5,2,6.99,Apartment,No,Yes,Suburban,2484461,Yes
577,P04914,130.6,3,2,5,24,13.58,Apartment,No,No,Outskirts,1512863,No
578,P07321,70.5,1,1,12,1,1.82,Apartment,No,Yes,Downtown,2084784,Yes
579,P02285,123.8,3,3,14,2,5.61,Apartment,Yes,No,Residential,4391616,Yes
580,P04252,258,4,2,1,13,2.29,Villa,No,No,Downtown,8323612,Yes
581,P04779,,4,3,0,2,5.3,Villa,No,Yes,Residential,3430281,Yes
582,P06134,144.7,3,3,5,13,7.37,Apartment,Yes,Yes,Residential,4936887,No
583,P03658,91.2,1,2,8,12,5.32,Apartment,No,Yes,Residential,2785724,Yes
584,P09000,89.8,1,1,3,28,7.15,Apartment,No,Yes,Suburban,1740275,Yes
585,P08496,165.9,4,2,0,6,10.36,Villa,No,Yes,Suburban,4643797,Yes
586,P08258,132.3,2,2,1,16,8.91,Duplex,No,Yes,Residential,4459239,No
587,P05397,181.9,3,3,9,9,6.63,Duplex,Yes,No,Residential,6504983,Yes
588,P03683,51.6,1,1,8,2,5.04,Apartment,No,Yes,Residential,850495,Yes
589,P06592,88.1,1,2,1,40,11.4,Apartment,Yes,No,Suburban,643201,No
590,P03440,133,1,2,9,0,8.37,Apartment,Yes,Yes,Suburban,3902911,Yes
591,P01145,226.8,5,4,5,7,5.47,Villa,No,Yes,Residential,5434183,Yes
592,P06054,117.1,1,1,11,10,9.59,Apartment,Yes,Yes,Residential,3162566,Yes
593,P03535,114.7,2,1,3,18,12.95,Apartment,No,No,Suburban,2105492,Yes
594,P04721,136.3,3,3,15,28,3.84,Duplex,No,No,Residential,3582475,Yes
595,P00724,121.8,3,3,14,15,16.68,Duplex,Yes,Yes,Outskirts,2800036,No
596,P03204,75.6,2,1,11,3,9.54,Apartment,No,Yes,Suburban,1116714,Yes
597,P07964,261,4,3,2,10,12.62,Villa,No,Yes,Suburban,2144030,Yes
598,P07230,110,3,3,11,6,22.3,Apartment,No,No,Outskirts,1689174,No
599,P02039,66.6,2,2,1,7,15.69,Apartment,No,No,Suburban,888315,No
600,P07293,58.8,2,2,5,15,23.92,Apartment,Yes,Yes,Outskirts,714141,No
601,P03547,148.1,2,2,1,1,5.49,Duplex,No,Yes,Residential,2667210,Yes
602,P07651,191.8,3,3,4,7,19.88,Duplex,No,Yes,Outskirts,3418275,No
603,P07721,72.7,1,2,6,11,0.94,Apartment,No,Yes,Downtown,2736350,Yes
604,P00876,100.9,1,2,0,1,19.22,Apartment,No,Yes,Outskirts,1700082,No
605,P05899,163.8,4,2,10,1,15.08,Duplex,No,Yes,Suburban,2112378,No
606,P03625,55.3,1,1,11,25,7.04,Apartment,No,No,Suburban,719271,Yes
607,P02095,156.2,3,3,15,2,16.8,Apartment,No,No,Outskirts,1660329,Yes
608,P07211,56.7,2,2,7,25,6.37,Apartment,No,No,Suburban,969574,No
609,P08626,55.1,2,2,11,28,2.39,Apartment,No,Yes,Downtown,1679378,Yes
610,P04796,129.7,3,2,11,3,0.5,Apartment,No,Yes,Downtown,3341738,Yes
611,P06940,111.5,3,2,14,13,5.21,Apartment,No,Yes,Residential,3317737,Yes
612,P01643,149.8,1,2,14,10,7.04,Apartment,No,Yes,Residential,1610946,No
613,P04557,90,1,1,6,2,15.2,Apartment,No,No,Suburban,1333438,No
614,P08992,119.3,1,2,13,20,0.55,Apartment,Yes,No,Downtown,3845260,Yes
615,P01778,106.8,3,2,7,32,8.49,Apartment,Yes,Yes,Residential,2326272,Yes
616,P01112,75.7,1,1,9,40,5.5,Apartment,No,No,Residential,1031944,No
617,P01936,124,2,1,2,12,0.56,Apartment,Yes,No,Downtown,4468802,Yes
618,P02664,135.7,1,2,15,10,3,Apartment,No,No,Residential,2582029,Yes
619,P03923,163.1,4,3,0,34,4.56,Villa,No,Yes,Residential,6994853,No
620,P04221,93.5,1,2,3,3,1.2,Duplex,No,No,Downtown,2710447,Yes
621,P04933,249,3,3,0,5,15.42,Villa,No,No,Suburban,3558764,Yes
622,P02259,124.1,2,1,0,11,2.11,Villa,No,Yes,Downtown,4018910,Yes
623,P00459,227.2,3,2,0,1,15.54,Villa,Yes,No,Suburban,4258598,No
624,P01681,198.1,3,2,3,11,12.03,Duplex,Yes,No,Suburban,4072669,No
625,P08115,190,2,2,11,35,0.5,Duplex,No,Yes,Downtown,7471730,No
626,P00739,153,1,1,1,4,5.4,Duplex,Yes,Yes,Residential,4528823,Yes
627,P00228,50,1,1,11,8,11.25,Apartment,No,Yes,Suburban,990227,Yes
628,P02458,75,2,1,8,1,0.5,Apartment,Yes,No,Downtown,1537777,Yes
629,P03397,76.7,2,1,3,5,1.3,Apartment,No,No,Downtown,1633847,Yes
630,P04169,256.9,5,3,4,9,10.48,Villa,No,No,Suburban,7047492,No
631,P01618,168.7,4,3,1,1,11.5,Villa,No,Yes,Suburban,4422059,Yes
632,P02515,199.9,3,2,0,14,2.51,Villa,No,Yes,Residential,4999730,Yes
633,P08905,103.2,2,1,13,14,12.26,Apartment,No,Yes,Outskirts,1534945,No
634,P06488,128.6,2,2,13,7,12.44,Apartment,No,No,Suburban,1876124,Yes
635,P05627,234.6,3,2,9,15,11.51,Villa,No,Yes,Suburban,4203724,Yes
636,P03208,,1,2,12,8,1.84,Apartment,No,No,Downtown,1703269,No
637,P08705,66.7,1,2,12,,5.68,Apartment,Yes,No,Residential,1256542,Yes
638,P04161,77.3,2,2,2,18,9.43,Apartment,No,Yes,Suburban,1651383,No
639,P07991,181.4,3,2,4,6,10,Duplex,No,Yes,Suburban,3574946,Yes
640,P00923,168.7,4,3,1,6,6.68,Duplex,No,Yes,Suburban,3936703,No
641,P03291,280.6,6,4,8,18,4.26,Villa,No,No,Residential,10671576,Yes
642,P08059,91.8,2,1,2,32,5.19,Apartment,No,No,Suburban,1092241,No
643,P00101,137.2,2,1,2,1,17.2,Apartment,No,Yes,Outskirts,1348131,No
644,P06893,171.7,4,2,1,2,0.5,Duplex,No,Yes,Downtown,6994400,Yes
645,P03183,220.8,3,2,3,13,5.85,Villa,No,Yes,Residential,7038648,No
646,P07216,89.2,1,2,9,16,0.5,Apartment,Yes,No,Downtown,2800156,No
647,P07776,79.8,2,2,6,14,4.59,Apartment,No,Yes,Residential,2263052,No
648,P04410,110.6,2,2,4,18,0.5,Apartment,No,Yes,Downtown,2745980,Yes
649,P06844,163.2,4,3,1,6,8.76,Villa,No,Yes,Residential,3702288,Yes
650,P08792,181.7,3,3,15,37,23.7,Duplex,Yes,Yes,Outskirts,4529382,No
651,P08709,192.1,2,2,1,3,0.89,Villa,Yes,No,Downtown,3163188,Yes
652,P02714,219.7,3,3,11,33,0.5,Duplex,Yes,Yes,Downtown,5511837,Yes
653,P03991,,4,3,2,3,22.03,Duplex,No,No,Outskirts,2400617,Yes
654,P05388,93.1,2,1,11,12,0.87,Apartment,No,No,Downtown,1889402,Yes
655,P05923,,1,1,1,2,11.01,Apartment,Yes,Yes,Suburban,1633776,No
656,P01678,72.3,1,1,6,18,5.58,Apartment,No,Yes,Residential,2089857,Yes
657,P02422,106.1,2,1,6,5,1.64,Apartment,Yes,Yes,Downtown,3134052,Yes
658,P03773,88,2,2,3,10,14.82,Apartment,No,Yes,Suburban,1942028,No
659,P01158,103.3,1,2,5,0,0.62,Apartment,No,Yes,Downtown,2552671,Yes
660,P04387,126.1,2,1,12,13,5.23,Apartment,Yes,Yes,Residential,2660200,Yes
661,P00718,,1,2,6,8,0.82,Apartment,Yes,No,Downtown,2971065,Yes
662,P04829,106.6,2,1,8,12,9.38,Apartment,No,No,Suburban,1641022,Yes
663,P02290,50,1,2,5,5,7.17,Apartment,No,Yes,Residential,254452,Yes
664,P00413,145.7,1,2,7,18,0.69,Duplex,Yes,Yes,Downtown,3928906,Yes
665,P03675,137,3,3,2,40,12.93,Duplex,No,Yes,Suburban,1519511,Yes
666,P07670,50,1,1,11,9,8.51,Apartment,No,No,Suburban,1190108,No
667,P06986,191,4,3,10,4,0.5,Duplex,No,Yes,Suburban,4900423,No
668,P08180,242.1,5,4,8,6,2.18,Villa,Yes,Yes,Residential,2483037,Yes
669,P03984,106.4,1,1,3,14,7.94,Apartment,No,No,Residential,2588098,Yes
670,P07851,115.8,1,2,11,18,10.25,Apartment,No,Yes,Suburban,1385048,Yes
671,P06775,113.7,2,2,9,18,5.93,Apartment,No,No,Suburban,1675616,Yes
672,P05095,68.6,2,1,15,22,18.93,Apartment,No,No,Outskirts,322999,No
673,P06944,80.8,2,2,7,7,7.8,Apartment,Yes,No,Suburban,1241806,No
674,P03275,50,1,1,13,6,7.73,Apartment,Yes,No,Suburban,271927,No
675,P02637,90.6,1,1,10,12,3.24,Apartment,No,Yes,Residential,1202912,Yes
676,P06768,50,2,1,14,5,5.54,Apartment,No,No,Residential,1251343,Yes
677,P00416,174.6,4,3,14,1,4.43,Duplex,No,Yes,Residential,4045658,Yes
678,P03693,123,1,1,2,4,1.78,Apartment,No,Yes,Downtown,3276834,Yes
679,P00122,289.7,6,4,0,24,5.58,Villa,No,Yes,Suburban,6033845,Yes
680,P00063,77.4,2,1,6,25,6.84,Apartment,No,Yes,Suburban,631169,Yes
681,P05677,131.3,1,1,14,17,0.66,Duplex,No,Yes,Downtown,2459176,Yes
682,P06731,,1,1,3,15,14.57,Apartment,Yes,Yes,Outskirts,600832,No
683,P06976,50,1,2,5,24,1.07,Apartment,No,No,Downtown,1010079,No
684,P08917,158.1,2,2,5,3,13.34,Duplex,No,Yes,Suburban,1712495,No
685,P07754,101.8,2,1,4,10,18.14,Apartment,No,No,Outskirts,1623263,Yes
686,P00243,97.6,1,2,7,9,7.86,Apartment,Yes,No,Residential,1919134,Yes
687,P05213,107.6,1,2,5,35,25,Apartment,Yes,No,Outskirts,625128,No
688,P07879,52.7,1,2,0,4,13.56,Apartment,No,Yes,Outskirts,515150,No
689,P06785,64.6,2,2,12,4,9.58,Apartment,Yes,Yes,Suburban,1408129,Yes
690,P06696,115.5,3,2,8,1,6.48,Duplex,Yes,No,Residential,3556726,No
691,P01707,122.2,3,2,0,0,0.68,Villa,No,Yes,Downtown,4595925,Yes
692,P07250,82.2,1,2,10,24,14.58,Apartment,No,No,Suburban,1900669,No
693,P04183,85.8,1,1,14,0,10.87,Apartment,No,No,Suburban,1480591,Yes
694,P04563,221.3,4,2,3,13,2.71,Villa,No,Yes,Residential,3701638,Yes
695,P06063,83.2,1,1,13,2,1.23,Apartment,No,Yes,Downtown,2061751,Yes
696,P05872,162.2,2,1,8,11,4.74,Apartment,No,Yes,Residential,3207712,Yes
697,P00668,102.5,1,2,9,4,20.69,Apartment,No,Yes,Outskirts,1083998,No
698,P08893,50,2,2,4,12,12.37,Apartment,No,Yes,Suburban,908912,Yes
699,P07925,146.6,2,2,13,8,25,Duplex,No,Yes,Outskirts,1545309,Yes
700,P00797,226.3,3,3,2,38,2.07,Villa,No,Yes,Downtown,7507490,Yes
701,P00214,198.3,3,3,2,26,12.84,Villa,No,Yes,Outskirts,4916758,No
702,P06951,123.7,3,3,7,1,9.03,Apartment,No,No,Suburban,1392553,No
703,P05193,66.7,2,1,4,8,1.26,Apartment,No,Yes,Downtown,2070240,Yes
704,P04887,80.7,2,1,10,3,0.5,Apartment,Yes,Yes,Downtown,1458164,Yes
705,P08373,212.8,4,2,5,1,6.6,Duplex,No,Yes,Residential,4962586,Yes
706,P00806,78.7,1,1,12,2,0.92,Apartment,No,Yes,Downtown,1910786,Yes
707,P04504,172.2,2,1,12,27,7.16,Duplex,No,Yes,Residential,3136490,Yes
708,P05988,126,3,3,6,4,6.92,Apartment,Yes,Yes,Residential,2958654,Yes
709,P07478,97.8,1,1,0,40,7.39,Apartment,No,Yes,Residential,1925107,No
710,P04608,146.9,1,1,2,25,5.48,Villa,No,No,Residential,5283502,No
711,P07247,122.1,1,1,0,32,13.94,Apartment,No,No,Outskirts,2177893,No
712,P00541,107.1,1,1,9,40,15.53,Apartment,No,No,Outskirts,882392,No
713,P07890,116.1,3,2,15,22,12.07,Apartment,Yes,Yes,Suburban,931755,No
714,P01415,188.5,4,2,9,24,2.77,Duplex,No,Yes,Downtown,7993873,Yes
715,P07858,136,1,2,0,10,7.54,Duplex,No,Yes,Residential,3312476,Yes
716,P05910,120.5,1,2,2,11,1.79,Apartment,Yes,Yes,Downtown,3175238,Yes
717,P01998,50,2,1,15,9,8.68,Apartment,No,Yes,Residential,820466,Yes
718,P03031,162.7,3,2,15,1,9.34,Apartment,No,Yes,Suburban,2968876,Yes
719,P05879,205.7,4,2,1,5,15.22,Villa,Yes,Yes,Suburban,5675342,No
720,P07099,178.9,4,2,8,37,7.37,Duplex,No,Yes,Residential,4140407,Yes
721,P02569,132.9,1,2,1,2,6.74,Duplex,No,Yes,Suburban,2515674,No
722,P02375,109.8,2,1,14,39,1.93,Apartment,No,Yes,Residential,2602158,Yes
723,P02726,269.8,5,4,3,3,11.2,Villa,Yes,Yes,Suburban,4158754,Yes
724,P07974,154.3,1,1,14,21,1.74,Duplex,Yes,Yes,Downtown,3063898,Yes
725,P03377,94.5,1,2,12,14,1.01,Apartment,No,Yes,Downtown,2210209,No
726,P08464,169.7,3,2,1,16,20.85,Duplex,No,No,Outskirts,2584147,No
727,P02846,267.2,4,2,12,3,13.95,Villa,Yes,No,Suburban,4084193,No
728,P03712,,3,3,5,23,11.2,Apartment,Yes,Yes,Suburban,2057862,Yes
729,P01087,134.6,2,2,2,2,7.35,Apartment,No,Yes,Suburban,2423751,Yes
730,P02482,106.1,1,2,3,1,6.79,Apartment,No,No,Residential,2787816,No
731,P05028,82.9,1,1,1,11,5.61,Apartment,Yes,Yes,Residential,1814490,Yes
732,P03993,62.1,2,1,6,5,3.48,Apartment,Yes,No,Downtown,1762516,Yes
733,P00671,68.7,1,1,13,0,1.4,Apartment,No,No,Downtown,1688725,Yes
734,P04033,98.1,1,1,6,10,13.86,Apartment,No,Yes,Suburban,1428713,No
735,P02721,167.9,4,3,8,16,12.08,Duplex,Yes,Yes,Suburban,4091149,Yes
736,P05692,114.8,2,2,10,32,0.5,Duplex,No,Yes,Downtown,2167172,Yes
737,P00925,108.7,2,2,11,2,1.65,Apartment,Yes,Yes,Downtown,3926104,Yes
738,P01114,190.8,4,2,0,6,19.62,Villa,No,Yes,Outskirts,3422542,Yes
739,P00523,62.9,1,1,0,5,0.5,Apartment,No,Yes,Downtown,780709,Yes
740,P07514,264.4,3,3,9,5,9.93,Villa,No,Yes,Suburban,7626940,Yes
741,P03370,73.5,1,1,14,25,6.54,Apartment,No,Yes,Residential,1452879,Yes
742,P08879,211.1,4,2,1,8,0.5,Duplex,No,Yes,Downtown,5677756,Yes
743,P02307,130,2,1,10,6,11.78,Apartment,No,No,Suburban,2040192,No
744,P01495,107.4,1,1,1,28,7.59,Duplex,Yes,Yes,Residential,3437543,No
745,P02767,94.7,1,2,8,17,7.3,Apartment,No,Yes,Residential,1638234,Yes
746,P01330,,4,2,15,31,1.42,Duplex,No,No,Downtown,5274885,Yes
747,P07946,94.1,1,1,10,4,6.24,Apartment,Yes,Yes,Residential,1902392,Yes
748,P07395,172.6,3,3,0,14,17.3,Duplex,No,Yes,Outskirts,3825055,No
749,P03416,123.4,3,3,10,26,7.58,Apartment,Yes,No,Residential,4072726,Yes
750,P02634,61.2,1,2,10,14,6.26,Apartment,No,No,Suburban,1213631,No
751,P08892,144.7,2,1,11,9,12.28,Duplex,No,Yes,Suburban,2684035,Yes
752,P08241,200.8,4,3,3,8,1.68,Duplex,Yes,Yes,Downtown,6511734,Yes
753,P01164,160,4,3,11,4,2.02,Duplex,Yes,Yes,Downtown,2867814,No
754,P04709,285.9,4,3,7,5,1.78,Villa,No,No,Downtown,10639403,Yes
755,P08228,93.9,1,2,7,19,2.28,Duplex,Yes,Yes,Downtown,2582408,Yes
756,P03907,110,3,3,2,16,14.59,Apartment,No,No,Outskirts,2107554,No
757,P00211,71.2,1,2,3,30,11.36,Apartment,No,No,Suburban,997783,Yes
758,P00512,56.1,2,1,5,2,13.76,Apartment,Yes,Yes,Outskirts,1143820,No
759,P03855,,2,2,5,10,8.77,Apartment,No,Yes,Suburban,2053347,No
760,P05405,87.1,1,1,14,4,13.37,Apartment,No,No,Suburban,1286970,No
761,P00679,208.9,3,2,0,11,0.5,Villa,Yes,Yes,Downtown,4490643,Yes
762,P01196,194.7,2,1,15,23,1.91,Duplex,No,Yes,Downtown,3891877,Yes
763,P02718,150.6,1,2,9,5,21.55,Apartment,Yes,Yes,Outskirts,1693213,No
764,P07054,99.3,2,1,14,25,8.6,Apartment,Yes,No,Residential,1843482,Yes
765,P01437,94.6,1,2,3,1,5.05,Apartment,No,Yes,Residential,2282406,Yes
766,P01194,180.4,2,2,5,2,18,Villa,No,Yes,Outskirts,1824713,No
767,P00460,105.2,3,2,15,12,22.32,Apartment,No,No,Suburban,2277090,No
768,P06514,184.9,2,1,3,8,12.92,Villa,No,No,Suburban,2946991,No
769,P08650,79.1,2,1,15,4,9.46,Apartment,No,No,Suburban,698770,No
770,P04638,111,1,1,11,1,9.94,Apartment,Yes,Yes,Suburban,2729612,No
771,P03406,143.6,2,1,10,11,17.02,Apartment,No,Yes,Outskirts,1748871,Yes
772,P01901,60.2,1,2,2,7,15.38,Apartment,No,No,Suburban,831316,No
773,P07184,90.6,1,1,2,1,4.58,Apartment,No,Yes,Residential,2574713,Yes
774,P00733,50,2,1,7,15,1.46,Apartment,Yes,No,Downtown,1305141,No
775,P08760,99,1,2,2,0,1.1,Apartment,Yes,Yes,Downtown,3422620,Yes
776,P06534,138.9,1,1,11,5,2.24,Apartment,No,Yes,Downtown,3535074,Yes
777,P06352,96.5,1,1,0,20,18.05,Apartment,No,Yes,Outskirts,1302482,No
778,P08481,80.1,1,1,6,34,0.5,Duplex,No,Yes,Downtown,937840,Yes
779,P07105,108.5,3,2,11,29,3.09,Apartment,Yes,No,Residential,2476449,Yes
780,P05866,181,4,2,10,8,4.76,Duplex,No,Yes,Residential,4689853,No
781,P03977,122,1,1,0,25,1.46,Villa,No,Yes,Downtown,4209522,No
782,P06659,207.9,3,2,4,35,7.53,Duplex,No,Yes,Suburban,3912364,Yes
783,P08946,81.3,1,1,13,3,10.74,Apartment,No,No,Suburban,1729808,Yes
784,P00856,,3,3,8,5,2.74,Apartment,No,Yes,Residential,2451188,Yes
785,P05150,52.2,1,2,14,8,4.75,Apartment,No,Yes,Residential,1197452,Yes
786,P00893,251.3,5,4,7,,5.05,Duplex,No,No,Residential,3340935,Yes
787,P03802,131.9,1,1,2,24,6.69,Apartment,Yes,Yes,Residential,1633317,Yes
788,P07482,103.1,1,1,8,40,19.35,Apartment,No,Yes,Outskirts,911341,No
789,P03078,98.5,1,2,0,20,9.98,Apartment,No,Yes,Suburban,1546719,No
790,P01040,,1,2,3,23,0.61,Apartment,No,Yes,Downtown,2571872,Yes
791,P04784,259,5,3,3,35,5.98,Villa,Yes,No,Suburban,2737750,Yes
792,P05891,84.2,2,2,11,9,13.21,Apartment,Yes,No,Outskirts,1067298,No
793,P02102,56.9,1,2,5,0,0.9,Apartment,No,No,Downtown,1066258,Yes
794,P02574,50,1,1,12,22,18.44,Apartment,No,Yes,Outskirts,352131,No
795,P05790,104,1,1,7,11,4.16,Apartment,No,No,Residential,1641122,Yes
796,P04438,94.3,2,1,13,13,7.01,Apartment,No,No,Residential,2277406,No
797,P04529,101.1,2,1,7,10,2.41,Duplex,No,Yes,Residential,2260917,No
798,P05754,143.9,3,2,9,25,10.25,Duplex,Yes,Yes,Suburban,3684365,No
799,P05795,,2,2,0,7,12.3,Apartment,No,Yes,Suburban,2309613,No
800,P07564,142.1,3,2,14,2,3.33,Duplex,No,Yes,Residential,2546097,Yes
801,P03709,89.1,1,1,13,13,1.68,Apartment,Yes,No,Residential,1820307,Yes
802,P03572,153.6,1,1,14,4,1.24,Duplex,No,Yes,Downtown,4214152,Yes
803,P01539,140,1,2,3,1,14.6,Apartment,No,No,Outskirts,2481001,No
804,P04489,168.2,4,2,1,23,7.14,Duplex,Yes,No,Residential,3169233,No
805,P05182,97.2,1,1,2,12,8.2,Apartment,Yes,Yes,Residential,1938127,Yes
806,P06576,143.3,1,2,11,14,13.21,Duplex,No,Yes,Suburban,1577489,Yes
807,P03420,189.9,2,1,0,1,13.8,Villa,No,No,Outskirts,3868855,Yes
808,P08352,79.8,2,1,4,17,22.86,Apartment,No,No,Outskirts,1148084,No
809,P06800,77.3,2,1,13,32,0.97,Apartment,No,No,Downtown,1881239,Yes
810,P08568,182.2,4,2,3,9,3.78,Apartment,No,No,Residential,3767437,Yes
811,P04691,121.2,2,2,6,6,4.61,Apartment,Yes,Yes,Residential,1910377,Yes
812,P01926,117.9,2,2,5,1,1.16,Apartment,Yes,Yes,Downtown,2520913,Yes
813,P08620,216.2,4,3,5,14,3.59,Duplex,Yes,Yes,Suburban,3269779,Yes
814,P07945,107.5,2,1,0,13,7.9,Apartment,No,Yes,Suburban,1709084,No
815,P00182,115.3,3,2,10,5,12.01,Duplex,No,Yes,Outskirts,2287419,No
816,P04445,132,3,3,6,7,1.55,Apartment,No,Yes,Downtown,3116667,Yes
817,P05305,225.6,3,3,4,,1.46,Duplex,Yes,No,Downtown,5920348,Yes
818,P00209,117.1,1,1,12,6,2.44,Apartment,Yes,Yes,Downtown,3435378,Yes
819,P04054,96,1,1,7,11,1.77,Apartment,Yes,Yes,Residential,1701705,Yes
820,P08555,123.9,2,1,12,4,11.28,Apartment,No,Yes,Suburban,1350179,Yes
821,P02282,139.3,3,3,7,0,0.61,Duplex,Yes,Yes,Downtown,4230414,Yes
822,P00972,133.4,2,2,8,,0.5,Duplex,No,Yes,Downtown,3958970,Yes
823,P06928,224.3,5,4,7,2,23.74,Duplex,Yes,Yes,Outskirts,3230581,No
824,P05817,78.9,1,1,11,2,5.49,Apartment,No,Yes,Residential,1783318,Yes
825,P03710,188.3,2,1,13,6,10.91,Apartment,No,Yes,Suburban,3133725,No
826,P01225,101.2,1,1,13,30,0.5,Apartment,No,Yes,Downtown,2447030,Yes
827,P04206,,1,2,6,11,14.8,Apartment,No,Yes,Suburban,1626816,No
828,P06050,182.8,4,2,12,23,7.82,Duplex,Yes,No,Suburban,3129254,Yes
829,P02739,300,4,2,0,9,9.3,Villa,Yes,Yes,Suburban,5987198,Yes
830,P02474,,2,2,5,34,15.05,Apartment,Yes,Yes,Suburban,2706764,No
831,P00485,139.2,1,2,3,22,0.68,Duplex,No,No,Downtown,3579726,Yes
832,P01992,92.1,1,2,5,13,12.75,Apartment,No,Yes,Suburban,1921048,No
833,P04700,,1,2,1,6,10.45,Villa,No,Yes,Suburban,4426151,No
834,P01770,174.7,3,2,0,3,11.03,Duplex,No,Yes,Outskirts,1701353,Yes
835,P00288,145.9,2,2,6,27,3.96,Apartment,No,Yes,Residential,4245374,Yes
836,P01280,117.7,2,2,13,1,19.25,Duplex,No,Yes,Suburban,2569112,Yes
837,P02977,193.6,3,2,7,15,10.52,Villa,No,Yes,Suburban,3932523,Yes
838,P04194,122.3,3,3,5,19,17.17,Duplex,No,Yes,Outskirts,3168765,No
839,P04713,135.6,1,2,10,31,11.72,Duplex,No,Yes,Suburban,2957028,No
840,P04770,242,5,3,2,25,10.17,Villa,No,No,Suburban,4107716,No
841,P07470,109.6,3,3,2,13,13.2,Apartment,No,No,Suburban,1512316,Yes
842,P02646,291.2,6,4,1,36,23.62,Villa,No,Yes,Outskirts,2195317,No
843,P00048,96.1,1,1,6,9,4.17,Apartment,No,Yes,Residential,2034065,No
844,P02407,97.1,2,1,15,40,10.83,Apartment,Yes,Yes,Suburban,2082709,Yes
845,P07267,97.9,1,2,2,0,0.85,Apartment,No,No,Residential,2069868,Yes
846,P05315,61.8,1,2,14,3,3.04,Apartment,Yes,No,Residential,947954,Yes
847,P01945,213,3,3,15,3,25,Duplex,Yes,Yes,Outskirts,2968658,No
848,P03701,161.8,4,2,1,33,25,Villa,Yes,Yes,Outskirts,3152000,No
849,P03873,166.7,2,2,1,11,0.72,Villa,No,Yes,Downtown,4843759,Yes
850,P05967,169.7,3,3,5,37,9.45,Duplex,No,Yes,Suburban,4302044,No
851,P00248,153.9,3,3,15,14,7.74,Duplex,No,Yes,Residential,4573385,Yes
852,P02733,50,1,1,10,2,13.76,Apartment,Yes,No,Suburban,738529,Yes
853,P06586,154.5,2,2,7,2,6.18,Duplex,Yes,Yes,Residential,4374804,Yes
854,P03107,111.5,1,2,10,13,4,Apartment,No,No,Residential,2487822,No
855,P02505,,3,2,9,28,7.62,Apartment,Yes,No,Residential,3796748,Yes
856,P02659,258.9,5,4,1,,0.5,Villa,No,Yes,Downtown,9352877,Yes
857,P01967,154.9,1,2,2,40,13.39,Duplex,No,No,Suburban,1568006,No
858,P01842,232.8,5,4,0,8,5.9,Villa,Yes,Yes,Suburban,6405762,Yes
859,P06877,78.8,2,1,3,8,1.57,Apartment,No,No,Downtown,3483645,No
860,P06290,70.4,1,2,14,27,15.37,Apartment,No,Yes,Outskirts,1416258,No
861,P08611,81.3,1,2,2,0,2.93,Apartment,No,No,Downtown,1950350,No
862,P03723,173.6,4,2,12,16,14.11,Duplex,No,No,Outskirts,2040080,No
863,P08142,111.3,1,1,2,32,5.29,Apartment,Yes,Yes,Residential,1978988,Yes
864,P07764,50,2,1,12,6,8.71,Apartment,No,Yes,Residential,1038821,Yes
865,P08518,77.2,1,1,0,17,1.46,Apartment,No,Yes,Downtown,2863638,Yes
866,P07209,,2,2,10,,0.66,Apartment,No,No,Downtown,2768704,No
867,P07338,180.9,2,2,9,13,7.49,Duplex,No,No,Residential,2887965,Yes
868,P00719,101.8,2,2,1,2,10.89,Apartment,No,No,Suburban,2114367,No
869,P03088,218.5,3,2,0,3,2.16,Villa,No,Yes,Residential,6909775,Yes
870,P06158,96.9,1,1,2,1,0.5,Apartment,Yes,No,Downtown,3202831,Yes
871,P03899,64.9,1,1,11,30,1.92,Apartment,No,No,Downtown,1566654,Yes
872,P01686,155,1,1,2,12,4.35,Apartment,No,No,Residential,3403921,Yes
873,P06425,117.1,3,2,1,22,0.5,Apartment,No,No,Downtown,3502379,Yes
874,P01742,,3,2,7,28,4.19,Apartment,Yes,Yes,Residential,2391434,Yes
875,P00296,94.2,2,2,2,14,19.55,Apartment,No,No,Outskirts,709148,No
876,P02289,64.8,2,1,0,12,1.34,Apartment,No,No,Downtown,1608200,Yes
877,P01635,91.8,1,1,9,3,12.99,Apartment,No,No,Outskirts,1123732,No
878,P04151,156.2,2,1,15,1,5.12,Duplex,Yes,Yes,Residential,3948768,Yes
879,P05225,217.7,4,3,3,19,5.47,Villa,No,Yes,Residential,5683280,No
880,P01281,87.8,1,2,13,17,6.5,Apartment,No,Yes,Residential,1828306,No
881,P08791,153.6,3,3,3,6,19.37,Villa,No,Yes,Outskirts,3499816,Yes
882,P07877,69.1,1,1,2,18,9.8,Apartment,Yes,No,Suburban,768376,No
883,P01647,103.6,1,2,13,22,3.39,Apartment,Yes,No,Residential,2146707,Yes
884,P04543,98.9,1,1,11,9,22.2,Apartment,Yes,No,Outskirts,1092885,No
885,P01096,178.3,3,2,4,29,1.87,Duplex,Yes,Yes,Residential,5236338,Yes
886,P03384,87,2,1,8,16,7.67,Apartment,No,Yes,Suburban,1848613,Yes
887,P05071,106.6,1,2,2,16,5.64,Apartment,No,Yes,Residential,2019869,Yes
888,P08641,135.7,1,1,3,22,4.4,Apartment,Yes,No,Residential,2373891,Yes
889,P02894,125.6,3,3,12,2,11.22,Apartment,No,No,Suburban,1436865,Yes
890,P07074,85.8,1,2,10,16,12.63,Apartment,Yes,Yes,Suburban,1288703,Yes
891,P05989,150.1,3,2,8,16,20.32,Apartment,No,No,Outskirts,2292494,No
892,P00686,71.4,2,2,5,18,4.46,Apartment,No,Yes,Residential,1377431,Yes
893,P05661,50,1,1,12,0,5.27,Apartment,No,Yes,Residential,1598364,Yes
894,P02278,90.1,2,2,13,1,3.08,Apartment,No,Yes,Residential,2099336,Yes
895,P07782,265.2,4,3,4,12,4.5,Villa,Yes,Yes,Residential,7512245,Yes
896,P02186,128,2,1,10,4,2.04,Duplex,No,No,Downtown,4144388,Yes
897,P07896,127.5,3,3,8,23,13.49,Apartment,No,Yes,Suburban,1607295,Yes
898,P01498,278.2,6,4,1,12,12.73,Villa,No,No,Suburban,8924626,No
899,P08912,79.8,2,2,14,7,18.19,Apartment,Yes,Yes,Suburban,1621554,No
900,P08738,137.3,3,2,15,8,3.17,Duplex,No,Yes,Residential,4171650,Yes
901,P04509,181,4,3,1,23,14.02,Villa,No,Yes,Suburban,2897619,No
902,P07578,71.8,2,2,10,21,1.55,Apartment,No,Yes,Downtown,1970596,Yes
903,P05841,132.1,2,1,13,4,8.51,Apartment,Yes,No,Residential,2784120,Yes
904,P08684,123.2,3,3,5,9,18.15,Apartment,Yes,Yes,Outskirts,3065111,No
905,P05592,105.2,3,3,12,9,7.03,Apartment,No,Yes,Suburban,2272203,Yes
906,P06650,128.7,3,2,3,16,6.72,Apartment,No,Yes,Residential,3256902,No
907,P00534,68.2,2,1,3,0,9.2,Apartment,No,Yes,Suburban,2049320,Yes
908,P04906,161.8,4,3,6,4,5.01,Duplex,No,Yes,Suburban,2744045,Yes
909,P00674,191.4,2,1,4,10,17.09,Duplex,No,Yes,Suburban,3462484,Yes
910,P00941,96.7,1,2,3,6,3.32,Apartment,No,Yes,Residential,1904192,Yes
911,P00378,70.3,1,1,8,19,4.25,Apartment,No,Yes,Residential,1259600,Yes
912,P02353,96.9,1,1,11,5,5.86,Apartment,Yes,Yes,Residential,2662606,No
913,P07680,211.1,4,2,13,34,21.79,Duplex,No,No,Outskirts,3468186,No
914,P01764,65.5,1,1,14,37,1.79,Apartment,No,Yes,Downtown,983230,Yes
915,P08483,74.6,1,2,3,13,21.42,Apartment,No,No,Outskirts,1142468,No
916,P08121,150.4,1,1,9,9,4.94,Duplex,Yes,Yes,Residential,4005458,Yes
917,P04246,219.7,5,4,4,10,9.79,Villa,No,Yes,Residential,3790557,Yes
918,P07367,115.3,1,1,4,10,0.5,Apartment,No,No,Downtown,2742711,No
919,P01783,104.9,2,2,10,28,4.25,Duplex,No,Yes,Residential,2701871,No
920,P07040,152.9,1,1,9,4,20.09,Duplex,No,Yes,Outskirts,2319987,No
921,P07598,123.5,2,1,15,9,13.28,Apartment,No,Yes,Suburban,2569978,Yes
922,P06885,170.1,2,2,1,4,13.46,Duplex,No,Yes,Outskirts,3563301,No
923,P07307,300,6,4,2,1,0.61,Villa,No,Yes,Downtown,10438184,Yes
924,P02466,273.4,4,3,1,2,12.39,Villa,No,Yes,Suburban,4854295,No
925,P06433,188.2,3,3,1,14,0.76,Duplex,No,No,Downtown,6624587,No
926,P04117,73,1,1,14,15,13.14,Apartment,No,Yes,Suburban,821813,Yes
927,P00141,244,3,3,8,4,6.78,Duplex,No,Yes,Residential,4930771,Yes
928,P00642,117.3,1,2,12,10,13.63,Apartment,No,Yes,Outskirts,1052452,No
929,P01392,215.3,5,3,9,22,17.54,Villa,No,Yes,Outskirts,4400161,No
930,P00864,209.2,4,3,2,7,13.48,Villa,No,Yes,Suburban,4242705,Yes
931,P00542,213,3,2,13,9,8.14,Villa,No,Yes,Suburban,4325301,Yes
932,P07313,107.4,1,2,12,15,5.38,Apartment,No,Yes,Residential,1605119,Yes
933,P06220,140.7,3,2,7,3,3.42,Duplex,No,No,Residential,4057607,Yes
934,P00095,140.6,1,1,12,0,5.99,Duplex,No,Yes,Residential,3822144,Yes
935,P04088,160.9,4,3,8,1,15.47,Duplex,No,No,Suburban,2741118,No
936,P01230,251.5,5,4,12,4,0.8,Villa,Yes,Yes,Downtown,7272956,Yes
937,P04218,140.9,1,2,1,14,1.13,Apartment,Yes,No,Downtown,3127374,Yes
938,P08838,200,4,3,0,17,4.3,Duplex,No,Yes,Suburban,3590663,Yes
939,P03530,198.9,4,3,9,6,7.4,Duplex,No,Yes,Residential,6062998,No
940,P03438,186.6,3,2,1,5,4.2,Duplex,Yes,Yes,Residential,5107586,Yes
941,P05344,93.6,1,2,3,7,16.34,Apartment,Yes,Yes,Suburban,1768874,Yes
942,P04885,196.7,3,3,3,4,25,Villa,No,Yes,Outskirts,6598156,No
943,P08371,105,3,3,8,5,5.7,Apartment,No,Yes,Residential,2499716,Yes
944,P06992,145.3,3,2,6,2,6.03,Duplex,No,No,Residential,3293017,Yes
945,P03936,128,1,1,1,23,8.74,Apartment,Yes,No,Residential,2100600,Yes
946,P06658,86.1,1,2,13,9,24.66,Apartment,Yes,Yes,Outskirts,949641,No
947,P08886,65.7,2,2,9,15,1.14,Apartment,Yes,No,Downtown,2431724,Yes
948,P07816,87.9,2,2,6,17,4.5,Apartment,No,No,Residential,1701395,Yes
949,P00159,129,2,1,15,10,9.54,Apartment,Yes,Yes,Suburban,2043808,Yes
950,P08415,70.3,2,1,8,10,1.4,Apartment,No,No,Downtown,864305,Yes
951,P00751,100.2,1,1,5,8,3.47,Apartment,No,No,Residential,2137796,Yes
952,P05417,50,1,2,12,14,1.35,Apartment,No,No,Downtown,1225019,Yes
953,P01602,94.9,1,1,1,0,0.8,Apartment,No,Yes,Downtown,2118954,Yes
954,P03362,101.7,2,2,5,8,3.52,Apartment,No,Yes,Residential,2220410,Yes
955,P06463,145.4,2,1,5,11,11.3,Apartment,No,Yes,Suburban,2504303,Yes
956,P05828,,2,1,11,2,7.7,Villa,Yes,Yes,Residential,4013339,Yes
957,P01355,73.4,1,1,9,6,18.48,Apartment,No,No,Outskirts,696878,No
958,P00461,,1,1,1,7,15.27,Apartment,No,No,Suburban,1835173,No
959,P04380,134.7,3,3,3,25,2.57,Apartment,No,No,Downtown,4358815,No
960,P06667,135.4,2,1,5,34,19.91,Duplex,No,Yes,Outskirts,1751016,No
961,P01588,191.4,2,1,8,6,7.58,Duplex,Yes,Yes,Suburban,3508173,Yes
962,P02559,125.6,2,2,8,10,6.07,Apartment,No,No,Residential,3212803,Yes
963,P04656,85.2,2,2,5,1,22.12,Apartment,No,No,Outskirts,1395623,No
964,P07676,137.8,3,3,12,37,10.31,Apartment,No,Yes,Suburban,1311499,No
965,P02576,199.2,2,2,13,11,10.18,Villa,No,Yes,Suburban,2598625,Yes
966,P08392,102.2,1,2,3,3,4.37,Apartment,No,Yes,Residential,1162516,Yes
967,P02629,110.5,1,1,15,13,5.24,Apartment,No,Yes,Residential,1955635,Yes
968,P07142,127.2,3,2,5,8,10.87,Duplex,Yes,Yes,Suburban,1408603,Yes
969,P05155,136.5,1,2,11,9,0.5,Apartment,No,No,Downtown,3183342,Yes
970,P08124,153.2,3,2,12,16,1.01,Apartment,No,No,Downtown,3873173,Yes
971,P02142,207.1,4,3,3,22,6.47,Villa,No,Yes,Residential,3360576,Yes
972,P07715,137.6,2,2,4,31,8.13,Apartment,No,Yes,Residential,2416455,No
973,P02568,276.7,6,4,0,26,0.5,Villa,Yes,Yes,Downtown,10173629,Yes
974,P08057,237.3,5,3,3,6,14.1,Villa,Yes,Yes,Suburban,2981977,Yes
975,P07581,175,4,3,2,9,3.82,Villa,No,Yes,Residential,2655230,Yes
976,P05941,191.8,4,3,2,6,12.31,Villa,Yes,No,Suburban,6766340,No
977,P04611,285.4,4,2,2,5,10.03,Villa,No,Yes,Outskirts,5086757,No
978,P04589,55.5,2,1,3,25,8.69,Apartment,No,Yes,Suburban,1203931,No
979,P00657,90.2,2,2,0,1,14.12,Apartment,No,Yes,Outskirts,1585571,No
980,P07273,98.2,1,1,3,30,1.26,Apartment,Yes,No,Downtown,2015461,Yes
981,P08290,250.2,3,3,1,14,3.43,Villa,Yes,Yes,Residential,5027400,Yes
982,P00103,300,6,4,2,23,2.52,Villa,No,Yes,Residential,9109960,Yes
983,P02912,79.1,1,1,9,24,2.62,Apartment,Yes,Yes,Downtown,2063829,Yes
984,P03231,96.2,1,1,6,36,5.47,Apartment,No,Yes,Residential,1967802,No
985,P08841,94.3,2,2,3,1,0.5,Apartment,No,No,Downtown,3162662,No
986,P00853,58.6,2,2,7,31,15.45,Apartment,Yes,Yes,Outskirts,676231,No
987,P08854,134,3,2,0,2,11.21,Duplex,No,Yes,Suburban,2765753,Yes
988,P00446,164.4,2,2,6,26,11.02,Duplex,No,No,Suburban,3029623,No
989,P05233,60.7,1,2,14,4,5.6,Apartment,No,Yes,Residential,543763,No
990,P05468,50,1,2,6,15,0.53,Apartment,No,No,Downtown,707349,Yes
991,P08160,129.8,2,1,14,40,3.42,Duplex,Yes,Yes,Residential,3113880,Yes
992,P06699,164.5,3,3,10,2,16.19,Duplex,Yes,Yes,Suburban,3072012,No
993,P02409,147.8,1,1,13,1,4.19,Duplex,No,Yes,Residential,4136921,Yes
994,P02864,118.7,3,2,3,14,0.5,Apartment,No,No,Downtown,2217823,Yes
995,P01773,183.2,4,2,14,9,8.49,Duplex,No,Yes,Suburban,2511350,Yes
996,P03356,124.4,2,1,4,14,7.09,Apartment,No,No,Residential,483051,No
997,P07231,161.1,4,2,10,40,5.58,Duplex,No,Yes,Residential,3549006,No
998,P05339,93.3,1,1,0,5,20.64,Apartment,Yes,Yes,Outskirts,805306,Yes
999,P04485,75.8,1,1,0,24,23.29,Apartment,No,Yes,Outskirts,784282,No
1000,P02672,97,2,1,1,1,7.32,Apartment,Yes,Yes,Residential,1377157,Yes
1001,P05759,171.2,3,3,6,0,5.3,Duplex,No,No,Residential,4363898,Yes
1002,P04426,60.5,2,1,12,0,7.09,Apartment,No,Yes,Residential,1360558,Yes
1003,P05348,67.2,2,1,7,7,13.59,Apartment,Yes,Yes,Suburban,1436943,No
1004,P01916,193.1,2,1,2,7,3.93,Villa,Yes,No,Residential,4916543,Yes
1005,P00901,205.1,4,3,3,7,6.16,Villa,No,Yes,Residential,6471494,No
1006,P01451,152.4,1,1,5,0,15.92,Apartment,Yes,Yes,Outskirts,1781133,No
1007,P06265,148.3,1,1,15,4,4.12,Duplex,No,Yes,Residential,1796948,Yes
1008,P01978,178,3,3,0,2,22.14,Duplex,No,Yes,Outskirts,2164538,No
1009,P05528,105.9,2,1,0,5,2.33,Apartment,No,Yes,Downtown,2975155,Yes
1010,P07194,85.3,2,2,4,4,5.63,Apartment,No,Yes,Residential,1145582,Yes
1011,P08131,101.3,1,1,13,0,10.93,Apartment,No,Yes,Suburban,1314547,No
1012,P02579,131.6,3,3,8,4,0.5,Duplex,No,Yes,Downtown,3356814,Yes
1013,P05610,93.9,1,1,2,11,11.63,Apartment,No,Yes,Suburban,1341965,No
1014,P07355,147.6,2,1,10,,8.79,Apartment,No,Yes,Residential,3447047,No
1015,P02903,243.3,3,3,6,2,2.13,Duplex,No,Yes,Downtown,7697768,Yes
1016,P07461,220.5,5,4,1,11,9.54,Villa,Yes,Yes,Residential,5938212,Yes
1017,P07826,,2,2,10,3,4.68,Apartment,No,Yes,Residential,1628971,No
1018,P00245,230.9,5,3,2,13,13.68,Villa,Yes,No,Suburban,6635878,No
1019,P04516,84.7,1,1,7,5,5.46,Apartment,No,Yes,Residential,2464364,Yes
1020,P02475,258.6,5,3,0,,4.73,Villa,Yes,Yes,Residential,4099638,Yes
1021,P06427,54.2,1,2,12,0,0.76,Apartment,Yes,No,Downtown,1492695,Yes
1022,P07257,119.6,2,2,7,8,4.23,Apartment,No,No,Residential,1766516,Yes
1023,P05121,50,2,2,2,1,12.9,Apartment,No,No,Suburban,1335481,No
1024,P06740,240.8,5,4,0,7,4.63,Villa,No,Yes,Residential,4547811,Yes
1025,P00798,83.4,1,2,3,8,0.94,Apartment,Yes,Yes,Downtown,2112287,Yes
1026,P00800,259.3,3,2,1,20,12.78,Villa,No,Yes,Suburban,5671523,Yes
1027,P02288,107,1,1,3,40,11.64,Duplex,Yes,Yes,Suburban,2323679,No
1028,P03512,160.9,2,2,1,27,18.67,Duplex,Yes,Yes,Suburban,5288447,No
1029,P08602,92,2,2,0,22,0.5,Apartment,No,Yes,Downtown,2982853,Yes
1030,P05232,141.5,2,2,13,7,20.18,Apartment,No,No,Outskirts,1439705,No
1031,P06891,188.9,2,1,2,15,12.32,Villa,No,Yes,Suburban,5904066,No
1032,P02435,74.9,1,1,9,15,18.59,Apartment,No,Yes,Suburban,1432037,No
1033,P00184,206.1,3,3,1,17,2.66,Villa,Yes,Yes,Residential,6763445,Yes
1034,P03724,93,1,1,3,13,2.12,Apartment,Yes,No,Residential,1159644,Yes
1035,P03314,99.2,1,2,12,24,11.59,Duplex,No,Yes,Suburban,1857171,No
1036,P05380,192.4,4,3,0,4,13.29,Villa,No,Yes,Outskirts,4944594,No
1037,P05558,,1,2,2,6,5.63,Apartment,No,No,Residential,2577520,Yes
1038,P07921,65.3,1,1,0,22,11.93,Apartment,No,Yes,Suburban,1153615,No
1039,P06421,93.6,1,1,7,2,5.13,Apartment,Yes,Yes,Residential,2572974,Yes
1040,P02205,138.1,3,2,4,29,6.08,Apartment,No,Yes,Residential,2853993,No
1041,P02589,136.6,1,1,8,14,3.48,Duplex,No,No,Residential,3099460,Yes
1042,P01512,119.8,2,2,7,13,2.26,Apartment,Yes,Yes,Downtown,3648649,Yes
1043,P04537,63.8,1,1,2,0,13.35,Apartment,Yes,Yes,Suburban,955171,Yes
1044,P05537,78.5,1,2,15,29,3.57,Apartment,No,Yes,Residential,838181,Yes
1045,P06955,163.2,2,2,8,7,16.41,Duplex,Yes,No,Suburban,3702354,No
1046,P02417,64.2,2,2,4,4,2.14,Apartment,No,No,Residential,1714542,No
1047,P03554,192.2,4,3,13,14,6.03,Duplex,No,Yes,Suburban,4925619,No
1048,P03243,147.7,3,3,10,19,20.19,Duplex,Yes,Yes,Outskirts,1723055,Yes
1049,P01084,186.5,4,3,2,9,15.8,Villa,Yes,Yes,Outskirts,2173879,No
1050,P03398,67.4,2,2,14,6,0.5,Apartment,No,No,Downtown,1509236,Yes
1051,P08271,127.4,1,2,6,4,6.19,Duplex,No,Yes,Residential,2975334,Yes
1052,P03964,88.5,1,2,9,16,4.35,Apartment,No,No,Residential,2038863,No
1053,P03341,66.9,1,1,4,1,4.56,Apartment,No,No,Residential,975008,Yes
1054,P01168,,4,3,11,34,19.62,Duplex,No,Yes,Suburban,3923015,No
1055,P02985,180.1,2,1,14,1,0.5,Duplex,No,Yes,Downtown,4921823,Yes
1056,P02978,104.8,2,1,3,3,13.22,Apartment,No,Yes,Suburban,1840989,No
1057,P01339,230.4,5,4,4,14,23.55,Villa,No,Yes,Outskirts,3269747,No
1058,P08546,60.7,1,2,1,10,9.66,Apartment,Yes,Yes,Suburban,1168074,Yes
1059,P07011,141.9,1,2,9,22,0.5,Duplex,No,No,Downtown,3965062,Yes
1060,P03187,159.9,1,1,3,20,10.49,Villa,No,Yes,Suburban,3171066,No
1061,P08999,134.1,1,2,4,5,17.12,Apartment,Yes,No,Outskirts,1079795,No
1062,P01872,169,2,2,3,11,2.43,Duplex,No,No,Residential,3040400,No
1063,P08326,138.3,1,2,11,13,2.37,Villa,No,No,Residential,3419859,Yes
1064,P04561,125.3,3,3,9,16,22.29,Apartment,No,No,Outskirts,1025349,Yes
1065,P00040,75.3,1,1,5,6,13.4,Apartment,No,No,Suburban,1360146,No
1066,P00611,94.7,2,1,3,1,8.03,Apartment,Yes,Yes,Suburban,2159735,Yes
1067,P05400,300,6,4,15,16,0.77,Villa,No,No,Downtown,10712453,Yes
1068,P04364,108.6,3,2,1,14,18.08,Apartment,No,Yes,Outskirts,1635829,No
1069,P05306,172.5,4,3,4,7,4.95,Duplex,No,Yes,Suburban,3155705,Yes
1070,P07538,133.8,2,1,11,40,22.64,Duplex,Yes,Yes,Outskirts,2224712,No
1071,P08655,216.2,4,3,1,11,2.76,Villa,No,No,Residential,5544849,Yes
1072,P05336,86.8,1,1,0,8,9.72,Apartment,No,No,Suburban,1266287,No
1073,P08113,118.3,3,3,15,6,25,Apartment,Yes,Yes,Outskirts,1289361,No
1074,P04773,84.1,2,1,8,19,1.37,Apartment,No,Yes,Downtown,2678156,Yes
1075,P01435,50,1,1,3,25,4.34,Apartment,No,Yes,Residential,936267,Yes
1076,P00552,106.1,3,3,14,13,1.16,Apartment,No,Yes,Downtown,1602457,No
1077,P00907,129,1,1,1,11,4.12,Duplex,No,Yes,Residential,3524566,No
1078,P07435,187.5,3,3,0,12,0.5,Duplex,No,No,Downtown,4683376,Yes
1079,P04549,132.1,1,1,12,8,13.21,Apartment,Yes,No,Suburban,1627302,Yes
1080,P08533,169.9,4,2,4,4,0.58,Apartment,No,Yes,Downtown,6436020,Yes
1081,P04971,95.6,1,2,1,3,11.91,Duplex,No,No,Suburban,1614894,Yes
1082,P00341,53.2,2,2,8,0,1.09,Apartment,No,No,Downtown,1011600,Yes
1083,P03748,86.4,2,2,13,14,18.82,Apartment,No,Yes,Outskirts,1491472,No
1084,P01042,100.6,1,2,14,26,13.96,Apartment,No,Yes,Suburban,1030505,No
1085,P00755,186.1,4,3,9,22,9.05,Duplex,Yes,Yes,Suburban,4696692,No
1086,P00313,124.8,3,2,7,11,3.48,Apartment,No,Yes,Residential,1995893,Yes
1087,P02175,110.9,1,1,0,0,8.17,Duplex,Yes,Yes,Residential,2021530,Yes
1088,P00052,86.9,1,1,0,9,0.5,Apartment,No,Yes,Downtown,1606892,Yes
1089,P03229,158.3,2,1,13,20,10.81,Duplex,Yes,Yes,Suburban,2921314,Yes
1090,P06267,194.9,3,3,13,8,2.03,Duplex,No,Yes,Downtown,5439584,Yes
1091,P06603,127.5,2,1,7,,6.83,Apartment,No,No,Residential,2595872,Yes
1092,P07132,161.7,4,3,14,4,6.18,Duplex,No,Yes,Suburban,3212933,No
1093,P00039,248.6,3,3,4,7,1.44,Villa,No,No,Residential,2965933,Yes
1094,P03509,220.9,4,2,2,1,11.21,Duplex,No,Yes,Suburban,3248176,Yes
1095,P02521,136.3,3,2,10,11,1.46,Apartment,No,Yes,Downtown,4691909,No
1096,P04116,185.3,2,2,1,6,5.27,Duplex,No,Yes,Residential,6632144,Yes
1097,P08003,196.9,2,1,12,4,5.53,Duplex,No,Yes,Residential,4845784,Yes
1098,P04909,161.5,2,2,14,10,12.01,Duplex,Yes,Yes,Suburban,2254997,Yes
1099,P01931,114.2,2,1,14,9,13.77,Apartment,No,No,Suburban,1328277,Yes
1100,P05250,249.9,5,4,0,5,14.87,Villa,No,Yes,Outskirts,4968439,Yes
1101,P08722,269.4,4,2,2,,7.34,Villa,No,Yes,Residential,6443592,Yes
1102,P02369,90.8,1,2,8,15,9.42,Apartment,No,No,Residential,2158432,Yes
1103,P03165,74.6,1,1,3,1,12.98,Apartment,Yes,No,Suburban,1171685,Yes
1104,P08543,50,1,1,2,1,6.38,Apartment,Yes,Yes,Residential,854171,Yes
1105,P04751,91,1,1,6,6,1.14,Apartment,Yes,No,Downtown,3113661,Yes
1106,P02170,223.9,4,2,11,1,11.24,Villa,No,Yes,Suburban,5946630,No
1107,P07654,101,2,2,6,8,0.5,Duplex,No,No,Downtown,2781047,Yes
1108,P03810,157.3,2,2,15,4,21.23,Villa,No,Yes,Suburban,3979866,No
1109,P07885,129,3,2,12,4,0.65,Apartment,Yes,Yes,Downtown,5626213,Yes
1110,P01741,112.5,3,2,12,1,7.24,Apartment,Yes,Yes,Residential,2372920,Yes
1111,P01546,96.1,2,2,3,10,3.85,Apartment,No,No,Residential,1813391,Yes
1112,P05101,147.4,1,2,15,40,9.95,Duplex,Yes,Yes,Suburban,2425407,No
1113,P06526,105.2,2,2,2,5,17.69,Apartment,No,Yes,Outskirts,1629889,No
1114,P03621,210.7,2,1,14,,15.14,Duplex,No,Yes,Suburban,3548263,No
1115,P02133,107.7,2,2,9,9,16.52,Apartment,No,No,Outskirts,1071176,No
1116,P00640,96.2,1,1,1,26,12.16,Apartment,No,No,Outskirts,1224896,Yes
1117,P06236,162.1,4,3,7,3,0.93,Villa,No,Yes,Downtown,7209537,No
1118,P08931,137,2,2,6,1,7.17,Apartment,Yes,No,Suburban,1520568,No
1119,P02162,65.8,2,1,11,9,4.53,Apartment,Yes,No,Residential,1462665,Yes
1120,P02332,120.4,2,1,7,25,5.87,Apartment,No,No,Residential,2641413,No
1121,P01459,68.6,1,1,12,,11.83,Apartment,Yes,No,Outskirts,934413,No
1122,P02114,59.1,1,2,8,17,11,Apartment,No,Yes,Suburban,1285186,Yes
1123,P03226,67.9,1,1,5,15,17.43,Apartment,No,Yes,Outskirts,716605,No
1124,P07419,102,1,1,1,21,6.7,Apartment,No,No,Residential,1996929,Yes
1125,P08630,62.3,1,1,15,8,18.44,Apartment,No,No,Outskirts,926484,No
1126,P08022,126.4,3,2,10,7,0.5,Apartment,Yes,No,Residential,3919947,Yes
1127,P05118,133,3,2,4,1,9.26,Villa,No,Yes,Suburban,869361,Yes
1128,P02000,198.1,2,2,8,1,11.31,Duplex,Yes,Yes,Suburban,3910525,Yes
1129,P03224,73.2,1,2,10,33,1.71,Apartment,No,Yes,Suburban,1173672,No
1130,P05479,169.5,2,1,6,34,13.04,Duplex,No,Yes,Suburban,2807668,No
1131,P00937,101.2,1,2,15,5,17.29,Apartment,Yes,No,Outskirts,1359604,Yes
1132,P05376,197.6,3,3,1,14,9.79,Duplex,Yes,Yes,Suburban,4612901,No
1133,P08203,243.5,3,2,14,33,6.91,Villa,No,Yes,Residential,5654192,Yes
1134,P03336,153.5,2,1,14,1,5.17,Duplex,No,Yes,Residential,4085343,Yes
1135,P07020,209.9,3,2,1,7,7.65,Villa,No,No,Suburban,3321451,Yes
1136,P08349,,1,2,2,2,3.16,Apartment,Yes,Yes,Downtown,3499096,Yes
1137,P06317,200.8,4,3,12,12,10.95,Duplex,Yes,Yes,Suburban,3481619,Yes
1138,P07957,50,1,2,14,,5.13,Apartment,No,Yes,Residential,871644,Yes
1139,P07774,96.5,1,2,14,13,19.22,Duplex,No,Yes,Outskirts,2082766,No
1140,P07405,91.2,2,1,12,3,9.16,Apartment,Yes,No,Suburban,2025312,No
1141,P01971,188.8,3,3,3,13,6.11,Villa,No,Yes,Residential,3177767,Yes
1142,P03258,228,5,4,0,13,5.99,Villa,No,No,Residential,4482742,Yes
1143,P00213,145.9,3,2,9,5,1.1,Duplex,Yes,Yes,Downtown,5046947,No
1144,P08735,251.6,5,3,1,30,12.22,Villa,No,Yes,Suburban,6160486,No
1145,P02552,206.8,4,2,13,23,4.94,Villa,Yes,Yes,Residential,5313878,Yes
1146,P05875,57.4,1,2,10,20,2.94,Apartment,No,No,Downtown,1181881,Yes
1147,P01819,168.7,4,2,7,0,5.85,Duplex,Yes,No,Residential,4925215,Yes
1148,P08214,91.1,1,1,1,8,14.51,Apartment,No,Yes,Suburban,1879720,Yes
1149,P08315,114,3,3,0,1,7.93,Apartment,No,Yes,Residential,3348632,Yes
1150,P02425,112.4,3,3,10,9,13.29,Apartment,Yes,Yes,Outskirts,591523,No
1151,P02937,152.9,1,1,7,10,4.37,Duplex,Yes,Yes,Residential,4891355,No
1152,P07626,50,2,2,3,0,1.7,Apartment,Yes,No,Downtown,1564572,Yes
1153,P07279,221.7,3,2,3,17,12.56,Duplex,Yes,Yes,Suburban,1915881,Yes
1154,P04989,88.4,2,1,10,16,14.87,Apartment,No,Yes,Outskirts,1469509,No
1155,P05383,126.6,2,1,13,38,7.61,Apartment,Yes,No,Suburban,2022133,Yes
1156,P06754,189.4,4,2,0,8,20.07,Apartment,No,Yes,Outskirts,2056491,No
1157,P05243,169,2,1,6,9,2.01,Duplex,Yes,Yes,Residential,2591848,Yes
1158,P03747,80.3,2,2,12,,3.9,Apartment,No,Yes,Residential,1094233,Yes
1159,P02251,170.5,4,3,11,23,7.29,Villa,No,Yes,Suburban,1719837,Yes
1160,P07779,117,2,1,4,34,5.44,Apartment,No,No,Residential,2209326,Yes
1161,P06961,102.6,1,1,6,39,6.65,Apartment,Yes,Yes,Residential,2490399,No
1162,P06901,169.4,4,3,7,,3.18,Duplex,No,Yes,Residential,4878069,Yes
1163,P07167,99.7,2,1,8,22,13.18,Apartment,No,Yes,Suburban,1381731,No
1164,P05729,160.4,4,2,0,23,12.63,Villa,No,Yes,Outskirts,2531107,No
1165,P06941,,2,1,9,1,12.95,Apartment,Yes,Yes,Suburban,1026464,No
1166,P05094,189,4,2,3,12,2.14,Villa,No,Yes,Residential,2817779,Yes
1167,P05637,,5,4,2,6,2.17,Duplex,No,Yes,Residential,4594521,No
1168,P08421,225.3,5,3,12,6,4.92,Duplex,No,No,Residential,5323279,Yes
1169,P05126,,5,3,3,13,0.5,Villa,No,Yes,Downtown,11670288,Yes
1170,P04665,172.5,4,3,4,15,5.82,Duplex,Yes,Yes,Suburban,2724702,Yes
1171,P00997,67.7,1,2,7,5,11.82,Apartment,Yes,Yes,Suburban,1470114,No
1172,P06131,208.7,2,2,2,1,8.4,Villa,Yes,No,Residential,8705504,Yes
1173,P08417,104.3,1,2,11,14,22.2,Apartment,No,No,Outskirts,1274407,No
1174,P01911,139.6,3,3,7,5,0.5,Duplex,No,Yes,Downtown,3354477,Yes
1175,P06559,157.5,3,2,2,31,12.84,Villa,Yes,Yes,Outskirts,2319319,Yes
1176,P06401,131.1,1,1,15,2,0.5,Apartment,Yes,Yes,Downtown,3211372,Yes
1177,P00393,257.7,4,3,0,24,14.67,Villa,No,Yes,Suburban,3201993,Yes
1178,P07029,229.3,5,4,11,40,11.01,Villa,No,Yes,Suburban,3347788,No
1179,P04886,173.1,2,1,0,19,24.91,Villa,No,Yes,Outskirts,3145456,No
1180,P07941,179.2,3,2,11,3,1.99,Villa,No,No,Downtown,6861519,Yes
1181,P02946,119.1,2,2,5,40,9.95,Apartment,No,Yes,Residential,1738662,No
1182,P05503,203.6,3,2,11,1,1.4,Duplex,No,Yes,Downtown,7350565,Yes
1183,P08336,112.6,3,3,12,2,19.24,Apartment,No,Yes,Suburban,861148,No
1184,P02270,175.4,2,1,6,3,19.93,Duplex,Yes,Yes,Outskirts,3090219,Yes
1185,P04328,113.3,2,1,3,4,3.66,Apartment,Yes,Yes,Suburban,1973899,Yes
1186,P00388,156.2,3,3,12,40,23.36,Apartment,Yes,Yes,Outskirts,1354647,No
1187,P00702,,1,1,10,4,4.97,Apartment,No,No,Residential,2187495,Yes
1188,P03151,66.5,1,1,3,13,1.75,Apartment,Yes,Yes,Downtown,2560860,Yes
1189,P07983,52.4,1,1,10,0,24.09,Apartment,Yes,No,Outskirts,582208,No
1190,P06349,123.7,1,1,11,16,3.5,Apartment,Yes,Yes,Residential,1750037,No
1191,P01307,143.1,3,3,9,4,14.72,Duplex,Yes,No,Suburban,2674835,No
1192,P02424,101.8,2,1,14,40,0.7,Apartment,No,No,Downtown,2320164,No
1193,P08463,113.1,1,2,14,2,7.22,Apartment,No,No,Suburban,1541964,Yes
1194,P04094,267.1,4,3,2,1,1.05,Villa,No,No,Downtown,4754534,Yes
1195,P08863,104.4,1,1,1,2,18.87,Apartment,No,No,Outskirts,1802063,No
1196,P02012,50,2,2,15,10,3.89,Apartment,No,No,Residential,848513,Yes
1197,P07178,92.3,1,1,0,4,25,Apartment,No,Yes,Outskirts,958726,No
1198,P02143,233.6,3,2,13,40,8.26,Villa,No,Yes,Suburban,4090901,No
1199,P06712,127.2,3,2,14,17,22.48,Apartment,No,No,Outskirts,1277825,No
1200,P03330,300,6,4,2,27,5.58,Villa,No,Yes,Residential,6298444,Yes
1201,P04107,139.8,3,3,8,14,12.45,Duplex,No,Yes,Suburban,3325710,Yes
1202,P03641,200.8,3,2,1,5,3.26,Villa,No,Yes,Residential,3983008,Yes
1203,P03954,96.4,1,2,7,18,7.83,Apartment,Yes,No,Suburban,1477755,No
1204,P06241,125.6,3,3,9,1,4.14,Apartment,No,Yes,Suburban,2041623,No
1205,P05691,91.1,1,1,8,11,15.71,Apartment,No,No,Suburban,1272395,Yes
1206,P08958,71.1,1,2,14,9,10,Apartment,No,No,Suburban,1000560,Yes
1207,P05251,68.6,2,1,11,13,4.01,Apartment,Yes,Yes,Residential,1644369,Yes
1208,P06773,72.2,1,1,5,8,4.7,Apartment,No,Yes,Residential,924022,No
1209,P06118,181,4,2,11,20,0.5,Duplex,Yes,Yes,Downtown,2702481,Yes
1210,P01004,286,4,2,13,2,0.5,Villa,No,No,Downtown,8747885,No
1211,P04411,71,2,1,6,35,1.9,Apartment,No,No,Residential,1422593,Yes
1212,P02831,252.4,4,2,0,8,5.16,Villa,Yes,No,Residential,7596856,No
1213,P01408,117.4,3,3,4,11,0.5,Duplex,No,Yes,Downtown,4069191,Yes
1214,P00562,105,1,1,8,,5.83,Apartment,No,Yes,Residential,2429189,Yes
1215,P07059,85.2,2,2,6,17,14.21,Apartment,No,Yes,Suburban,1165379,No
1216,P00731,84.5,2,1,12,4,3.85,Apartment,Yes,No,Residential,1120777,Yes
1217,P07673,143.5,3,2,9,9,17.18,Apartment,No,Yes,Outskirts,1901086,No
1218,P01545,118.7,2,1,2,10,5.28,Apartment,No,Yes,Residential,1597216,Yes
1219,P08436,136.3,1,2,12,4,10.27,Duplex,No,Yes,Suburban,2875936,Yes
1220,P01763,229.3,3,2,9,,5.55,Duplex,No,No,Residential,3735103,No
1221,P01676,100.2,1,2,1,6,19.4,Apartment,No,Yes,Outskirts,1265980,No
1222,P01831,58.6,1,1,8,,3.84,Apartment,No,No,Residential,1371953,Yes
1223,P05884,137.3,1,2,4,18,24.85,Apartment,No,Yes,Outskirts,1256693,No
1224,P06724,151.8,2,2,2,3,2.19,Villa,Yes,Yes,Downtown,5288231,Yes
1225,P01898,56.9,2,2,7,3,4.08,Apartment,No,Yes,Residential,1550385,Yes
1226,P06801,95.6,2,1,0,23,2.11,Apartment,No,Yes,Residential,1671939,Yes
1227,P00102,52.4,1,2,4,5,13.52,Apartment,Yes,No,Suburban,1010202,No
1228,P01986,143.7,2,2,2,20,22.19,Duplex,Yes,Yes,Outskirts,2227560,No
1229,P04280,127.9,1,1,11,2,14.22,Apartment,No,Yes,Suburban,1431524,No
1230,P01129,212,3,2,3,16,9.23,Duplex,Yes,Yes,Suburban,4424072,No
1231,P08672,230.2,5,4,15,16,5.55,Villa,Yes,Yes,Residential,8044317,Yes
1232,P00084,212.7,3,2,8,5,1.55,Duplex,Yes,Yes,Downtown,5015103,Yes
1233,P08091,166.3,2,1,15,22,5.91,Apartment,Yes,No,Residential,4782162,Yes
1234,P07620,108.4,3,3,5,11,14.9,Apartment,No,No,Outskirts,1391594,No
1235,P06557,,2,1,4,12,14,Villa,No,Yes,Outskirts,3093839,Yes
1236,P01214,240.3,5,4,5,12,4.43,Villa,Yes,Yes,Residential,6068245,Yes
1237,P08027,135.8,3,3,11,11,4.46,Duplex,No,Yes,Residential,3927944,Yes
1238,P04771,160.5,2,1,11,33,8.99,Duplex,No,Yes,Suburban,2409641,No
1239,P02456,278.3,6,4,2,2,3.45,Villa,No,Yes,Suburban,6603802,Yes
1240,P01522,,2,1,5,10,8.71,Duplex,No,Yes,Suburban,1657414,Yes
1241,P03074,190.3,2,2,12,5,14.13,Duplex,Yes,Yes,Suburban,4867050,No
1242,P05107,139.5,2,1,9,2,0.94,Duplex,No,Yes,Downtown,5113013,Yes
1243,P03776,110.6,3,3,3,5,4.41,Apartment,No,Yes,Residential,2813250,Yes
1244,P08013,66.7,2,1,11,0,11.22,Apartment,No,No,Suburban,1847552,Yes
1245,P06571,111.4,1,1,0,0,14.25,Apartment,No,Yes,Suburban,1844837,Yes
1246,P03699,86.4,2,2,14,28,0.5,Apartment,Yes,No,Downtown,2199692,Yes
1247,P04045,231.5,5,4,5,17,3.62,Villa,Yes,Yes,Residential,3870948,Yes
1248,P04229,136.7,2,2,2,29,11.29,Apartment,Yes,No,Suburban,1782516,No
1249,P01336,143.1,2,2,3,1,11.97,Duplex,No,Yes,Outskirts,3132078,Yes
1250,P00090,85.1,2,1,12,1,8.21,Apartment,Yes,No,Suburban,1344909,Yes
1251,P07272,163.3,3,3,13,7,21.86,Duplex,No,Yes,Outskirts,2131116,Yes
1252,P06395,149.2,3,2,11,40,3.1,Duplex,No,No,Suburban,2266553,No
1253,P07531,63.9,2,2,13,12,2.23,Apartment,Yes,Yes,Downtown,1309810,Yes
1254,P01687,223.1,5,3,2,3,6.37,Villa,Yes,Yes,Suburban,7152918,No
1255,P02157,104.7,1,1,3,14,1.04,Duplex,No,Yes,Downtown,2456202,Yes
1256,P02658,84.4,2,2,15,15,8.46,Apartment,No,Yes,Suburban,1764943,No
1257,P05927,77.9,1,2,12,20,13.05,Apartment,Yes,Yes,Outskirts,822205,No
1258,P07929,77.7,1,2,9,15,2.46,Apartment,Yes,Yes,Downtown,2014229,Yes
1259,P02909,123.2,2,1,12,1,18.99,Apartment,No,Yes,Outskirts,2442187,No
1260,P03918,125.5,1,2,14,11,11.58,Apartment,No,No,Suburban,1398979,No
1261,P01882,175.7,4,2,15,5,9.36,Duplex,No,Yes,Suburban,3959289,Yes
1262,P02224,221.5,4,3,6,9,0.5,Villa,Yes,Yes,Downtown,6001978,Yes
1263,P02907,67,1,2,9,16,21.01,Apartment,No,No,Outskirts,640129,No
1264,P00781,148.6,3,2,7,8,6.85,Apartment,No,No,Residential,2836186,Yes
1265,P06851,89,2,1,11,6,15.22,Apartment,No,Yes,Outskirts,954472,Yes
1266,P08276,267.6,3,3,5,3,5.79,Duplex,Yes,No,Residential,6381468,Yes
1267,P01313,93.9,2,1,8,11,10.26,Apartment,No,Yes,Suburban,1889051,Yes
1268,P07315,,1,2,1,13,5.11,Apartment,No,No,Residential,1923377,Yes
1269,P03743,122.6,2,1,12,1,25,Apartment,Yes,No,Outskirts,1430142,No
1270,P04867,72.5,1,1,6,35,2.92,Apartment,No,No,Residential,1875055,No
1271,P02044,174.3,3,2,0,31,16.08,Villa,No,Yes,Outskirts,2424139,No
1272,P04994,147.8,1,1,13,8,3.57,Duplex,No,Yes,Residential,2069619,Yes
1273,P06826,281.2,4,2,6,1,10.5,Villa,Yes,No,Suburban,4909329,Yes
1274,P04043,187.8,3,3,14,9,0.5,Duplex,No,Yes,Downtown,4784337,Yes
1275,P06217,113.9,3,2,13,3,12.43,Duplex,No,Yes,Suburban,2105072,Yes
1276,P02681,70.1,1,1,11,11,15.92,Apartment,No,No,Outskirts,623283,No
1277,P05332,107.5,2,2,14,12,13,Duplex,No,No,Suburban,2819743,No
1278,P08996,,3,3,7,1,19.19,Apartment,Yes,No,Outskirts,1759810,Yes
1279,P00649,64.5,1,2,14,9,14.47,Apartment,Yes,Yes,Suburban,1550545,No
1280,P08937,59.1,2,1,9,10,5.92,Apartment,No,Yes,Residential,1600422,Yes
1281,P02449,88.1,1,2,4,6,4.62,Apartment,No,Yes,Suburban,1649139,Yes
1282,P05475,138.9,1,1,0,7,14.82,Duplex,Yes,Yes,Suburban,2891620,Yes
1283,P03612,,2,2,0,1,6.35,Duplex,No,Yes,Residential,5308713,Yes
1284,P08388,92.1,2,2,12,8,12.87,Apartment,No,Yes,Suburban,1271971,No
1285,P02055,132.5,1,1,6,11,3.56,Apartment,No,No,Residential,3285846,No
1286,P01035,104.6,1,1,6,25,4.76,Apartment,No,No,Residential,3599688,No
1287,P02316,84.2,2,2,7,15,6.64,Apartment,No,No,Residential,1344375,Yes
1288,P01907,190,2,2,9,40,6.06,Villa,No,Yes,Residential,5237655,Yes
1289,P05920,149.1,2,2,10,1,4.35,Villa,No,Yes,Residential,2200928,Yes
1290,P01286,154,3,2,1,17,6.7,Duplex,No,Yes,Outskirts,1544171,No
1291,P08046,97.3,1,2,7,,5.98,Apartment,No,No,Residential,1855213,No
1292,P04237,86.5,1,2,0,2,3.03,Apartment,Yes,Yes,Residential,2422586,Yes
1293,P02225,86.2,2,1,13,38,25,Apartment,Yes,Yes,Outskirts,1095082,No
1294,P06737,192.2,2,2,1,1,2.47,Duplex,Yes,Yes,Downtown,5797862,Yes
1295,P00009,239.7,5,3,15,25,1.46,Villa,No,Yes,Downtown,7941871,Yes
1296,P02888,221.9,3,3,7,12,18.66,Duplex,No,Yes,Outskirts,2052567,No
1297,P04657,,2,1,2,32,18.93,Apartment,Yes,No,Outskirts,1162881,No
1298,P05461,133.4,2,2,6,1,17.28,Apartment,No,No,Suburban,1145320,No
1299,P03471,166.6,4,3,4,3,6.07,Duplex,No,Yes,Residential,3932893,Yes
1300,P07807,83.1,2,1,4,40,11.95,Apartment,No,Yes,Suburban,715663,Yes
1301,P07365,141.6,1,2,12,15,2.64,Duplex,Yes,Yes,Downtown,4959521,Yes
1302,P06522,136.1,2,2,3,1,5.75,Apartment,No,Yes,Residential,2927564,No
1303,P08412,57.8,2,2,12,2,9.57,Apartment,No,Yes,Suburban,1311582,Yes
1304,P06342,263.5,3,2,5,1,22.79,Villa,No,Yes,Outskirts,3527293,No
1305,P00744,78.6,2,2,0,4,0.5,Apartment,Yes,No,Downtown,1442628,Yes
1306,P02982,78.3,2,1,3,11,7.11,Apartment,Yes,No,Residential,1739946,Yes
1307,P06577,67.7,2,1,10,6,3.66,Apartment,No,No,Residential,1841348,No
1308,P08845,128.9,1,1,1,0,18.67,Apartment,Yes,No,Suburban,1085098,Yes
1309,P00178,88.6,1,2,8,3,16.67,Apartment,Yes,Yes,Outskirts,1722523,No
1310,P05672,131.5,2,1,12,28,19.11,Duplex,Yes,Yes,Outskirts,2878601,No
1311,P06278,154.9,2,1,3,15,10.05,Duplex,No,Yes,Suburban,4316453,No
1312,P04573,276.5,5,4,14,10,1.16,Villa,No,Yes,Downtown,11147800,Yes
1313,P06575,93,1,2,12,16,3.45,Apartment,No,No,Residential,2597378,No
1314,P03792,224.3,5,3,3,10,7.3,Duplex,Yes,Yes,Residential,4697442,Yes
1315,P05184,183.9,3,2,1,13,9.68,Villa,No,No,Suburban,5591085,No
1316,P08506,215.3,5,4,0,38,3.08,Villa,No,Yes,Residential,3472113,No
1317,P03754,181.3,2,1,13,12,0.7,Villa,No,No,Suburban,2138347,Yes
1318,P00673,135.3,1,1,4,1,18.57,Apartment,No,Yes,Outskirts,1784828,No
1319,P03617,143.9,2,2,11,21,4.95,Duplex,No,Yes,Residential,4540888,No
1320,P00403,50,1,2,8,8,6.45,Apartment,No,Yes,Suburban,923604,Yes
1321,P00695,122.2,1,2,0,37,16.11,Duplex,Yes,Yes,Outskirts,1597852,No
1322,P02070,,1,1,7,,12.23,Duplex,Yes,Yes,Suburban,2887149,Yes
1323,P06467,100.1,1,1,7,12,6.48,Apartment,Yes,No,Residential,2740519,Yes
1324,P05353,260.3,3,3,0,10,2.24,Villa,No,Yes,Suburban,8774589,No
1325,P06648,188,4,2,15,13,1.52,Villa,No,Yes,Downtown,7042784,Yes
1326,P01420,57.6,1,1,15,4,17.26,Apartment,Yes,Yes,Outskirts,1041834,No
1327,P01242,115.4,2,2,9,14,6.2,Duplex,No,No,Residential,2362184,Yes
1328,P08473,100.8,2,1,11,24,7.71,Duplex,No,Yes,Residential,2526802,No
1329,P07621,,4,3,3,1,9.44,Villa,No,No,Residential,9229155,Yes
1330,P00918,210.7,2,2,2,,0.79,Villa,No,No,Downtown,5283603,Yes
1331,P08928,88.6,2,1,5,13,15.37,Apartment,No,No,Outskirts,1382774,No
1332,P04739,146.5,3,2,10,1,1.53,Apartment,Yes,No,Downtown,4372342,Yes
1333,P07340,109.7,3,2,6,1,11.89,Duplex,Yes,Yes,Outskirts,1137977,No
1334,P07171,150.3,2,2,7,2,10.8,Duplex,No,No,Suburban,3153755,No
1335,P04402,204.9,3,2,8,8,15.1,Duplex,No,No,Suburban,4119745,No
1336,P05493,123.6,3,3,6,1,3.47,Apartment,No,Yes,Residential,2467714,Yes
1337,P01108,165.5,2,2,4,1,4.92,Duplex,No,Yes,Residential,3400136,Yes
1338,P00352,101,1,1,3,16,1.96,Apartment,Yes,Yes,Downtown,3325812,Yes
1339,P06149,261.4,4,3,3,4,14,Villa,Yes,No,Outskirts,3455331,Yes
1340,P01662,113.8,1,2,9,,8.14,Apartment,No,No,Suburban,2992698,Yes
1341,P06761,205.9,3,3,5,0,0.5,Villa,No,Yes,Downtown,6842749,Yes
1342,P02747,274.4,5,4,11,7,5.19,Villa,Yes,No,Residential,8177781,Yes
1343,P04817,299.4,5,3,0,32,6.87,Villa,Yes,Yes,Residential,9283978,Yes
1344,P04287,241.6,4,2,15,5,13.28,Villa,No,No,Outskirts,2316451,Yes
1345,P04123,164.8,3,3,8,12,21.15,Duplex,Yes,Yes,Outskirts,3078803,No
1346,P00334,65.7,1,2,4,4,20.12,Apartment,No,Yes,Outskirts,681911,No
1347,P00457,174.9,2,1,13,10,16.95,Duplex,No,Yes,Outskirts,2356129,No
1348,P01449,97.7,1,2,9,15,12.85,Apartment,Yes,Yes,Suburban,2207259,No
1349,P05730,182.9,4,2,3,6,4.69,Villa,No,Yes,Residential,6223821,Yes
1350,P06629,81.6,1,2,8,3,4.36,Apartment,Yes,Yes,Residential,1305309,Yes
1351,P03987,99.2,1,1,1,15,3.81,Apartment,No,Yes,Residential,1486609,Yes
1352,P07120,189,3,3,0,14,15.29,Villa,No,Yes,Suburban,1536933,Yes
1353,P08139,279,6,4,8,11,10.49,Villa,No,Yes,Suburban,7887561,Yes
1354,P03196,114.7,2,2,13,17,4.48,Apartment,No,No,Residential,3899789,No
1355,P02822,149.7,3,2,14,0,9.96,Duplex,Yes,Yes,Suburban,3538092,Yes
1356,P02987,81.7,2,2,7,8,1.53,Apartment,No,Yes,Downtown,1178771,Yes
1357,P04634,175,3,2,5,14,6.75,Duplex,Yes,No,Residential,3555720,Yes
1358,P08035,139.1,1,2,5,0,0.88,Duplex,No,Yes,Downtown,3452774,Yes
1359,P07987,50,2,1,13,15,19.59,Apartment,Yes,Yes,Outskirts,624916,No
1360,P04848,150.9,3,3,13,3,14.67,Duplex,Yes,No,Suburban,3723006,No
1361,P06023,173.4,3,2,8,5,0.5,Duplex,No,No,Downtown,5186039,Yes
1362,P06987,113.5,2,2,11,22,8.02,Duplex,No,Yes,Suburban,2102634,Yes
1363,P00408,98.1,2,1,11,19,25,Apartment,Yes,No,Outskirts,940394,No
1364,P01041,174.1,2,1,1,0,0.65,Villa,Yes,Yes,Downtown,3862828,Yes
1365,P03818,176.2,3,3,10,0,2.31,Duplex,No,Yes,Residential,5885027,Yes
1366,P08663,108.6,2,2,3,4,13.86,Apartment,No,Yes,Outskirts,1695032,No
1367,P03760,127.9,3,3,9,2,0.5,Apartment,Yes,Yes,Downtown,3364706,Yes
1368,P01198,217,3,2,3,8,12.06,Villa,No,Yes,Suburban,4211422,No
1369,P00452,107.4,2,2,15,2,20.76,Apartment,Yes,Yes,Outskirts,388654,Yes
1370,P02067,187.1,4,2,10,3,11.41,Villa,No,Yes,Suburban,7041704,No
1371,P04938,118.6,3,3,1,7,11.54,Apartment,No,No,Suburban,1825338,No
1372,P00096,57.5,1,1,14,13,17.28,Apartment,Yes,Yes,Suburban,1137381,No
1373,P06260,,2,1,11,10,4.74,Apartment,Yes,Yes,Residential,1052056,Yes
1374,P03449,283.1,6,4,2,3,5.19,Villa,No,Yes,Residential,4975902,Yes
1375,P01180,146.8,2,1,15,18,7.07,Apartment,No,Yes,Residential,2347404,Yes
1376,P02334,53.6,1,1,2,12,0.5,Apartment,No,Yes,Downtown,1063534,No
1377,P00135,50,1,2,10,23,6.91,Apartment,Yes,No,Suburban,806393,Yes
1378,P07643,144.9,1,2,0,5,4.85,Apartment,No,No,Residential,2956222,Yes
1379,P03831,105.4,1,1,4,23,6.18,Apartment,No,Yes,Residential,2166974,Yes
1380,P05827,296.6,5,4,14,13,5.91,Villa,Yes,Yes,Suburban,6292872,No
1381,P03032,82.6,1,1,4,,0.81,Apartment,No,Yes,Downtown,2291791,Yes
1382,P08362,297,5,3,3,4,23.24,Villa,No,Yes,Outskirts,3088531,Yes
1383,P02085,121.1,3,3,12,10,4.5,Apartment,No,No,Suburban,2144291,Yes
1384,P05864,107.1,2,2,9,3,8.31,Apartment,Yes,Yes,Suburban,1406824,Yes
1385,P00688,212,3,2,12,22,16.25,Duplex,No,Yes,Outskirts,3618421,No
1386,P04937,207.7,3,2,0,16,8.73,Duplex,No,Yes,Residential,3600950,Yes
1387,P00597,223.7,4,2,1,8,11.92,Villa,Yes,Yes,Suburban,3405356,Yes
1388,P06644,191.4,4,3,15,6,5.65,Duplex,No,Yes,Residential,4726322,Yes
1389,P04593,,3,3,2,0,12.33,Villa,Yes,Yes,Suburban,5618456,No
1390,P05802,82.8,1,1,5,1,13.93,Apartment,No,No,Suburban,1686315,Yes
1391,P03063,50,2,2,12,9,3.2,Apartment,No,No,Residential,1168370,Yes
1392,P03640,277.3,4,3,12,4,10.2,Villa,Yes,Yes,Suburban,3062441,Yes
1393,P02763,218,4,3,3,2,0.69,Villa,No,Yes,Downtown,8768781,Yes
1394,P08068,167.3,4,2,3,26,7.85,Villa,No,Yes,Residential,5543525,Yes
1395,P02715,132.7,1,2,9,7,19.7,Apartment,No,Yes,Outskirts,2307367,No
1396,P02342,65.2,2,1,9,19,0.5,Apartment,No,Yes,Downtown,1624076,Yes
1397,P05590,,1,2,6,21,4.53,Apartment,No,Yes,Suburban,1194757,No
1398,P00951,232.9,3,2,8,7,17.35,Villa,No,Yes,Suburban,5456859,No
1399,P06816,85,2,2,5,4,0.5,Apartment,Yes,Yes,Downtown,3012459,Yes
1400,P08857,211.4,4,3,15,6,17,Duplex,No,Yes,Outskirts,4316944,No
1401,P08669,115.3,1,2,11,1,9.72,Apartment,No,Yes,Suburban,1708895,Yes
1402,P08612,100.6,1,1,13,4,14.9,Apartment,Yes,Yes,Suburban,1733944,Yes
1403,P03303,120.3,2,2,1,7,3.89,Apartment,No,No,Residential,2396922,Yes
1404,P00742,66.2,2,1,13,19,0.5,Apartment,No,Yes,Downtown,2238667,Yes
1405,P03857,276,5,3,4,11,19.6,Villa,No,Yes,Outskirts,4508417,No
1406,P08017,56.2,1,1,14,10,16.67,Apartment,No,Yes,Suburban,735579,No
1407,P00896,69.8,1,1,6,9,10.32,Apartment,No,No,Outskirts,1100221,No
1408,P05221,124,1,1,5,40,1.9,Duplex,No,Yes,Downtown,3958884,Yes
1409,P07838,119.4,2,1,9,12,10.85,Apartment,Yes,No,Suburban,2167667,No
1410,P07006,132.4,3,2,14,17,7.06,Apartment,No,No,Residential,1675489,Yes
1411,P00247,163.4,2,2,12,9,5.97,Apartment,Yes,Yes,Suburban,2822847,Yes
1412,P03537,97.3,1,1,8,0,5.73,Apartment,No,Yes,Residential,2698883,Yes
1413,P01430,256.1,3,3,0,19,5.32,Villa,No,Yes,Residential,6463648,Yes
1414,P00950,200.2,4,3,1,6,6.94,Villa,No,Yes,Residential,5629642,Yes
1415,P05516,300,6,4,9,6,13.57,Villa,Yes,No,Outskirts,5220643,Yes
1416,P07871,82.5,1,2,11,18,1.25,Apartment,No,No,Downtown,1288737,Yes
1417,P03355,144.5,2,2,2,9,2.2,Apartment,Yes,No,Residential,4243506,Yes
1418,P04189,139,2,2,1,3,0.5,Duplex,No,No,Downtown,4021615,Yes
1419,P03045,107.4,3,2,7,23,9.85,Apartment,Yes,No,Suburban,2356058,No
1420,P00118,85.3,1,2,8,4,4.01,Apartment,No,No,Suburban,2131947,Yes
1421,P01603,121,1,1,2,3,12.95,Duplex,Yes,Yes,Suburban,2957891,Yes
1422,P00789,89.5,2,1,10,8,9.71,Apartment,No,Yes,Suburban,1021301,Yes
1423,P01573,168.6,4,2,6,1,8.01,Duplex,No,Yes,Suburban,2320041,Yes
1424,P04930,136,3,2,0,16,3.31,Apartment,No,Yes,Residential,2698143,Yes
1425,P05147,137.7,2,2,5,23,22.02,Apartment,No,No,Outskirts,1612764,No
1426,P04921,110.1,2,2,13,3,2.34,Apartment,Yes,No,Residential,2602463,Yes
1427,P06925,50,2,2,4,1,5.1,Apartment,No,Yes,Residential,1614340,Yes
1428,P07854,215.2,3,3,1,,5.84,Duplex,No,Yes,Residential,6341008,Yes
1429,P01226,121.9,2,2,5,,14.82,Apartment,Yes,Yes,Outskirts,2578904,No
1430,P02524,110.1,2,1,5,3,11.62,Apartment,No,No,Suburban,1783279,Yes
1431,P07595,112.1,3,2,10,0,13.31,Apartment,Yes,No,Suburban,2137556,No
1432,P07476,231.3,4,3,2,0,10.27,Villa,No,Yes,Suburban,4727072,No
1433,P00397,60.8,1,1,5,5,20.55,Duplex,No,Yes,Outskirts,1312415,No
1434,P02770,201.6,2,1,2,1,15.25,Villa,No,Yes,Outskirts,3922987,Yes
1435,P06288,107.2,2,2,10,2,24.87,Apartment,Yes,No,Outskirts,1382842,No
1436,P03434,133.1,2,1,9,4,3.78,Apartment,No,Yes,Residential,3044678,Yes
1437,P04024,168.6,2,1,4,0,18.36,Duplex,Yes,Yes,Outskirts,3108494,Yes
1438,P05111,109.7,3,2,12,4,2.31,Apartment,No,No,Downtown,3696539,Yes
1439,P03672,276.4,5,4,1,1,8.23,Villa,No,Yes,Suburban,5948976,No
1440,P03868,153.7,1,1,7,4,3.04,Apartment,Yes,Yes,Residential,3224205,Yes
1441,P03692,113.4,2,1,11,10,7.21,Apartment,No,Yes,Suburban,1772066,Yes
1442,P01128,85.2,2,1,1,2,11.92,Apartment,Yes,Yes,Suburban,749504,Yes
1443,P05434,284.5,5,3,13,5,7.79,Villa,No,Yes,Residential,8173086,Yes
1444,P05020,167.2,2,1,1,17,6.69,Duplex,No,Yes,Residential,3880013,Yes
1445,P06757,124.7,2,1,2,18,10.6,Apartment,No,Yes,Suburban,2039832,Yes
1446,P01649,184.1,3,2,7,12,13.68,Villa,Yes,Yes,Outskirts,3795541,No
1447,P07622,98.2,2,2,6,7,13.65,Apartment,No,No,Suburban,2048414,Yes
1448,P07378,51,2,1,5,7,20.58,Apartment,Yes,No,Outskirts,403706,No
1449,P06126,105.5,2,1,0,6,3.78,Apartment,No,No,Residential,3800899,No
1450,P01709,121.8,1,1,2,2,25,Apartment,No,No,Outskirts,1687118,No
1451,P03480,97.6,2,2,12,16,11.35,Apartment,Yes,No,Suburban,2246432,Yes
1452,P08081,91.7,1,1,15,36,2.83,Apartment,Yes,No,Residential,1665010,No
1453,P01220,193.3,3,3,5,14,1.77,Villa,Yes,Yes,Downtown,6185382,Yes
1454,P04025,112.8,3,2,1,6,12.41,Duplex,No,No,Suburban,3220692,No
1455,P06313,92.4,2,1,1,7,21.41,Apartment,No,Yes,Outskirts,1274252,No
1456,P00434,115.3,3,3,6,9,13.86,Apartment,No,Yes,Outskirts,1218294,No
1457,P06486,50,1,1,15,2,23.21,Apartment,Yes,No,Outskirts,352915,No
1458,P08117,151.3,3,3,13,40,5.09,Apartment,Yes,Yes,Suburban,3093909,No
1459,P01731,50,2,2,3,40,18.68,Apartment,Yes,Yes,Outskirts,675774,No
1460,P04399,90,1,1,14,5,0.66,Apartment,No,No,Downtown,1546617,Yes
1461,P01755,98.8,1,2,10,29,4.57,Apartment,No,No,Residential,2536700,Yes
1462,P07351,113.7,3,3,0,6,0.73,Apartment,Yes,No,Downtown,1909383,Yes
1463,P06003,70.2,1,2,6,4,15.34,Apartment,Yes,Yes,Suburban,1435793,No
1464,P07360,274.1,4,3,2,0,5.97,Villa,No,No,Suburban,7483678,Yes
1465,P07839,137.9,3,3,1,1,7.32,Apartment,No,No,Suburban,1900681,Yes
1466,P07265,87.4,2,2,8,15,10.15,Duplex,No,Yes,Suburban,1440360,No
1467,P01418,273.9,5,3,2,7,16.74,Villa,Yes,No,Suburban,3793369,Yes
1468,P02556,81.9,1,1,0,10,12.12,Apartment,No,Yes,Suburban,1623263,No
1469,P05301,227.8,4,2,1,3,16.07,Villa,No,Yes,Suburban,4021881,Yes
1470,P00047,88.1,2,1,5,34,5.27,Apartment,No,No,Residential,2702878,Yes
1471,P05787,,2,2,5,3,19.45,Apartment,No,Yes,Outskirts,1351127,Yes
1472,P02962,160.3,2,2,0,4,18.62,Apartment,Yes,No,Outskirts,1753873,No
1473,P07240,81.1,1,1,2,15,15.58,Apartment,Yes,Yes,Outskirts,1135263,No
1474,P05737,83.6,1,1,13,22,15.04,Apartment,No,No,Suburban,1228877,No
1475,P01758,145.2,1,1,15,7,21.29,Apartment,No,No,Outskirts,1370912,No
1476,P02297,74.9,2,1,9,13,8.73,Apartment,No,No,Suburban,1385993,Yes
1477,P08326,138.3,1,2,11,13,2.37,Villa,No,No,Residential,3419859,Yes
1478,P03645,168.8,2,2,15,,1.58,Duplex,No,No,Downtown,3704888,Yes
1479,P08933,74.8,2,2,0,4,0.5,Apartment,No,Yes,Downtown,2025803,Yes
1480,P02393,103.7,1,2,4,2,5.66,Apartment,Yes,Yes,Residential,2779641,No
1481,P04292,144.6,1,2,6,22,0.73,Duplex,No,No,Downtown,3741608,Yes
1482,P06630,91.2,2,2,14,1,15.12,Apartment,No,Yes,Suburban,955071,Yes
1483,P01544,85.4,1,2,15,10,1.84,Apartment,No,Yes,Downtown,1183099,Yes
1484,P07068,152.7,1,1,8,12,17.44,Duplex,No,Yes,Outskirts,3338296,No
1485,P07668,119.3,3,2,9,3,5.27,Apartment,No,Yes,Residential,2046116,Yes
1486,P03262,108.3,2,2,4,24,11.38,Apartment,No,No,Suburban,2327500,Yes
1487,P08213,150,3,2,15,16,11.39,Duplex,No,No,Suburban,3466594,Yes
1488,P08044,161.8,4,2,1,6,6.19,Duplex,Yes,Yes,Residential,7525761,Yes
1489,P02886,208.5,4,2,5,3,4.9,Duplex,Yes,Yes,Residential,5813687,Yes
1490,P08780,168.9,3,3,14,,3.9,Duplex,No,Yes,Residential,6042310,Yes
1491,P06710,136.1,2,2,11,32,1.69,Duplex,No,No,Downtown,4268681,Yes
1492,P00899,178.8,4,3,10,10,0.7,Duplex,No,Yes,Downtown,3574070,Yes
1493,P04797,79.1,1,1,8,12,0.5,Apartment,Yes,Yes,Downtown,2348090,Yes
1494,P07312,54.5,1,2,3,8,7.13,Apartment,Yes,Yes,Residential,1174602,No
1495,P01001,263.2,4,2,3,1,1.44,Villa,No,Yes,Downtown,9087808,Yes
1496,P00406,165.1,3,3,4,1,16.66,Villa,No,Yes,Outskirts,3957550,No
1497,P08065,256.6,4,3,0,39,19.99,Villa,Yes,Yes,Outskirts,5792522,No
1498,P07824,81.8,2,1,7,12,0.5,Apartment,Yes,No,Residential,1442788,Yes
1499,P01075,242.7,5,4,0,25,20.87,Villa,Yes,No,Outskirts,3307905,No
1500,P02587,64.9,2,2,13,2,3.75,Apartment,Yes,No,Residential,920124,Yes
1501,P04456,241.9,3,3,2,9,7.29,Villa,Yes,No,Residential,7972734,Yes
1502,P01590,116.2,2,1,10,12,0.5,Apartment,Yes,No,Downtown,3142444,Yes
1503,P03030,93.5,1,2,5,40,5.85,Duplex,Yes,Yes,Residential,2715427,No
1504,P03327,192.1,3,2,1,40,1.57,Villa,No,No,Residential,4720674,Yes
1505,P04587,300,5,3,13,7,13.78,Villa,Yes,Yes,Suburban,5338409,Yes
1506,P03694,165.8,4,2,4,27,12.1,Duplex,Yes,Yes,Suburban,4178139,No
1507,P05543,50,1,2,15,1,10.75,Apartment,No,No,Suburban,559665,Yes
1508,P00188,155.7,1,2,13,11,1.21,Duplex,Yes,No,Downtown,4306917,Yes
1509,P07474,71.7,2,1,0,16,7.3,Apartment,No,Yes,Residential,1818416,No
1510,P07759,57.5,1,1,2,1,8.45,Apartment,No,No,Residential,1169431,No
1511,P02992,50.8,1,2,6,10,10.59,Apartment,No,Yes,Outskirts,690179,No
1512,P03960,90,2,2,4,32,1.36,Apartment,No,Yes,Residential,1317064,Yes
1513,P03216,128.9,2,2,1,28,8.35,Duplex,No,Yes,Suburban,2523900,Yes
1514,P06251,50,1,2,13,24,21.86,Apartment,No,Yes,Outskirts,250000,No
1515,P06460,104,1,2,4,7,8.44,Apartment,No,Yes,Suburban,1699981,Yes
1516,P01079,85.8,2,1,10,3,12.44,Apartment,No,Yes,Suburban,1270164,Yes
1517,P05977,110.5,3,3,0,25,14.27,Apartment,No,Yes,Suburban,1294207,No
1518,P03198,123.3,1,2,0,9,0.5,Apartment,Yes,Yes,Downtown,3511702,Yes
1519,P02351,50,1,2,15,9,0.63,Apartment,No,No,Downtown,1639167,Yes
1520,P01282,165.8,4,3,12,8,5.27,Apartment,No,Yes,Residential,5725795,No
1521,P00890,88.4,2,2,0,25,15.79,Apartment,Yes,Yes,Suburban,1253590,No
1522,P00701,232.2,3,3,6,4,6.46,Duplex,Yes,Yes,Residential,7698571,No
1523,P04393,128.1,3,3,2,0,8.52,Duplex,Yes,No,Suburban,3395778,Yes
1524,P06202,97,1,1,7,,4.84,Apartment,Yes,Yes,Residential,2036902,No
1525,P01638,120.1,2,2,1,2,18.51,Duplex,No,Yes,Outskirts,2258272,Yes
1526,P06070,148.4,1,1,8,6,0.84,Duplex,Yes,Yes,Downtown,4504733,Yes
1527,P04957,56.5,1,1,3,1,23.58,Apartment,No,No,Outskirts,559214,No
1528,P07771,162,4,2,14,9,3.88,Duplex,Yes,Yes,Downtown,4389104,Yes
1529,P03115,125,2,1,1,15,4.81,Villa,Yes,Yes,Residential,4020537,No
1530,P00758,165.1,3,3,4,8,10.59,Apartment,Yes,No,Outskirts,1613440,Yes
1531,P07939,,1,2,4,2,5.54,Apartment,No,Yes,Residential,1844462,Yes
1532,P03118,151.9,1,1,14,24,4.72,Duplex,Yes,Yes,Suburban,1781717,Yes
1533,P04712,126.8,3,3,2,1,7.05,Duplex,No,Yes,Residential,5182660,No
1534,P03739,88,1,2,1,3,12.6,Apartment,No,No,Suburban,1033851,Yes
1535,P00808,251.4,5,4,1,10,0.56,Villa,Yes,Yes,Downtown,5060148,Yes
1536,P01788,88.5,1,2,7,1,12.83,Apartment,No,Yes,Suburban,1922222,Yes
1537,P03360,227.6,5,4,3,9,9.58,Villa,No,No,Suburban,4826310,Yes
1538,P04614,50,1,2,9,8,4.56,Apartment,No,No,Residential,1203118,Yes
1539,P05115,77.5,1,1,5,1,0.5,Apartment,Yes,Yes,Downtown,2931537,No
1540,P05408,125.6,1,1,11,3,1.4,Apartment,No,No,Downtown,2790989,Yes
1541,P04440,189.1,2,1,2,2,4.61,Villa,No,Yes,Residential,4068967,Yes
1542,P03492,103.6,2,2,8,11,1.34,Apartment,No,No,Downtown,2798736,No
1543,P06015,94.9,2,1,4,25,0.6,Apartment,Yes,No,Downtown,2424027,Yes
1544,P08348,160.6,2,2,2,8,2.5,Villa,No,Yes,Downtown,4301900,Yes
1545,P07062,158.3,2,1,0,25,0.5,Villa,No,Yes,Downtown,4474858,Yes
1546,P01122,85.2,2,2,12,6,0.5,Duplex,No,Yes,Downtown,3376663,Yes
1547,P02318,112.1,1,1,14,5,10.58,Apartment,No,Yes,Suburban,1640513,No
1548,P01740,133.7,3,3,4,18,7.5,Villa,No,Yes,Suburban,3870844,No
1549,P00511,57.9,1,2,14,10,0.89,Apartment,No,Yes,Downtown,1652170,Yes
1550,P06582,279.2,6,4,1,31,13.62,Villa,No,No,Suburban,6025546,No
1551,P00992,211.3,2,2,0,2,10.26,Villa,No,Yes,Suburban,5166865,No
1552,P03132,177.8,4,3,2,40,13.95,Villa,No,Yes,Outskirts,2910696,No
1553,P01258,50,2,2,1,8,9.73,Apartment,Yes,Yes,Outskirts,901070,No
1554,P01499,102.2,2,1,12,5,4.38,Duplex,No,Yes,Residential,2778231,Yes
1555,P02685,91.5,1,2,5,9,6.02,Apartment,Yes,Yes,Residential,2253592,Yes
1556,P01876,222.7,5,4,3,5,11.08,Villa,No,No,Suburban,1230111,Yes
1557,P08813,158,1,1,9,11,12.47,Duplex,No,No,Suburban,1235572,No
1558,P07951,157.3,1,1,13,6,17.12,Duplex,Yes,No,Suburban,3195284,No
1559,P07899,137.4,2,2,6,12,25,Apartment,No,No,Outskirts,2142835,No
1560,P02722,85.2,1,2,2,28,23.89,Apartment,No,Yes,Outskirts,373902,No
1561,P06839,112.1,2,2,0,,21.23,Apartment,Yes,No,Outskirts,1192112,No
1562,P03228,,2,2,3,40,0.5,Duplex,Yes,Yes,Downtown,5053055,No
1563,P02785,,3,3,12,2,4.43,Villa,No,No,Residential,5489010,Yes
1564,P05772,161.5,3,2,11,40,12.39,Duplex,Yes,Yes,Outskirts,2835357,Yes
1565,P06335,50,2,1,10,15,6.65,Apartment,No,No,Suburban,444759,Yes
1566,P06141,95.1,1,2,7,4,2.78,Apartment,No,Yes,Downtown,2595029,Yes
1567,P07507,107.3,1,1,9,14,15.83,Duplex,No,Yes,Outskirts,1273292,No
1568,P05055,75.5,1,2,3,4,13.44,Apartment,No,No,Outskirts,918407,No
1569,P07260,234.8,4,2,2,7,0.5,Villa,No,Yes,Downtown,8757836,Yes
1570,P08976,109.3,3,2,7,2,0.67,Duplex,No,Yes,Downtown,4477629,Yes
1571,P01203,50.5,1,1,4,12,15.62,Apartment,Yes,No,Outskirts,526724,No
1572,P04583,284.5,4,2,1,9,22.1,Villa,Yes,No,Outskirts,5870214,No
1573,P00581,185,4,2,6,5,6.48,Duplex,No,Yes,Residential,2187880,Yes
1574,P08930,270.2,5,4,3,1,8.3,Villa,No,Yes,Residential,8086198,Yes
1575,P06599,135.6,3,3,13,22,1.01,Duplex,No,Yes,Downtown,3744711,No
1576,P01290,252.1,4,3,7,2,11.47,Villa,No,No,Suburban,7035266,No
1577,P05525,140.8,1,1,1,17,4.53,Apartment,No,No,Residential,1910015,Yes
1578,P00706,50,2,2,8,21,13.43,Apartment,No,No,Suburban,776670,No
1579,P05655,85.3,1,1,3,6,6,Apartment,No,No,Residential,1721837,Yes
1580,P01621,117.5,3,2,9,11,3.93,Apartment,No,Yes,Residential,2970991,Yes
1581,P02700,185.4,4,3,12,40,20.26,Villa,No,Yes,Outskirts,3128105,No
1582,P05888,50,1,2,6,9,1.14,Apartment,No,No,Downtown,1117739,Yes
1583,P01025,84.7,1,1,13,14,12.96,Apartment,No,No,Suburban,1079510,No
1584,P04950,195.4,3,3,3,8,17.09,Villa,Yes,Yes,Suburban,6196501,No
1585,P00054,159.4,3,3,13,4,13.81,Duplex,Yes,Yes,Suburban,4055491,No
1586,P00728,184.3,4,3,9,13,1.1,Duplex,No,Yes,Downtown,5758781,No
1587,P05410,97,1,1,10,9,20.19,Apartment,No,Yes,Outskirts,1161356,No
1588,P01097,95.9,1,1,14,10,3.86,Apartment,Yes,Yes,Residential,2270551,Yes
1589,P00447,104.8,2,2,11,5,21.67,Apartment,No,No,Outskirts,1217505,Yes
1590,P00913,190.7,4,3,14,5,20.67,Duplex,No,Yes,Outskirts,2867576,Yes
1591,P03083,100.5,1,1,15,0,16.77,Apartment,No,No,Suburban,1701872,Yes
1592,P02384,198.9,2,2,1,29,1.82,Villa,No,Yes,Downtown,6962017,No
1593,P03340,300,6,4,5,20,11.36,Villa,No,No,Suburban,7107713,No
1594,P01292,67.7,2,1,7,19,10.23,Apartment,No,Yes,Suburban,1349150,No
1595,P08637,192.6,3,2,4,9,7.42,Duplex,No,Yes,Residential,5357807,Yes
1596,P08638,217,3,3,3,8,6.84,Duplex,No,Yes,Residential,5940222,No
1597,P08359,96.5,2,1,4,16,17.2,Apartment,Yes,No,Outskirts,1328857,No
1598,P00522,116.4,3,2,8,19,3.39,Apartment,No,Yes,Residential,2384799,Yes
1599,P03749,77,2,1,6,4,6.01,Apartment,Yes,Yes,Residential,1547951,Yes
1600,P02026,188.2,2,2,3,8,2.89,Villa,No,Yes,Residential,3710982,Yes
1601,P07370,50,1,1,1,23,19.88,Duplex,Yes,Yes,Outskirts,727037,No
1602,P00763,184,3,3,14,37,3.7,Duplex,Yes,Yes,Downtown,4914317,Yes
1603,P04542,121.9,1,1,12,17,2.07,Apartment,No,No,Downtown,2177051,Yes
1604,P01754,190.4,3,3,8,4,20.32,Villa,No,Yes,Outskirts,2811849,No
1605,P02779,102.6,2,2,6,11,5.42,Duplex,Yes,No,Residential,3434924,No
1606,P07243,50,1,2,14,6,12.28,Apartment,No,No,Suburban,1251157,No
1607,P04087,135.2,3,3,14,24,8.02,Duplex,No,No,Suburban,3074615,Yes
1608,P07561,56.3,2,1,11,,12.79,Apartment,Yes,Yes,Outskirts,1193380,No
1609,P05826,180.9,4,2,2,3,0.56,Villa,Yes,Yes,Downtown,5222159,Yes
1610,P06812,125.8,1,1,11,40,3.87,Apartment,No,Yes,Residential,2685466,No
1611,P04476,189.6,2,1,14,8,6.99,Villa,Yes,No,Suburban,3999474,No
1612,P04732,103.7,1,1,9,15,23.85,Apartment,No,Yes,Outskirts,1236218,No
1613,P01658,256.1,5,4,1,6,14.74,Villa,Yes,No,Outskirts,5543870,Yes
1614,P05777,150.2,1,1,5,23,13.2,Duplex,Yes,No,Suburban,2507504,Yes
1615,P08085,93.6,2,2,14,1,1.04,Apartment,Yes,No,Downtown,4838644,No
1616,P01875,141.6,1,1,1,40,15.36,Apartment,No,No,Outskirts,1741959,No
1617,P07350,107.1,3,2,11,17,1.75,Apartment,Yes,Yes,Downtown,3485711,Yes
1618,P08978,161.3,2,2,8,27,18.28,Villa,No,Yes,Outskirts,3746194,No
1619,P06153,180.3,4,2,0,8,3.69,Apartment,Yes,No,Residential,3626257,Yes
1620,P08800,103.5,1,2,5,,6.59,Apartment,Yes,No,Residential,2294096,Yes
1621,P07487,61.2,1,2,4,,5.35,Apartment,No,No,Residential,1320217,Yes
1622,P06263,,2,2,14,3,1.28,Apartment,Yes,No,Downtown,3238627,Yes
1623,P08278,168.2,3,2,11,12,10.96,Duplex,No,Yes,Suburban,3736634,No
1624,P03029,100.8,1,2,9,11,6.94,Apartment,Yes,No,Suburban,2396475,No
1625,P04165,289.1,5,3,10,2,8.2,Villa,Yes,Yes,Suburban,7701711,Yes
1626,P05148,268.9,4,2,7,21,7.78,Villa,No,No,Residential,7687423,No
1627,P03674,141.2,2,1,15,,10.37,Apartment,No,Yes,Residential,3961892,Yes
1628,P03654,91.5,1,1,3,10,6.37,Apartment,Yes,Yes,Residential,1685204,Yes
1629,P05238,83.4,1,1,12,16,1.76,Apartment,No,No,Downtown,2058709,Yes
1630,P08926,91.9,1,1,7,0,6.61,Apartment,No,No,Residential,2108847,No
1631,P06079,85.5,2,2,3,2,0.5,Apartment,No,No,Downtown,2769438,Yes
1632,P08595,58.7,2,1,1,6,2.04,Apartment,No,Yes,Downtown,1628085,No
1633,P08364,140.3,3,2,12,10,5.81,Duplex,No,No,Residential,3242054,Yes
1634,P05607,260.6,5,3,8,19,0.5,Villa,Yes,Yes,Downtown,8359202,Yes
1635,P02927,106.9,3,2,2,31,8.72,Apartment,No,Yes,Suburban,1566900,No
1636,P03274,80,1,1,13,11,10.8,Duplex,Yes,Yes,Suburban,2157175,Yes
1637,P01697,121.3,3,3,14,13,1.11,Duplex,Yes,No,Downtown,4116121,No
1638,P05359,56.3,1,2,5,4,0.5,Apartment,Yes,No,Residential,578733,Yes
1639,P02745,75.2,2,2,3,6,3.22,Apartment,Yes,Yes,Residential,1455256,Yes
1640,P05869,112.9,1,2,4,3,0.5,Apartment,No,No,Downtown,2754687,Yes
1641,P08301,90.8,2,1,2,1,15.34,Apartment,No,No,Suburban,1993803,Yes
1642,P05527,133.9,3,3,14,10,4.75,Duplex,No,Yes,Residential,4727510,No
1643,P08273,93.5,1,2,3,17,16.44,Apartment,Yes,Yes,Outskirts,1922645,No
1644,P02359,61,1,2,0,3,11.67,Apartment,Yes,No,Outskirts,573057,Yes
1645,P02716,50,2,1,2,3,4.92,Apartment,No,Yes,Residential,935680,Yes
1646,P05319,110.6,2,1,3,28,4.33,Apartment,No,Yes,Residential,1789734,Yes
1647,P02308,163.8,4,2,3,1,7.32,Villa,No,Yes,Residential,4601465,Yes
1648,P06813,169,2,2,10,1,6.67,Duplex,No,Yes,Residential,5518384,Yes
1649,P03528,103.2,1,1,0,,0.81,Apartment,No,Yes,Downtown,3344086,Yes
1650,P04511,65.4,1,2,1,5,21.35,Apartment,No,Yes,Suburban,1227498,No
1651,P03214,190.8,4,3,2,0,6.14,Villa,No,Yes,Suburban,3256641,Yes
1652,P07675,179.6,2,2,8,20,3.5,Villa,No,Yes,Residential,3749637,Yes
1653,P05779,99.9,1,2,11,4,7.87,Apartment,No,Yes,Suburban,2270502,Yes
1654,P02254,71.5,1,2,13,2,11.83,Apartment,No,No,Suburban,1090837,No
1655,P07223,209.1,4,3,3,1,13.24,Villa,No,Yes,Suburban,3747616,No
1656,P07629,164,4,3,11,18,0.5,Duplex,No,Yes,Downtown,4241027,Yes
1657,P07050,61.2,1,1,7,15,4.53,Apartment,No,Yes,Residential,1375880,Yes
1658,P03861,66,2,1,7,,4.9,Apartment,Yes,Yes,Residential,1238423,No
1659,P04642,,2,1,0,19,1.45,Apartment,No,No,Downtown,947536,Yes
1660,P05371,103.3,1,2,1,33,0.79,Duplex,No,No,Downtown,2948068,Yes
1661,P08030,182.3,2,2,13,2,5.65,Duplex,No,No,Suburban,4076055,Yes
1662,P07618,87.3,1,2,10,7,7.97,Apartment,No,Yes,Suburban,1503055,No
1663,P01833,146.3,1,1,11,10,7.17,Duplex,No,Yes,Residential,3368329,Yes
1664,P00301,110.6,1,1,10,5,6.78,Apartment,Yes,No,Suburban,2185304,Yes
1665,P03146,64.2,1,1,13,4,4.87,Apartment,No,No,Suburban,1606008,Yes
1666,P08899,,2,1,8,3,5.67,Apartment,Yes,Yes,Residential,2195134,Yes
1667,P05834,130.2,3,2,2,11,13.5,Apartment,No,Yes,Suburban,2105196,Yes
1668,P06683,102.6,1,2,14,4,11.77,Apartment,No,Yes,Suburban,1313042,Yes
1669,P01929,117.3,2,2,12,24,0.5,Apartment,Yes,Yes,Downtown,1374208,Yes
1670,P04533,84,1,2,7,22,11.77,Apartment,Yes,No,Suburban,1195389,No
1671,P02754,97.4,1,2,2,19,2.22,Apartment,No,No,Downtown,2379919,Yes
1672,P04323,55.4,2,2,5,9,15.89,Apartment,No,No,Suburban,842739,No
1673,P08723,103.2,1,2,14,0,9.66,Apartment,No,No,Suburban,2270524,No
1674,P06834,158.2,2,1,3,2,13.63,Apartment,No,No,Outskirts,3105181,No
1675,P02972,206.7,4,3,8,14,8.21,Villa,No,Yes,Suburban,5178722,Yes
1676,P01133,149.5,3,2,11,35,0.5,Duplex,No,Yes,Downtown,866364,Yes
1677,P03400,228.7,4,2,11,12,6.53,Duplex,Yes,Yes,Suburban,5009736,Yes
1678,P00508,54.2,2,1,12,6,22.72,Apartment,No,No,Outskirts,595247,No
1679,P08159,125.7,2,2,15,2,4.53,Duplex,No,No,Residential,2248115,Yes
1680,P04551,159.7,2,2,13,0,0.51,Villa,Yes,No,Downtown,5437218,Yes
1681,P08399,214,4,2,10,8,21.99,Duplex,Yes,Yes,Outskirts,4623079,No
1682,P04179,90.7,1,2,8,0,12.45,Apartment,Yes,Yes,Suburban,1681899,No
1683,P03676,50.2,1,1,12,0,17.58,Apartment,Yes,No,Outskirts,516234,No
1684,P03775,51,2,1,8,17,6.82,Apartment,No,Yes,Suburban,1120273,Yes
1685,P08031,130.8,1,2,7,7,15.33,Apartment,Yes,No,Suburban,2129953,Yes
1686,P08824,152.7,1,1,5,11,5.48,Apartment,No,No,Suburban,1771740,No
1687,P05551,72,1,1,10,11,6.74,Apartment,No,Yes,Residential,1777296,Yes
1688,P08587,68.8,1,2,11,40,1.85,Apartment,Yes,No,Downtown,1367291,Yes
1689,P04056,66.9,1,2,14,10,17.21,Apartment,Yes,No,Outskirts,1075782,Yes
1690,P07219,80.4,2,2,5,1,5.59,Apartment,Yes,Yes,Residential,827888,Yes
1691,P08232,74.5,1,2,8,7,8.85,Apartment,Yes,Yes,Residential,1801052,No
1692,P02243,111.6,1,1,13,3,6.56,Apartment,No,No,Residential,1890000,Yes
1693,P04717,248.8,3,3,9,17,3.57,Villa,No,Yes,Residential,6239213,Yes
1694,P06393,205.9,3,3,10,4,7.81,Duplex,No,Yes,Residential,6004024,Yes
1695,P01902,93.3,1,1,3,4,0.5,Apartment,No,No,Downtown,873021,Yes
1696,P02585,250.1,4,3,2,1,0.64,Villa,Yes,Yes,Downtown,5329928,Yes
1697,P07979,,3,2,0,30,19.59,Duplex,No,No,Outskirts,2182303,No
1698,P07177,241.4,5,4,0,2,0.74,Villa,No,Yes,Downtown,9233539,Yes
1699,P06013,190.5,4,3,3,20,1.81,Villa,No,Yes,Downtown,2852378,Yes
1700,P03886,129.2,3,3,0,3,0.5,Apartment,No,No,Downtown,1203254,Yes
1701,P02339,221.8,5,3,12,40,12.64,Villa,No,Yes,Suburban,3042365,No
1702,P01798,118.2,2,2,14,5,2.96,Apartment,No,No,Residential,3559384,No
1703,P02352,65.2,1,2,7,3,17.29,Apartment,No,No,Outskirts,690940,No
1704,P06068,105.9,1,1,4,2,7.01,Apartment,No,No,Residential,1261205,Yes
1705,P08868,171.6,3,3,5,0,6.93,Villa,No,Yes,Residential,3324451,Yes
1706,P04703,156.9,3,3,15,0,6.09,Apartment,No,No,Residential,3668788,Yes
1707,P08848,229.9,3,2,4,3,12.82,Duplex,No,Yes,Suburban,5757267,Yes
1708,P00994,222.4,5,4,4,4,3.7,Villa,No,No,Residential,4252819,No
1709,P00025,50,1,2,12,3,17.16,Apartment,No,No,Suburban,1002830,No
1710,P03562,230.8,3,2,4,1,10.05,Villa,No,Yes,Suburban,2942013,Yes
1711,P02778,69.4,1,2,3,2,11.38,Apartment,Yes,Yes,Suburban,1786257,No
1712,P01906,50,1,2,11,3,6.99,Apartment,No,No,Residential,634117,Yes
1713,P02269,122.9,3,2,5,31,5.91,Apartment,Yes,No,Suburban,1645927,No
1714,P03003,247.5,5,4,1,3,4.37,Villa,No,Yes,Residential,6041634,Yes
1715,P07526,192.3,2,1,5,10,5.82,Duplex,Yes,No,Residential,2908680,Yes
1716,P06160,146.3,3,3,0,8,15.31,Duplex,Yes,Yes,Outskirts,3524699,No
1717,P03287,255.5,3,2,3,4,15.92,Villa,Yes,No,Suburban,3765804,Yes
1718,P05639,212.1,4,3,5,20,0.5,Duplex,No,Yes,Downtown,4036239,Yes
1719,P02106,158.6,3,3,4,1,14.83,Duplex,No,Yes,Suburban,4426262,No
1720,P08387,90.5,1,1,8,3,18.52,Apartment,No,No,Outskirts,884599,No
1721,P00146,216.8,5,3,0,2,7.11,Villa,No,Yes,Residential,10617410,Yes
1722,P04623,137.1,3,3,12,2,4.52,Duplex,No,No,Suburban,3195312,Yes
1723,P02194,232.5,5,3,3,5,0.5,Villa,No,No,Downtown,6368562,Yes
1724,P06175,215.8,4,2,1,4,4.75,Villa,No,Yes,Residential,7419555,Yes
1725,P07187,93.4,2,2,4,26,4.01,Apartment,Yes,Yes,Residential,1855246,Yes
1726,P00579,104,1,1,14,19,14.93,Apartment,Yes,No,Outskirts,898585,No
1727,P07540,145,1,2,14,20,6.9,Duplex,No,No,Residential,2565672,No
1728,P06517,120.5,2,1,12,40,7.64,Apartment,Yes,No,Suburban,1864953,Yes
1729,P01507,233.5,5,4,3,10,9.66,Villa,No,No,Suburban,4435828,Yes
1730,P07524,98.9,2,1,12,20,1.27,Apartment,Yes,Yes,Downtown,2627559,Yes
1731,P07593,268.7,3,2,12,20,15.89,Villa,No,Yes,Outskirts,4606385,Yes
1732,P08233,167.7,3,3,6,8,24.36,Duplex,No,Yes,Outskirts,1577957,No
1733,P08678,88.2,1,1,8,40,10.9,Apartment,Yes,Yes,Suburban,1521579,No
1734,P02908,52.6,2,1,13,,1,Apartment,No,Yes,Downtown,1444193,Yes
1735,P06492,198.9,3,3,5,17,8.93,Duplex,Yes,Yes,Suburban,4792407,Yes
1736,P07996,65.9,1,2,6,30,3.24,Apartment,No,No,Residential,1586203,No
1737,P06847,160,2,2,15,4,2.23,Duplex,Yes,Yes,Residential,4574196,Yes
1738,P06760,67.1,1,2,5,2,1.87,Apartment,No,No,Residential,588774,Yes
1739,P06039,225.6,3,3,11,13,4.98,Villa,No,Yes,Residential,5872170,Yes
1740,P05556,177.1,3,3,1,14,24.89,Apartment,Yes,Yes,Outskirts,3104384,Yes
1741,P04837,151.6,1,1,3,8,0.5,Duplex,No,Yes,Downtown,4114176,Yes
1742,P03824,50,2,1,7,2,0.91,Apartment,No,No,Downtown,884989,Yes
1743,P02533,130.1,3,3,3,17,11.76,Apartment,No,Yes,Suburban,1487631,Yes
1744,P00080,65.9,1,1,2,14,9.2,Apartment,Yes,No,Suburban,1071979,No
1745,P05381,300,4,2,1,12,7.87,Villa,Yes,Yes,Residential,5741449,No
1746,P07727,173.7,2,1,7,12,1.26,Duplex,Yes,Yes,Downtown,6778740,Yes
1747,P04001,102.5,2,2,5,14,9.42,Apartment,Yes,No,Suburban,2813407,Yes
1748,P05110,107.4,3,2,9,0,19.37,Apartment,No,No,Outskirts,1612948,No
1749,P02029,121.5,1,2,13,4,14.7,Duplex,Yes,No,Suburban,1825323,Yes
1750,P03179,141.6,1,2,14,20,1.02,Duplex,Yes,Yes,Downtown,4728603,Yes
1751,P03583,281.5,5,3,13,12,6.07,Villa,Yes,Yes,Residential,7959027,No
1752,P05824,86.9,1,1,8,10,0.5,Apartment,No,No,Downtown,2394849,Yes
1753,P03788,100.8,1,2,7,3,0.73,Apartment,Yes,Yes,Downtown,1787104,Yes
1754,P03978,202,4,3,13,7,3.17,Duplex,No,Yes,Downtown,6346586,Yes
1755,P04203,225.3,3,3,2,40,1.14,Duplex,No,No,Downtown,3093288,Yes
1756,P08476,199.3,3,2,5,25,7.39,Villa,Yes,No,Residential,5265733,No
1757,P08604,186.5,4,2,5,8,19.48,Duplex,Yes,Yes,Outskirts,4220565,No
1758,P05997,66.6,1,2,0,0,18.74,Apartment,Yes,Yes,Suburban,913868,No
1759,P00894,,3,3,11,32,2.14,Villa,No,Yes,Downtown,5789517,Yes
1760,P04466,240.3,3,2,2,2,0.5,Villa,Yes,Yes,Downtown,8050081,Yes
1761,P03980,113,1,1,10,1,4.31,Apartment,No,No,Suburban,1771164,Yes
1762,P03560,85.7,1,2,1,16,6.15,Apartment,Yes,No,Suburban,1542189,No
1763,P03410,117.6,3,3,7,23,0.5,Apartment,Yes,No,Downtown,4383835,Yes
1764,P07821,130.3,3,3,13,1,10.1,Apartment,Yes,Yes,Suburban,3891169,No
1765,P02757,,3,3,2,,20.43,Villa,No,Yes,Outskirts,4477153,No
1766,P06930,60.9,1,1,9,1,22.17,Apartment,No,Yes,Outskirts,986742,No
1767,P00282,73.6,1,2,6,8,0.5,Apartment,No,No,Downtown,1380870,Yes
1768,P08581,111.4,2,2,9,2,12.31,Apartment,Yes,No,Suburban,2574519,Yes
1769,P06358,300,4,3,3,9,15.14,Villa,No,Yes,Outskirts,6049016,Yes
1770,P06863,117.5,3,2,1,1,1.91,Apartment,No,No,Downtown,2799707,Yes
1771,P04897,97.5,2,1,1,1,5.5,Apartment,Yes,No,Residential,1834380,No
1772,P00900,,1,1,3,27,15.15,Apartment,Yes,Yes,Suburban,1134557,No
1773,P02324,113,1,2,11,17,0.5,Apartment,No,No,Downtown,1391562,Yes
1774,P07740,169.9,3,2,0,0,4.41,Duplex,No,No,Residential,5166107,Yes
1775,P04716,194.7,4,3,2,27,2.68,Villa,No,Yes,Downtown,4336305,Yes
1776,P04596,130.7,1,2,2,40,20.47,Duplex,Yes,No,Outskirts,1879879,No
1777,P06888,123.7,2,2,2,8,6.84,Apartment,No,Yes,Residential,2431468,Yes
1778,P05638,73.4,1,1,8,8,8.4,Duplex,No,No,Suburban,1283958,Yes
1779,P02843,255.8,3,2,1,5,2.12,Villa,Yes,No,Residential,5514635,No
1780,P04455,50.4,2,2,14,1,9.15,Apartment,No,No,Suburban,682850,No
1781,P05136,50,1,2,10,4,12.79,Apartment,No,Yes,Suburban,955096,No
1782,P07358,,3,3,1,6,1.38,Villa,No,No,Downtown,6496847,Yes
1783,P06336,59,1,1,7,14,3.66,Apartment,No,Yes,Residential,1255098,Yes
1784,P06779,137.4,3,2,3,17,3.75,Apartment,No,No,Residential,3123653,No
1785,P06690,86.1,1,2,2,29,3.07,Apartment,No,Yes,Residential,1278479,Yes
1786,P07875,190.8,2,1,2,6,12.8,Duplex,Yes,No,Suburban,5272198,No
1787,P00134,145.8,1,1,9,1,5.62,Duplex,No,Yes,Residential,3186140,Yes
1788,P08936,116.6,1,1,0,14,22.31,Apartment,Yes,Yes,Outskirts,1397573,No
1789,P01123,164,3,3,13,11,19.12,Duplex,No,No,Outskirts,2376783,No
1790,P05918,166.7,2,2,3,25,11.73,Villa,No,Yes,Suburban,2479464,No
1791,P02141,117.6,1,1,11,3,19.8,Apartment,Yes,Yes,Outskirts,1400265,No
1792,P04908,139.4,2,2,15,16,0.94,Apartment,No,No,Downtown,3723581,Yes
1793,P06781,99.1,2,1,1,2,6.21,Duplex,No,No,Residential,2189659,Yes
1794,P00585,90.1,1,2,14,5,21.95,Apartment,Yes,Yes,Outskirts,1617347,No
1795,P00476,205,3,2,1,11,1.92,Villa,No,Yes,Residential,5218529,Yes
1796,P07327,107.3,1,2,2,7,17.28,Apartment,Yes,Yes,Outskirts,1498010,No
1797,P04282,107.9,2,1,5,2,5.57,Apartment,No,No,Residential,2024184,Yes
1798,P06416,133.7,3,2,1,23,0.5,Duplex,No,No,Downtown,3850181,No
1799,P06882,75.6,2,2,14,9,8.29,Apartment,No,Yes,Suburban,1494068,Yes
1800,P06567,192.8,3,3,6,17,16.87,Duplex,No,Yes,Suburban,3693568,Yes
1801,P01969,188.8,4,2,6,6,3.09,Villa,No,Yes,Residential,7247243,Yes
1802,P04114,132.3,3,3,15,7,4.8,Apartment,No,Yes,Suburban,2133613,Yes
1803,P04559,263.2,3,3,9,1,0.5,Villa,Yes,Yes,Downtown,8339536,Yes
1804,P04265,218.5,5,4,15,0,8.95,Villa,Yes,No,Suburban,4881528,Yes
1805,P00014,102.4,2,2,7,27,16.42,Apartment,No,No,Outskirts,1336586,No
1806,P05178,122.7,1,2,13,4,0.5,Apartment,No,Yes,Downtown,4336665,Yes
1807,P08202,126.2,2,2,15,3,23.95,Apartment,No,Yes,Outskirts,1813465,Yes
1808,P05464,236.8,4,2,2,18,7.07,Villa,No,Yes,Suburban,4550416,Yes
1809,P01641,140.4,2,1,2,7,14.66,Villa,No,Yes,Suburban,4323743,Yes
1810,P05326,178.1,4,3,3,10,1.4,Duplex,No,No,Downtown,5589577,Yes
1811,P08998,114.8,2,1,10,1,5.57,Apartment,No,Yes,Residential,2500183,Yes
1812,P02245,126,1,2,9,13,3.52,Apartment,Yes,Yes,Residential,3240522,Yes
1813,P03894,58.5,2,2,3,4,11.1,Apartment,No,No,Suburban,1071856,Yes
1814,P00705,148.8,3,2,3,1,1.63,Villa,No,Yes,Residential,3174369,Yes
1815,P03992,146,2,1,9,1,5.15,Duplex,No,Yes,Residential,5040335,Yes
1816,P04469,111.2,1,1,5,29,23.87,Apartment,No,No,Outskirts,689574,No
1817,P03061,82.8,1,1,5,2,15.2,Apartment,Yes,No,Suburban,1564894,No
1818,P08572,187.5,3,3,8,16,21.49,Villa,No,Yes,Outskirts,1814865,Yes
1819,P08707,141.1,3,2,3,40,1.5,Duplex,No,No,Downtown,4547477,Yes
1820,P03791,66.9,1,2,0,3,4.61,Apartment,Yes,Yes,Residential,1400500,Yes
1821,P07829,155.8,3,3,1,10,24.91,Duplex,No,Yes,Outskirts,2535631,No
1822,P02558,231.8,5,4,11,8,4.32,Villa,No,Yes,Residential,7915206,Yes
1823,P06166,116.8,1,1,0,1,10.46,Apartment,No,Yes,Suburban,2432153,Yes
1824,P05878,72.6,1,1,7,20,1.33,Apartment,No,Yes,Downtown,1865873,Yes
1825,P04497,195.9,4,2,1,5,5.17,Villa,Yes,Yes,Residential,4470094,Yes
1826,P08158,162,3,2,8,9,5.9,Duplex,No,Yes,Residential,3925043,Yes
1827,P01873,108.9,2,2,6,,22.3,Apartment,No,Yes,Outskirts,929357,No
1828,P02821,124.4,2,2,10,4,2.41,Apartment,No,Yes,Residential,2238242,Yes
1829,P03211,,1,2,11,28,4.38,Apartment,Yes,No,Residential,1396416,No
1830,P02291,121,2,2,4,4,20.09,Duplex,No,Yes,Outskirts,1909952,No
1831,P01904,,4,2,8,25,2.52,Villa,Yes,Yes,Downtown,5360007,No
1832,P03409,135.6,3,3,8,9,11.3,Apartment,No,No,Suburban,2617481,Yes
1833,P00027,229.6,5,3,1,8,4.82,Villa,Yes,Yes,Residential,6467834,Yes
1834,P03203,194.1,2,1,2,1,21.55,Villa,No,Yes,Outskirts,4647696,Yes
1835,P02209,,2,2,8,7,0.77,Apartment,No,Yes,Downtown,1502189,Yes
1836,P03312,152,2,1,13,,17.83,Apartment,No,No,Outskirts,1710831,Yes
1837,P05200,91.3,1,2,14,21,9.42,Apartment,No,Yes,Suburban,2899201,No
1838,P03273,97.9,1,2,4,16,15.16,Apartment,No,No,Suburban,1922713,No
1839,P03635,165.3,4,3,12,4,11.63,Duplex,Yes,Yes,Suburban,4405515,Yes
1840,P08239,161,3,3,5,12,14.88,Duplex,Yes,Yes,Suburban,2426082,No
1841,P07363,89.3,1,2,10,35,22.02,Apartment,No,No,Outskirts,758089,No
1842,P02548,102.4,1,1,4,11,2.2,Apartment,No,No,Downtown,1856916,Yes
1843,P06751,70.9,2,2,3,1,0.5,Apartment,No,Yes,Downtown,3501073,Yes
1844,P08927,122.2,3,3,14,19,11.66,Apartment,Yes,No,Suburban,2542129,No
1845,P06770,195.2,4,3,0,3,2.41,Villa,Yes,Yes,Residential,2624954,Yes
1846,P01179,87.2,2,1,0,1,4.32,Apartment,No,Yes,Residential,2633012,Yes
1847,P05705,99.7,1,2,13,2,16.57,Apartment,No,No,Suburban,1632354,No
1848,P01997,264.3,3,3,0,19,4.2,Villa,Yes,Yes,Residential,8660873,Yes
1849,P04699,90.2,1,1,1,4,12.14,Apartment,Yes,No,Suburban,1289796,Yes
1850,P06151,103.4,1,1,6,0,10.78,Apartment,Yes,No,Outskirts,1860854,No
1851,P06435,157.6,3,2,3,29,8.13,Duplex,No,Yes,Suburban,2914600,No
1852,P01277,59.6,2,1,15,38,0.5,Apartment,No,No,Downtown,1503336,Yes
1853,P05887,119.2,1,2,1,7,5.77,Apartment,No,Yes,Residential,2421855,Yes
1854,P08935,80.9,2,2,11,,17.93,Apartment,No,Yes,Outskirts,1053500,No
1855,P03650,84.5,1,2,13,24,24.85,Apartment,No,No,Outskirts,810504,No
1856,P06469,154.9,1,2,9,5,14.6,Apartment,Yes,No,Outskirts,1489137,No
1857,P05363,165.8,2,1,1,9,0.5,Villa,No,Yes,Downtown,6550646,Yes
1858,P03608,97,2,1,3,1,4.13,Apartment,Yes,No,Residential,2250319,Yes
1859,P06827,103,2,2,11,2,0.5,Apartment,No,No,Downtown,2576129,Yes
1860,P08964,75.7,2,1,10,15,14.44,Apartment,No,No,Suburban,1351418,No
1861,P01181,,2,2,4,28,15.41,Duplex,No,No,Suburban,2162120,No
1862,P05928,144.4,1,2,7,10,6.93,Duplex,No,No,Outskirts,2942158,No
1863,P05641,93.3,1,1,15,8,6.62,Duplex,No,Yes,Residential,1918484,Yes
1864,P05812,123.7,2,2,8,30,1.67,Apartment,No,Yes,Downtown,5023539,No
1865,P01525,186.7,2,1,12,6,7.48,Duplex,Yes,Yes,Suburban,2132173,Yes
1866,P01186,111.6,3,2,6,8,14.59,Apartment,Yes,Yes,Outskirts,1430027,No
1867,P06664,115.4,1,2,7,8,17.83,Apartment,No,Yes,Outskirts,1146311,No
1868,P08995,123.7,2,2,0,5,8.52,Apartment,No,Yes,Residential,2687380,No
1869,P03153,110.3,1,2,13,8,8.77,Duplex,No,Yes,Residential,2805764,Yes
1870,P00001,120.9,2,1,3,40,5.52,Apartment,No,Yes,Suburban,2203536,No
1871,P01429,85.2,1,1,10,6,12.61,Apartment,Yes,Yes,Suburban,1942782,No
1872,P04530,56.5,1,2,4,12,9.83,Apartment,No,Yes,Suburban,1091914,No
1873,P03740,51.4,1,1,15,6,7.12,Apartment,No,No,Residential,1948747,No
1874,P07790,82,1,2,8,7,8.37,Apartment,No,No,Residential,2064937,No
1875,P01407,168.8,2,1,0,9,21.92,Villa,No,Yes,Outskirts,4976163,No
1876,P07401,77,2,2,10,26,8.67,Apartment,No,Yes,Suburban,1386825,No
1877,P06244,87.2,2,1,5,9,8.84,Apartment,No,Yes,Suburban,1821783,Yes
1878,P01497,166,3,2,3,1,23.78,Villa,No,No,Outskirts,2489162,No
1879,P06551,125,1,2,5,1,25,Duplex,No,Yes,Outskirts,959117,No
1880,P05389,68.6,2,2,5,20,6.88,Apartment,No,No,Residential,1896424,No
1881,P02035,,3,3,0,25,1.52,Apartment,No,Yes,Downtown,1375991,Yes
1882,P01065,138.4,2,2,15,7,6,Duplex,No,No,Residential,4550298,No
1883,P03602,207,3,2,6,27,1.71,Villa,No,Yes,Downtown,8461062,Yes
1884,P04870,79.5,1,1,13,40,6.58,Apartment,Yes,No,Suburban,1603052,No
1885,P07625,101.6,1,1,12,3,5,Apartment,No,No,Residential,2438781,Yes
1886,P05935,50,1,2,11,8,4.49,Apartment,No,No,Residential,977463,Yes
1887,P08062,153.7,1,1,6,3,8.17,Apartment,Yes,Yes,Residential,3291676,Yes
1888,P05451,138.2,3,3,5,40,0.51,Villa,Yes,Yes,Downtown,4927185,Yes
1889,P02144,69.5,1,2,4,,11.4,Apartment,No,No,Outskirts,558187,No
1890,P00267,205.4,3,2,1,10,8.97,Villa,Yes,Yes,Residential,5410580,Yes
1891,P08422,95.4,2,1,0,1,17.54,Apartment,No,Yes,Outskirts,1855809,No
1892,P00432,132,2,2,15,1,10.88,Duplex,No,Yes,Suburban,2979925,No
1893,P02702,236.3,3,2,5,,12.31,Duplex,No,Yes,Suburban,3059859,No
1894,P04685,275.7,6,4,3,28,23.73,Villa,No,Yes,Outskirts,3538279,No
1895,P06091,235.9,3,3,13,9,0.95,Villa,No,Yes,Downtown,10562852,Yes
1896,P02929,194.1,4,2,1,5,1.17,Duplex,No,No,Residential,5126676,Yes
1897,P06183,159.9,2,1,8,13,15.18,Duplex,Yes,Yes,Outskirts,2942656,No
1898,P08548,124.5,3,3,11,4,13.35,Apartment,No,Yes,Suburban,1821407,No
1899,P08782,69.7,1,2,1,20,0.5,Apartment,No,No,Downtown,2017046,No
1900,P02889,112.5,1,2,15,2,0.5,Apartment,No,Yes,Downtown,4121542,Yes
1901,P08593,211.5,4,2,8,5,25,Villa,Yes,No,Outskirts,3698979,No
1902,P02451,99.8,1,1,6,12,9.95,Apartment,Yes,No,Suburban,2124076,No
1903,P06959,213.6,2,2,7,22,6.09,Duplex,No,Yes,Residential,5676469,Yes
1904,P05577,50,1,2,6,7,16.71,Apartment,No,No,Outskirts,511597,No
1905,P04409,108.3,1,2,3,9,20.64,Apartment,No,No,Outskirts,1207797,No
1906,P02432,234.2,5,4,3,15,15.28,Villa,No,Yes,Suburban,5477321,No
1907,P01027,178.7,4,2,8,0,20.71,Duplex,No,Yes,Outskirts,1620675,Yes
1908,P02689,,3,3,0,2,5.25,Villa,No,No,Residential,2502557,Yes
1909,P08043,101.6,1,2,3,35,22.18,Apartment,Yes,Yes,Outskirts,995615,No
1910,P00986,89.6,1,2,11,23,19.09,Apartment,No,Yes,Outskirts,1192651,No
1911,P01033,61.8,1,1,7,8,8.04,Apartment,No,Yes,Suburban,1092429,Yes
1912,P00995,213.2,3,2,2,13,25,Duplex,No,Yes,Outskirts,2815091,Yes
1913,P07506,98.6,1,1,6,40,8.64,Apartment,Yes,Yes,Suburban,2287067,No
1914,P02663,89,1,2,10,3,3.41,Apartment,Yes,Yes,Residential,2123788,Yes
1915,P07594,97,1,1,3,21,19.64,Apartment,Yes,Yes,Outskirts,895811,No
1916,P05219,285.9,5,3,10,2,5.88,Villa,No,No,Residential,4839950,Yes
1917,P06476,263.5,4,2,10,5,0.84,Villa,No,Yes,Downtown,9496130,Yes
1918,P03180,96,2,2,10,9,11.56,Apartment,No,Yes,Suburban,2129407,Yes
1919,P07123,50,1,1,13,20,18,Apartment,No,Yes,Outskirts,434135,No
1920,P05880,136.5,3,3,13,7,5.31,Apartment,No,No,Residential,3077787,No
1921,P08094,95.2,1,1,5,13,16.64,Apartment,Yes,Yes,Outskirts,1502088,No
1922,P05780,,1,1,3,6,1.88,Apartment,No,No,Downtown,1687796,Yes
1923,P07200,91.8,1,1,12,20,17.17,Apartment,Yes,No,Suburban,1544212,No
1924,P08410,190.3,3,2,0,9,7.65,Villa,No,Yes,Suburban,3732073,No
1925,P01726,50,2,1,13,8,0.5,Apartment,No,No,Downtown,881105,Yes
1926,P05151,123.1,3,2,8,4,12.36,Duplex,No,No,Suburban,1445439,No
1927,P07862,96.4,1,2,12,7,2.07,Apartment,Yes,Yes,Downtown,1906409,Yes
1928,P01032,82.7,1,1,8,32,6.38,Apartment,Yes,Yes,Suburban,1570914,Yes
1929,P06766,,4,2,12,10,11.98,Apartment,Yes,Yes,Suburban,3463605,Yes
1930,P00672,97,1,1,12,19,11.92,Apartment,Yes,Yes,Suburban,1627873,Yes
1931,P02789,222.6,4,2,1,22,18.04,Villa,No,No,Outskirts,3122760,No
1932,P05993,76.2,2,2,9,3,14.98,Apartment,Yes,Yes,Outskirts,1199196,No
1933,P06353,146,2,1,8,4,13.97,Apartment,No,Yes,Suburban,1973283,Yes
1934,P01171,171,3,3,6,17,5.01,Duplex,No,Yes,Residential,4788865,Yes
1935,P02626,59.5,2,2,0,5,7,Apartment,No,Yes,Residential,1053591,Yes
1936,P01723,111.8,3,2,6,0,12.75,Apartment,Yes,No,Suburban,2248207,No
1937,P07086,176.4,2,2,2,19,8.82,Duplex,Yes,Yes,Suburban,2835254,Yes
1938,P06094,164,2,1,7,24,13.97,Duplex,Yes,Yes,Suburban,2525969,No
1939,P07193,105.8,1,2,9,0,13.25,Apartment,No,Yes,Suburban,1445855,No
1940,P07645,164.5,2,1,14,0,8.37,Duplex,Yes,Yes,Suburban,2178957,Yes
1941,P02306,50,2,1,10,5,5.46,Apartment,Yes,Yes,Residential,1124125,Yes
1942,P01016,89.7,2,2,14,4,0.5,Apartment,No,Yes,Downtown,1679042,Yes
1943,P04125,119.6,3,3,10,6,20.74,Duplex,No,Yes,Outskirts,1281515,No
1944,P03643,126.6,1,2,2,1,21.85,Apartment,No,Yes,Outskirts,2241688,No
1945,P04379,90.4,1,2,15,31,17.54,Apartment,Yes,Yes,Outskirts,889082,No
1946,P05293,219.3,3,2,15,40,20.41,Duplex,Yes,Yes,Outskirts,3326391,No
1947,P06221,216.3,4,3,3,3,2.94,Villa,No,Yes,Residential,3192386,Yes
1948,P01061,140.7,2,2,7,,19.57,Duplex,Yes,Yes,Outskirts,1913928,No
1949,P02756,135.7,2,2,0,2,12.15,Apartment,No,No,Suburban,2018226,No
1950,P05578,272.7,6,4,2,34,12.91,Villa,No,Yes,Suburban,8765747,No
1951,P08132,136.2,1,2,4,0,18.04,Apartment,No,No,Outskirts,1055030,No
1952,P05687,185.5,2,1,2,30,1.53,Villa,Yes,Yes,Downtown,7275566,No
1953,P01219,94.9,2,1,8,5,5.08,Duplex,Yes,Yes,Suburban,1678380,Yes
1954,P04130,300,5,4,1,2,14.27,Villa,No,Yes,Outskirts,4306646,Yes
1955,P04534,137.6,1,1,11,11,7.07,Apartment,Yes,Yes,Residential,3538806,No
1956,P07967,99.4,1,1,1,10,13.31,Apartment,Yes,Yes,Suburban,1378505,Yes
1957,P07102,169.6,2,2,1,2,4.26,Duplex,No,Yes,Residential,5045115,Yes
1958,P06837,194.7,3,3,0,4,1.23,Villa,Yes,Yes,Downtown,6536979,Yes
1959,P03300,99.6,2,2,15,1,0.5,Apartment,Yes,No,Downtown,3192580,Yes
1960,P05154,208.6,4,3,0,14,2.75,Duplex,No,Yes,Residential,1698546,Yes
1961,P02532,,1,1,6,4,6.65,Apartment,No,Yes,Suburban,1741111,No
1962,P02272,119.9,1,2,7,29,10.78,Apartment,No,No,Suburban,1489099,No
1963,P07809,121.5,2,2,13,2,17.29,Duplex,No,Yes,Outskirts,2514678,No
1964,P01176,67.1,1,2,10,1,10.16,Apartment,No,No,Suburban,889474,Yes
1965,P00016,110.1,2,2,14,3,8.33,Duplex,No,Yes,Residential,2801869,Yes
1966,P01210,172.7,4,2,15,21,4.63,Duplex,No,No,Residential,3991779,Yes
1967,P03553,75.4,1,2,10,11,6.59,Apartment,No,Yes,Residential,1244861,No
1968,P08787,194.2,2,2,12,6,6.39,Duplex,Yes,Yes,Suburban,4470522,Yes
1969,P01107,104,1,2,9,12,0.87,Apartment,No,Yes,Downtown,2817554,Yes
1970,P07592,111.9,2,1,12,12,17.67,Duplex,No,Yes,Outskirts,2464637,No
1971,P00595,114.3,1,1,7,18,1.9,Apartment,No,No,Downtown,3364277,No
1972,P01243,133.8,2,2,10,40,6.1,Apartment,Yes,No,Residential,3298425,No
1973,P04342,90.5,1,1,10,4,1.62,Apartment,No,No,Downtown,1860027,Yes
1974,P02125,119,1,1,7,,7.25,Apartment,No,Yes,Residential,3525720,No
1975,P06756,159.4,1,2,2,1,0.5,Apartment,No,No,Downtown,4948305,Yes
1976,P04005,50,1,1,10,6,12.52,Apartment,Yes,No,Suburban,432341,No
1977,P00132,274.1,5,4,3,23,20.76,Villa,No,Yes,Outskirts,4530451,No
1978,P00952,197,4,3,14,8,7.25,Duplex,No,Yes,Residential,4367701,Yes
1979,P05707,68.8,1,2,7,6,16.07,Apartment,No,No,Outskirts,774805,No
1980,P08547,285.4,4,2,0,1,16.28,Villa,Yes,Yes,Suburban,7070965,Yes
1981,P07037,,3,2,0,4,0.5,Villa,No,No,Downtown,540853,Yes
1982,P07922,91.9,1,2,14,26,6.32,Apartment,No,No,Residential,2401039,No
1983,P05444,73.3,1,1,7,0,9.52,Apartment,No,Yes,Suburban,1380090,No
1984,P06805,83.5,2,1,0,6,17.51,Apartment,No,Yes,Outskirts,1102364,No
1985,P05757,121.8,2,2,15,4,1.79,Apartment,No,No,Downtown,3139228,Yes
1986,P03363,100.7,1,2,11,5,10.55,Apartment,Yes,No,Suburban,1601760,No
1987,P02776,53.3,1,2,5,2,6.14,Duplex,No,No,Residential,914868,Yes
1988,P05973,144.6,1,1,0,2,9.48,Duplex,Yes,Yes,Suburban,3277528,Yes
1989,P01147,149.3,2,2,6,40,10.84,Duplex,Yes,Yes,Suburban,2021508,Yes
1990,P05979,266.7,4,2,13,3,0.5,Villa,No,Yes,Downtown,5171749,Yes
1991,P02828,98.1,2,1,2,13,5.59,Apartment,No,Yes,Residential,2426510,Yes
1992,P03912,134.5,3,2,0,14,6.41,Duplex,No,Yes,Residential,2407337,Yes
1993,P01797,66.5,1,1,6,14,8.05,Apartment,Yes,No,Suburban,812190,Yes
1994,P06969,114.9,1,1,9,35,15.42,Duplex,No,Yes,Suburban,2231128,No
1995,P00685,77.7,2,2,8,5,8.65,Apartment,No,No,Suburban,1578817,No
1996,P06657,210,3,2,3,15,7.12,Villa,No,Yes,Suburban,5666457,Yes
1997,P00454,160.8,4,3,13,7,1.78,Villa,No,Yes,Downtown,5241992,Yes
1998,P03112,103.3,1,2,0,6,5.2,Apartment,No,No,Residential,2563055,No
1999,P07159,208.8,3,3,1,11,2.09,Villa,No,No,Downtown,7558625,Yes
2000,P03058,127.4,2,1,6,1,0.5,Apartment,No,No,Downtown,2269692,Yes
2001,P05472,132.8,3,2,5,6,2.27,Duplex,No,No,Downtown,4040284,Yes
2002,P08867,73.5,2,1,5,14,1.07,Apartment,No,No,Downtown,2051368,Yes
2003,P04646,127.5,1,1,15,19,10.17,Apartment,No,Yes,Outskirts,1640867,Yes
2004,P05986,177.4,4,2,2,15,7.2,Villa,No,Yes,Residential,4641231,Yes
2005,P01597,172.3,3,2,13,4,0.5,Duplex,No,No,Downtown,4954394,Yes
2006,P04487,71.5,1,1,11,1,9.17,Apartment,No,No,Suburban,1468128,No
2007,P05317,162.9,3,3,9,25,2.42,Duplex,No,Yes,Downtown,370720,Yes
2008,P06723,93.6,1,2,12,1,3.6,Apartment,No,No,Residential,2056769,Yes
2009,P02538,273.6,6,4,2,2,3.98,Villa,Yes,Yes,Residential,4933542,Yes
2010,P01782,176.7,3,3,5,17,8.47,Duplex,No,Yes,Suburban,2435244,Yes
2011,P00572,114,1,1,10,24,15.44,Duplex,No,Yes,Outskirts,1901278,No
2012,P08836,168.6,2,2,6,11,0.5,Duplex,No,Yes,Downtown,5939132,Yes
2013,P06337,61.2,2,1,15,3,3.24,Apartment,No,Yes,Residential,1182630,Yes
2014,P07457,116.3,3,3,15,6,9.77,Apartment,No,No,Suburban,581763,Yes
2015,P04854,50,1,2,2,,0.51,Apartment,No,Yes,Downtown,1255097,Yes
2016,P04949,136,1,1,14,3,14.72,Duplex,No,No,Suburban,823930,No
2017,P07122,292.7,6,4,0,40,1.69,Villa,No,Yes,Downtown,7251929,Yes
2018,P05308,,2,1,7,17,7.61,Apartment,No,Yes,Residential,1766322,Yes
2019,P07460,205,2,1,15,7,14.41,Duplex,Yes,No,Suburban,2514959,Yes
2020,P03770,100,1,2,12,2,8.69,Apartment,No,Yes,Suburban,1616613,Yes
2021,P06146,195.4,2,1,3,0,10.32,Villa,No,No,Suburban,4010805,No
2022,P05008,111.6,1,2,0,40,20.38,Duplex,No,No,Suburban,2094750,No
2023,P04681,121.4,2,2,10,12,18.57,Apartment,Yes,No,Outskirts,1458421,No
2024,P04460,106.5,3,2,11,11,23.49,Apartment,No,Yes,Outskirts,1391644,No
2025,P02588,145.6,3,3,13,4,1.91,Duplex,No,Yes,Downtown,3074069,Yes
2026,P04502,86.3,1,1,12,3,2.53,Apartment,Yes,No,Residential,2073159,No
2027,P06680,50,1,2,10,2,4.51,Apartment,No,No,Residential,1481860,Yes
2028,P06824,98.2,1,1,8,40,3.11,Apartment,Yes,No,Downtown,2066556,Yes
2029,P07870,166,2,1,0,12,16.64,Villa,No,Yes,Suburban,4741846,Yes
2030,P03996,261.6,5,4,2,7,0.5,Villa,No,Yes,Downtown,7629633,Yes
2031,P04381,174.1,3,2,1,5,14.53,Villa,No,Yes,Suburban,4563460,No
2032,P06188,52.2,1,1,11,23,3.44,Apartment,No,No,Residential,768727,Yes
2033,P07732,147.2,2,1,12,18,8.89,Apartment,No,Yes,Residential,3559601,No
2034,P00832,91.8,1,1,5,2,11.74,Apartment,No,Yes,Suburban,1114089,Yes
2035,P04134,50,2,2,2,36,14.7,Apartment,Yes,No,Suburban,1224580,No
2036,P08671,143.9,2,1,2,40,0.5,Duplex,No,Yes,Downtown,2786566,Yes
2037,P00624,168.7,2,1,14,1,1.96,Duplex,No,Yes,Residential,4110504,Yes
2038,P07317,222.5,4,3,2,3,20.24,Villa,Yes,Yes,Outskirts,4798707,No
2039,P00187,102.1,2,2,15,14,5.12,Apartment,No,Yes,Residential,1833934,No
2040,P02200,69.1,1,1,12,14,7.57,Apartment,No,Yes,Suburban,1221203,Yes
2041,P01864,93,1,1,11,35,10.09,Apartment,Yes,No,Suburban,1579960,No
2042,P00318,278.7,4,2,2,14,6.21,Villa,Yes,No,Suburban,4025245,No
2043,P04128,89.7,2,1,8,11,7.33,Apartment,No,No,Residential,2013948,Yes
2044,P06769,182.7,3,2,6,4,18.04,Duplex,Yes,No,Outskirts,2150117,No
2045,P07130,65.8,2,2,9,5,4.77,Apartment,Yes,No,Residential,2137991,Yes
2046,P03703,126.4,1,2,13,7,12.73,Apartment,No,No,Suburban,2011440,No
2047,P02615,240.9,4,3,5,1,5.92,Villa,No,Yes,Residential,6265344,Yes
2048,P01502,68.3,1,1,7,1,21.69,Apartment,No,No,Outskirts,873625,No
2049,P03827,71.2,1,1,11,8,8.25,Apartment,Yes,Yes,Residential,1550920,Yes
2050,P03940,50,1,2,5,0,0.5,Apartment,No,Yes,Downtown,1063650,Yes
2051,P02126,,2,2,11,5,2.58,Apartment,No,Yes,Residential,1590682,Yes
2052,P01032,82.7,1,1,8,32,6.38,Apartment,Yes,Yes,Suburban,1570914,Yes
2053,P05133,57.5,1,1,6,1,5.72,Apartment,No,Yes,Residential,1657831,Yes
2054,P06528,133.1,2,2,10,1,1.07,Apartment,No,Yes,Downtown,2923012,No
2055,P06114,235.3,5,4,2,18,17.59,Villa,No,Yes,Outskirts,4809573,No
2056,P06062,186.4,3,2,2,8,6.61,Villa,No,Yes,Residential,4030055,No
2057,P07071,221.2,3,3,10,3,6.85,Duplex,Yes,Yes,Suburban,4268280,Yes
2058,P04348,169.2,2,2,14,7,20.15,Duplex,No,Yes,Outskirts,1873110,Yes
2059,P01151,107.6,2,2,6,6,1.57,Apartment,Yes,Yes,Downtown,4171246,No
2060,P08596,89.4,1,2,4,8,8.06,Apartment,No,Yes,Suburban,1134567,Yes
2061,P05633,196.9,2,2,9,1,5.36,Duplex,No,Yes,Residential,3925138,Yes
2062,P07897,83.3,1,2,14,19,2.51,Apartment,No,Yes,Suburban,1259651,No
2063,P08681,166.3,2,2,8,27,0.5,Duplex,No,Yes,Downtown,3913747,No
2064,P06946,183.1,4,2,6,13,10.64,Duplex,Yes,Yes,Suburban,6214608,Yes
2065,P03172,147.9,3,2,11,11,6.18,Duplex,No,Yes,Suburban,3025723,Yes
2066,P01885,203.2,2,2,6,3,4.5,Villa,No,Yes,Residential,4313292,Yes
2067,P01003,192.9,3,2,13,7,0.5,Duplex,No,Yes,Downtown,5368461,Yes
2068,P00633,54,1,2,11,3,0.77,Apartment,Yes,Yes,Downtown,1848676,Yes
2069,P08542,74.7,2,2,5,2,0.71,Apartment,Yes,No,Downtown,1684446,Yes
2070,P02014,138.1,1,1,3,,3.87,Apartment,No,Yes,Residential,2787845,No
2071,P04952,85.1,2,1,13,7,13.35,Apartment,No,No,Suburban,1133087,No
2072,P02760,231.7,4,2,2,4,13.56,Duplex,No,Yes,Suburban,5691098,Yes
2073,P02934,133.8,2,1,12,7,13.56,Apartment,Yes,No,Outskirts,1769133,Yes
2074,P04214,108.4,1,1,13,7,0.5,Apartment,No,Yes,Downtown,2851135,Yes
2075,P04813,206.9,4,2,7,15,12.92,Duplex,Yes,Yes,Suburban,3656833,Yes
2076,P07402,124.3,3,2,15,32,5.15,Apartment,Yes,No,Residential,2912794,Yes
2077,P01333,163.8,2,2,13,7,8.19,Duplex,No,Yes,Suburban,4304897,No
2078,P02963,111.2,3,3,6,,1.18,Apartment,No,Yes,Downtown,1936748,Yes
2079,P01351,124.7,1,1,2,,14.28,Apartment,Yes,No,Suburban,3096691,No
2080,P03629,216.4,4,3,15,22,10.86,Duplex,Yes,Yes,Suburban,5177351,No
2081,P06788,159.3,3,3,9,16,15.5,Duplex,No,Yes,Suburban,3872662,No
2082,P07555,62.5,1,1,14,2,8.49,Apartment,No,No,Suburban,480634,Yes
2083,P02610,63,1,2,7,6,5.37,Apartment,Yes,Yes,Residential,1011279,No
2084,P02910,,2,1,7,3,10.13,Villa,No,Yes,Suburban,4115977,Yes
2085,P07285,216.8,5,3,2,10,19.29,Villa,No,Yes,Outskirts,4491578,No
2086,P02837,160.5,2,2,6,8,9.95,Apartment,Yes,Yes,Suburban,4085816,No
2087,P03266,50,1,1,11,2,5.13,Apartment,Yes,No,Residential,1166205,Yes
2088,P00218,231.6,3,2,15,14,0.5,Villa,No,Yes,Downtown,7317129,Yes
2089,P08408,72.4,1,1,12,5,12.05,Apartment,No,Yes,Suburban,970503,Yes
2090,P07649,126.8,1,2,1,17,3.85,Apartment,No,No,Residential,3171346,Yes
2091,P02790,187.7,3,3,3,6,4.99,Duplex,Yes,Yes,Residential,4007542,Yes
2092,P06988,63.2,2,1,10,3,0.83,Apartment,Yes,Yes,Downtown,2480706,No
2093,P00651,191.3,4,3,14,5,4.8,Duplex,No,No,Residential,4360938,Yes
2094,P03167,108.9,2,1,11,0,1.16,Apartment,No,Yes,Downtown,5515060,No
2095,P01582,123.5,2,2,11,1,3.5,Duplex,No,Yes,Residential,1858716,Yes
2096,P02769,187.7,4,2,5,1,18.08,Duplex,No,Yes,Outskirts,2785667,No
2097,P05881,176.3,2,2,6,0,3.2,Duplex,No,Yes,Residential,4160376,Yes
2098,P07753,,3,2,2,12,16.6,Villa,Yes,No,Outskirts,2215512,No
2099,P00360,120.5,3,2,15,15,11.87,Apartment,Yes,No,Suburban,1842328,No
2100,P01961,249.6,3,2,1,13,9.82,Villa,Yes,Yes,Suburban,4267079,Yes
2101,P06878,109.3,1,2,13,7,8.8,Apartment,No,Yes,Residential,4010744,No
2102,P04039,139,1,2,10,8,8.29,Duplex,No,Yes,Residential,2913180,Yes
2103,P05084,81.5,1,2,14,0,1.51,Apartment,Yes,Yes,Downtown,3694659,Yes
2104,P00420,71.7,1,2,6,21,16.01,Apartment,No,Yes,Outskirts,903343,No
2105,P00181,50,1,2,13,9,19.45,Apartment,Yes,No,Outskirts,850460,No
2106,P08343,122.4,2,2,3,5,11.71,Apartment,No,Yes,Suburban,2328570,No
2107,P02560,,2,2,10,20,0.79,Apartment,No,No,Downtown,2534443,Yes
2108,P02990,76,1,1,5,40,15.46,Apartment,No,Yes,Suburban,1008440,No
2109,P08762,85.3,1,2,4,8,0.8,Apartment,No,No,Downtown,2197420,No
2110,P03041,127.9,1,2,13,25,5.95,Duplex,Yes,Yes,Residential,2269276,Yes
2111,P00787,86.1,1,1,4,31,20.89,Apartment,No,No,Outskirts,685235,No
2112,P07361,170.8,4,3,13,5,2.89,Duplex,No,Yes,Residential,5407831,Yes
2113,P00371,128.4,3,3,12,6,8.43,Duplex,No,No,Suburban,3137502,No
2114,P06179,67.4,2,2,5,14,4.1,Apartment,No,No,Residential,1384386,Yes
2115,P08428,73.3,1,2,11,3,5.61,Apartment,No,No,Residential,1790453,Yes
2116,P02171,100.6,2,1,6,3,0.5,Apartment,No,Yes,Residential,2974349,Yes
2117,P01183,143.2,2,1,4,2,0.83,Duplex,Yes,Yes,Downtown,5959198,Yes
2118,P04905,72.9,2,1,3,1,17.46,Apartment,No,No,Suburban,571699,Yes
2119,P06771,300,6,4,3,19,2.94,Villa,No,No,Residential,7148272,Yes
2120,P05846,152.8,2,2,4,2,19.35,Apartment,No,Yes,Outskirts,1546923,Yes
2121,P04545,79.6,1,2,7,16,8.46,Apartment,Yes,No,Residential,1383183,Yes
2122,P03767,237.9,4,2,0,7,9.68,Villa,No,Yes,Suburban,7529289,Yes
2123,P01071,232.1,5,4,1,,18.68,Villa,Yes,Yes,Outskirts,5271972,No
2124,P08216,112.4,3,3,6,2,1.13,Apartment,Yes,Yes,Downtown,3268023,Yes
2125,P03399,242.8,3,3,15,13,12.72,Villa,Yes,Yes,Suburban,6381470,Yes
2126,P06314,144,3,2,11,11,2.59,Duplex,No,Yes,Downtown,5295951,Yes
2127,P00503,62,2,2,10,1,10.43,Apartment,No,Yes,Outskirts,1333596,No
2128,P00757,177.4,3,3,14,2,7.05,Duplex,No,Yes,Residential,4510863,Yes
2129,P04865,130.3,3,3,9,11,7.56,Duplex,Yes,Yes,Suburban,3672798,Yes
2130,P05904,124.6,1,2,7,3,17.59,Duplex,No,Yes,Suburban,2687597,Yes
2131,P00532,139.7,1,1,13,11,4.44,Apartment,No,Yes,Suburban,2751965,Yes
2132,P02087,147.1,2,1,11,13,3.97,Duplex,Yes,Yes,Residential,3910988,Yes
2133,P08752,84.7,1,1,8,6,4.39,Apartment,No,Yes,Residential,1367732,Yes
2134,P02268,65.1,1,1,5,9,13.67,Apartment,Yes,Yes,Suburban,1214949,Yes
2135,P05929,240.9,5,4,3,18,22.63,Villa,Yes,No,Outskirts,3567587,No
2136,P08036,135,2,2,4,29,20.29,Duplex,No,Yes,Outskirts,2744017,Yes
2137,P05829,96.6,1,1,7,21,7.15,Apartment,No,Yes,Suburban,1108749,Yes
2138,P08959,257,3,3,2,6,0.68,Villa,No,No,Downtown,8124203,Yes
2139,P07647,125.7,2,2,3,4,0.87,Apartment,Yes,No,Downtown,3267047,Yes
2140,P01060,99.9,1,2,11,8,10.94,Apartment,No,No,Suburban,1172812,No
2141,P08632,117.9,1,2,13,40,11.48,Apartment,No,Yes,Suburban,2044634,Yes
2142,P04412,113.2,1,2,13,6,0.5,Duplex,No,Yes,Downtown,2207109,Yes
2143,P00963,90.3,2,2,4,32,1.72,Apartment,Yes,No,Downtown,2085009,No
2144,P07989,88.8,1,2,3,7,11.28,Apartment,Yes,Yes,Suburban,1975157,No
2145,P04800,109.2,2,2,9,3,8.14,Apartment,No,No,Suburban,1940544,No
2146,P02065,139.5,1,2,5,21,2.4,Duplex,Yes,No,Residential,2008007,Yes
2147,P03264,259.4,4,2,5,16,8.29,Villa,No,Yes,Residential,6803359,Yes
2148,P00626,168.3,2,1,14,7,3,Duplex,No,Yes,Residential,3999117,Yes
2149,P05778,109.5,1,2,2,5,13.04,Duplex,No,No,Suburban,1730383,Yes
2150,P03016,227.1,3,3,0,31,11.03,Villa,No,No,Suburban,4997436,No
2151,P01565,262.3,3,2,3,26,8.78,Villa,No,Yes,Suburban,3802577,No
2152,P07992,107,1,2,1,33,19.18,Apartment,No,No,Outskirts,1110232,No
2153,P06443,187.7,4,2,13,20,16.72,Duplex,No,Yes,Outskirts,2919216,No
2154,P07943,82.4,2,2,12,10,0.5,Apartment,No,No,Suburban,1883599,Yes
2155,P01116,174.8,2,2,11,5,0.5,Duplex,No,Yes,Downtown,3660604,Yes
2156,P00622,294.1,5,4,3,14,5.83,Villa,No,Yes,Residential,7270996,Yes
2157,P05159,273.5,5,3,3,0,5.3,Villa,No,No,Residential,9400112,No
2158,P02380,171.2,3,3,1,5,9.92,Duplex,Yes,No,Suburban,3169998,Yes
2159,P08152,168.5,2,2,4,23,14.36,Duplex,No,No,Suburban,2972587,No
2160,P02398,60.9,1,2,4,,0.5,Apartment,No,Yes,Downtown,2053230,Yes
2161,P00713,57.8,1,1,15,,12.5,Apartment,Yes,Yes,Outskirts,931110,No
2162,P00327,188.8,2,2,3,5,12.06,Villa,No,Yes,Outskirts,3447011,Yes
2163,P03469,146.3,3,3,8,8,8.78,Duplex,Yes,Yes,Residential,3340942,Yes
2164,P03518,161.1,2,2,9,3,1.18,Duplex,No,Yes,Downtown,3328937,Yes
2165,P06765,119.9,3,3,2,12,7.18,Apartment,No,Yes,Residential,2348629,No
2166,P06014,102.9,1,2,0,4,12.69,Apartment,No,No,Suburban,780062,Yes
2167,P00173,260.1,4,3,6,4,4.83,Villa,No,Yes,Residential,7412011,Yes
2168,P06311,105.8,3,3,3,7,1.55,Duplex,No,No,Downtown,2452454,Yes
2169,P08069,200.8,2,2,4,8,2.39,Villa,Yes,Yes,Downtown,6567062,Yes
2170,P06547,157.3,1,2,8,6,0.5,Duplex,No,Yes,Downtown,5500361,Yes
2171,P07176,176.9,4,3,9,5,0.9,Duplex,No,Yes,Downtown,5558882,No
2172,P02302,115.4,3,2,8,2,9.69,Apartment,No,Yes,Suburban,1226045,Yes
2173,P06367,108.6,1,1,2,0,5.51,Apartment,Yes,No,Residential,1824760,Yes
2174,P04192,64.5,2,1,14,7,9.8,Apartment,Yes,Yes,Suburban,845610,Yes
2175,P00067,217.3,5,4,8,4,6.98,Villa,Yes,Yes,Suburban,3794786,Yes
2176,P01550,241.4,5,4,3,10,2.25,Villa,No,Yes,Residential,8218862,Yes
2177,P01209,75.5,1,1,15,5,7.25,Apartment,No,No,Residential,1840963,No
2178,P08510,75.6,1,1,7,3,6.63,Apartment,No,Yes,Outskirts,1095308,No
2179,P08163,185.6,3,2,3,12,5.93,Duplex,No,Yes,Residential,2558920,Yes
2180,P05076,,3,2,13,1,2.7,Duplex,No,No,Residential,3687405,Yes
2181,P08440,99.1,2,2,14,0,2,Apartment,Yes,Yes,Downtown,2606147,Yes
2182,P06059,131.1,2,2,4,0,16.39,Duplex,No,Yes,Outskirts,2449399,No
2183,P04284,240.5,3,2,12,21,2.28,Villa,Yes,No,Downtown,4549302,Yes
2184,P06641,77.9,1,1,15,18,0.5,Apartment,No,Yes,Downtown,2743601,Yes
2185,P07229,183.4,2,2,1,24,0.52,Villa,No,Yes,Downtown,4723672,Yes
2186,P00192,176.2,4,2,9,13,5.39,Villa,Yes,Yes,Residential,6445239,No
2187,P04475,83,2,1,10,7,4.59,Apartment,Yes,No,Residential,1530609,Yes
2188,P00440,180.8,4,2,7,1,9.53,Duplex,No,Yes,Suburban,3766119,No
2189,P02736,141.4,2,2,13,2,7.17,Duplex,Yes,Yes,Residential,3581227,Yes
2190,P08580,,1,2,1,15,0.5,Apartment,No,Yes,Downtown,1368850,Yes
2191,P00665,141.2,3,3,8,23,7.62,Duplex,Yes,Yes,Residential,3665353,Yes
2192,P01425,130.1,3,3,7,19,5.61,Apartment,No,Yes,Residential,1761370,Yes
2193,P07660,50,1,1,0,4,10.99,Apartment,No,Yes,Suburban,1125233,Yes
2194,P08844,101,1,2,5,1,11.81,Apartment,Yes,No,Suburban,1872485,No
2195,P07638,172.7,2,1,11,2,15.73,Duplex,No,No,Outskirts,2553998,No
2196,P01115,121.6,3,2,9,13,17.56,Apartment,No,Yes,Outskirts,1533243,No
2197,P07413,114.1,1,2,4,11,0.5,Duplex,Yes,No,Downtown,2324236,Yes
2198,P02523,168,4,2,8,15,3.73,Duplex,Yes,No,Residential,2698725,Yes
2199,P00474,100.2,2,2,7,6,0.5,Apartment,No,Yes,Downtown,2767895,Yes
2200,P06665,149.1,3,3,4,2,7.58,Duplex,No,Yes,Residential,3476724,Yes
2201,P00496,170.1,2,2,5,8,11.56,Duplex,No,No,Suburban,3361043,Yes
2202,P02131,80.5,2,1,3,40,6.47,Apartment,Yes,No,Residential,1383112,No
2203,P00707,129,1,1,8,12,10.13,Duplex,No,Yes,Suburban,2376450,Yes
2204,P04240,125.4,2,2,11,,6.23,Apartment,Yes,No,Suburban,2410192,Yes
2205,P06280,171.6,2,1,7,3,2.74,Duplex,No,Yes,Downtown,2330051,Yes
2206,P06870,109.4,3,3,14,14,10.23,Apartment,Yes,No,Suburban,1872131,Yes
2207,P07117,143.8,2,1,6,12,7.96,Duplex,No,Yes,Residential,3561770,No
2208,P05412,55.4,2,2,7,1,8.63,Apartment,Yes,Yes,Suburban,1021786,Yes
2209,P08733,137.2,3,3,11,17,5.81,Duplex,Yes,Yes,Residential,3866966,Yes
2210,P04804,92.9,1,2,1,11,8.97,Apartment,No,Yes,Residential,1954082,Yes
2211,P08008,73.8,1,1,1,37,19.87,Apartment,No,No,Outskirts,985384,No
2212,P03753,105.2,3,2,2,22,4.95,Apartment,No,No,Residential,2779762,Yes
2213,P01189,300,5,4,5,21,0.98,Villa,No,Yes,Downtown,9824556,Yes
2214,P08072,89.9,1,1,14,3,15.57,Apartment,Yes,Yes,Suburban,1847367,No
2215,P05202,94,2,1,8,1,2.29,Apartment,No,No,Downtown,1755168,Yes
2216,P01475,113.9,2,2,14,7,12.5,Apartment,No,No,Suburban,1918295,Yes
2217,P05603,80.3,2,2,4,0,12.65,Apartment,No,No,Outskirts,1163025,No
2218,P01458,239.4,4,2,1,12,4.84,Villa,No,Yes,Residential,7077041,Yes
2219,P04030,56,1,1,13,3,12.9,Apartment,Yes,No,Outskirts,617133,No
2220,P06929,200.3,3,3,4,1,5.63,Villa,No,Yes,Residential,6154625,Yes
2221,P07682,277.4,4,3,8,13,6.17,Villa,Yes,Yes,Suburban,6524305,Yes
2222,P00333,211.9,4,3,1,35,8.73,Villa,Yes,No,Suburban,3441981,Yes
2223,P03544,143.7,2,1,4,17,6.09,Apartment,No,No,Residential,1829561,Yes
2224,P06607,120.5,3,3,2,7,17.3,Apartment,No,Yes,Outskirts,1953701,No
2225,P04115,,2,1,3,1,16.51,Duplex,No,Yes,Suburban,2616489,No
2226,P01738,209.8,3,3,1,7,2.12,Villa,Yes,Yes,Residential,3207184,Yes
2227,P00060,211.1,3,3,1,22,2.47,Duplex,No,Yes,Downtown,5249916,Yes
2228,P05039,237.5,5,4,4,4,13.67,Villa,No,Yes,Outskirts,2554925,Yes
2229,P08822,195.9,4,2,9,40,5.98,Duplex,No,Yes,Residential,6156612,Yes
2230,P05022,204.3,4,2,8,20,16.7,Duplex,No,Yes,Outskirts,2712479,No
2231,P01652,50.3,1,1,13,12,8.43,Apartment,No,Yes,Residential,1018274,No
2232,P05398,50,1,2,15,1,3.75,Apartment,Yes,Yes,Residential,1638423,Yes
2233,P03136,76.3,2,1,0,20,19.47,Apartment,No,Yes,Suburban,873516,Yes
2234,P06076,182.4,2,2,6,27,13.68,Villa,No,No,Suburban,4927626,No
2235,P03962,121.7,3,2,11,12,1.7,Duplex,No,No,Downtown,5559642,Yes
2236,P08407,199.8,3,3,0,8,2.7,Villa,No,No,Downtown,7081400,No
2237,P03577,171.4,4,2,10,12,12.21,Duplex,No,Yes,Outskirts,2710354,Yes
2238,P05403,131.2,2,1,10,18,6.97,Duplex,No,No,Residential,3090990,Yes
2239,P07112,65.7,1,2,10,5,10.57,Apartment,Yes,Yes,Suburban,999255,No
2240,P04778,91.1,2,2,13,33,1.04,Apartment,No,Yes,Downtown,2895841,No
2241,P06620,,2,2,0,27,3.85,Villa,No,Yes,Residential,4607898,Yes
2242,P05695,216.7,3,2,3,23,13.9,Villa,Yes,No,Suburban,4022797,No
2243,P03919,,2,2,4,23,20.07,Apartment,Yes,No,Suburban,1939778,No
2244,P01767,59.9,1,2,9,13,22.13,Apartment,No,Yes,Outskirts,755442,No
2245,P00351,71.7,1,1,12,18,12.82,Apartment,No,Yes,Suburban,1093508,No
2246,P05341,112.2,2,1,2,19,3.81,Apartment,No,Yes,Residential,1365481,No
2247,P03531,151.1,3,2,3,15,0.64,Villa,Yes,Yes,Downtown,5336430,Yes
2248,P08884,209.3,3,2,1,7,0.5,Villa,No,Yes,Downtown,5763174,Yes
2249,P01646,75.1,1,1,7,13,3.66,Apartment,Yes,No,Residential,2282922,No
2250,P00443,139.3,2,2,1,19,17.91,Villa,No,Yes,Suburban,2398073,Yes
2251,P02712,132.4,1,2,8,40,5.97,Duplex,No,Yes,Residential,3518807,No
2252,P07188,199.9,3,2,2,23,6.77,Villa,No,No,Residential,6385223,No
2253,P07318,270.5,4,2,2,26,17.48,Villa,No,Yes,Outskirts,2209609,No
2254,P03667,124,1,1,12,10,2.73,Apartment,Yes,No,Residential,1912532,Yes
2255,P03967,134.7,1,2,13,2,7.82,Duplex,No,Yes,Residential,2117349,Yes
2256,P01581,175.7,3,3,10,17,19.8,Duplex,Yes,Yes,Outskirts,2979238,No
2257,P04864,227.7,4,2,7,1,14.23,Duplex,Yes,No,Suburban,4621790,Yes
2258,P04225,,4,2,9,7,2.5,Duplex,Yes,Yes,Residential,2448194,Yes
2259,P08071,160.5,2,2,8,,3.8,Villa,No,Yes,Residential,4490151,Yes
2260,P01223,208.7,4,2,9,15,19.8,Duplex,No,Yes,Outskirts,3164247,No
2261,P07111,152.3,1,1,14,9,19.06,Duplex,Yes,Yes,Outskirts,1828545,No
2262,P07183,247.7,4,3,1,12,11.97,Villa,Yes,Yes,Suburban,7563373,Yes
2263,P08304,112.2,2,1,9,15,4.78,Apartment,No,Yes,Residential,2114104,Yes
2264,P06936,63.4,1,2,10,1,6.84,Apartment,Yes,Yes,Suburban,921433,No
2265,P02387,99.1,1,1,6,4,18.24,Apartment,Yes,No,Outskirts,780678,No
2266,P01856,88.8,1,1,12,40,24.22,Apartment,No,Yes,Outskirts,674169,No
2267,P05678,107.5,3,3,10,25,17.01,Apartment,No,Yes,Suburban,1667195,No
2268,P06315,114.5,1,1,6,4,8.13,Apartment,No,No,Suburban,2625167,Yes
2269,P04640,,3,2,10,28,6.27,Duplex,No,Yes,Residential,3733159,Yes
2270,P04842,239.5,5,4,7,6,7.28,Villa,No,Yes,Residential,8750965,Yes
2271,P05194,155.8,1,1,10,3,6.04,Duplex,No,Yes,Suburban,2178050,Yes
2272,P04349,79,1,2,5,,11.44,Apartment,No,No,Suburban,1034002,No
2273,P01062,192.9,3,2,2,40,9.9,Villa,No,Yes,Suburban,4320950,Yes
2274,P05373,79.3,1,2,2,20,1.47,Apartment,No,No,Downtown,1824654,No
2275,P07515,121.2,2,1,11,5,4.21,Apartment,No,Yes,Suburban,3089897,Yes
2276,P04467,155,1,1,1,14,1.75,Duplex,No,Yes,Downtown,4364679,Yes
2277,P06735,106.2,1,2,6,10,1,Apartment,No,Yes,Downtown,3169348,Yes
2278,P06963,190.7,4,3,8,11,5.85,Duplex,No,No,Suburban,3774483,Yes
2279,P04528,148.9,1,2,6,0,10.66,Duplex,No,Yes,Suburban,4005722,No
2280,P04544,177.9,2,2,4,11,8.17,Duplex,No,Yes,Residential,4329826,Yes
2281,P02905,113.8,1,1,13,3,3.54,Apartment,Yes,Yes,Residential,2510086,No
2282,P03040,111.4,3,3,13,5,13.94,Apartment,Yes,No,Suburban,3384867,No
2283,P08988,83.9,1,1,13,7,19.12,Apartment,Yes,Yes,Outskirts,949792,No
2284,P03614,160.2,3,2,6,13,20.74,Apartment,No,No,Outskirts,3219327,No
2285,P08913,177.5,4,3,14,,7.49,Duplex,Yes,No,Suburban,3987258,No
2286,P03278,159.9,2,2,11,12,9.06,Duplex,Yes,Yes,Suburban,2730805,No
2287,P03637,,4,3,0,7,13.23,Duplex,No,Yes,Outskirts,3046038,No
2288,P00666,79.7,1,2,4,11,13.35,Apartment,No,No,Suburban,1371835,No
2289,P01119,62.6,2,2,0,23,2.53,Apartment,No,No,Residential,1457845,Yes
2290,P01715,224.5,5,3,0,40,6.33,Duplex,No,Yes,Residential,7356421,No
2291,P03922,115.2,1,1,8,10,14.81,Apartment,No,Yes,Outskirts,1656139,No
2292,P00748,126.6,1,2,12,3,6.29,Apartment,No,Yes,Residential,1823946,No
2293,P03716,50,2,2,12,16,15.17,Apartment,No,No,Outskirts,425803,Yes
2294,P04757,78.6,1,2,12,4,5.72,Apartment,Yes,No,Residential,2372768,Yes
2295,P05409,163.8,3,3,6,,6.19,Duplex,Yes,Yes,Residential,3725591,Yes
2296,P06932,110,2,1,6,5,12.83,Apartment,No,No,Suburban,2370889,No
2297,P05002,131.2,3,2,1,2,12.09,Duplex,No,Yes,Suburban,2414355,No
2298,P07937,62,2,2,8,8,5.9,Apartment,Yes,No,Residential,1530598,Yes
2299,P08827,108.1,3,2,12,40,9.75,Apartment,No,No,Suburban,2053239,No
2300,P03731,168.3,3,2,15,1,10.81,Apartment,No,Yes,Outskirts,2856204,Yes
2301,P07407,152.4,2,1,13,1,18.39,Villa,No,Yes,Outskirts,2964191,No
2302,P02178,167.8,2,2,3,4,13.46,Duplex,Yes,No,Outskirts,3449472,No
2303,P05496,,1,2,9,7,4.37,Apartment,No,No,Residential,1988790,Yes
2304,P05264,77.3,1,2,0,0,18.06,Apartment,Yes,No,Outskirts,1010414,No
2305,P07765,118.5,2,2,7,6,12.82,Duplex,Yes,Yes,Suburban,2840535,No
2306,P04195,235,5,3,3,4,5.12,Villa,Yes,Yes,Residential,9594794,Yes
2307,P07551,202.3,4,2,7,2,22.98,Villa,No,Yes,Outskirts,3200017,Yes
2308,P03113,214.1,3,3,7,3,19.14,Villa,Yes,Yes,Suburban,5897522,No
2309,P01769,,2,2,13,8,1.19,Villa,No,No,Downtown,5309557,Yes
2310,P02025,,3,3,0,2,9.24,Duplex,Yes,No,Residential,4125236,Yes
2311,P08224,81.7,2,2,8,20,21.48,Apartment,No,No,Outskirts,1413460,No
2312,P00988,93.2,2,2,6,4,1.62,Apartment,No,Yes,Downtown,2760639,Yes
2313,P04601,78.1,2,2,1,1,10.47,Apartment,Yes,Yes,Suburban,1643470,Yes
2314,P04628,232.3,3,3,0,2,5.14,Villa,No,Yes,Residential,5580050,Yes
2315,P00947,204.5,2,1,2,0,20.89,Villa,No,Yes,Suburban,4088059,No
2316,P03523,197.5,4,2,2,17,2.22,Duplex,No,Yes,Downtown,4164930,Yes
2317,P04512,156.2,2,2,9,22,8.41,Duplex,Yes,Yes,Suburban,4785752,No
2318,P06840,134.8,1,1,14,1,21.93,Duplex,No,Yes,Outskirts,1198112,No
2319,P08015,108,1,2,1,1,0.5,Apartment,Yes,Yes,Downtown,2244791,Yes
2320,P08774,137.6,2,2,7,15,16.3,Apartment,No,Yes,Suburban,2275478,Yes
2321,P05760,86.4,1,1,5,34,2.95,Apartment,Yes,No,Downtown,2701079,No
2322,P01642,75.4,1,2,2,9,1,Apartment,No,Yes,Downtown,2379409,Yes
2323,P03550,217.7,5,4,14,11,23.83,Duplex,No,Yes,Outskirts,4399618,No
2324,P04291,116.6,1,1,15,4,3.27,Apartment,No,Yes,Downtown,2615757,Yes
2325,P02632,63,2,2,12,29,3.31,Apartment,Yes,Yes,Residential,1425586,Yes
2326,P07663,93.1,1,1,13,7,4.9,Apartment,No,Yes,Suburban,2217801,No
2327,P06410,198.5,4,3,0,3,3.55,Villa,No,Yes,Residential,3101004,Yes
2328,P01263,73.1,2,2,0,3,2.64,Apartment,No,Yes,Residential,926991,Yes
2329,P08706,158.9,3,2,4,18,4.64,Duplex,No,Yes,Residential,2402116,Yes
2330,P02863,85,1,2,8,0,4.18,Apartment,No,No,Residential,2069482,Yes
2331,P00471,136.9,2,1,4,4,6.15,Duplex,No,Yes,Residential,4013180,No
2332,P01488,169,2,2,3,2,3.52,Villa,Yes,No,Residential,4929369,Yes
2333,P03081,124.1,2,2,9,0,5.92,Duplex,Yes,Yes,Residential,2635187,Yes
2334,P05942,236,5,3,15,19,12.33,Duplex,Yes,Yes,Suburban,2706521,Yes
2335,P07124,50,1,1,14,18,17.71,Apartment,No,Yes,Outskirts,619035,No
2336,P06027,73.9,1,2,7,6,1.41,Apartment,No,Yes,Downtown,2431425,Yes
2337,P06819,121.6,3,3,3,8,0.53,Duplex,No,No,Downtown,4741025,No
2338,P07566,64.1,1,2,8,4,12.64,Apartment,No,No,Outskirts,1043682,No
2339,P02361,71.8,1,2,14,20,13.91,Apartment,Yes,Yes,Outskirts,748847,No
2340,P06862,57.5,1,1,9,8,11.84,Apartment,Yes,No,Outskirts,992764,No
2341,P07785,156,3,2,4,11,6.87,Apartment,No,Yes,Residential,2707764,Yes
2342,P02686,300,6,4,2,7,10.17,Villa,No,Yes,Suburban,6795388,Yes
2343,P05374,238.9,5,4,13,25,12.01,Duplex,Yes,Yes,Suburban,5271401,No
2344,P04726,125.5,2,1,13,15,0.51,Apartment,Yes,No,Residential,1049869,Yes
2345,P00916,224.9,3,3,13,5,19.18,Duplex,No,Yes,Outskirts,4347944,No
2346,P06035,100.4,1,2,4,5,14.72,Apartment,No,Yes,Outskirts,1282180,No
2347,P00991,82.7,1,1,4,40,10.57,Apartment,No,Yes,Suburban,1091178,No
2348,P08507,98.8,1,2,8,40,11.97,Apartment,No,Yes,Suburban,1248427,No
2349,P03062,82.1,1,1,5,3,3.64,Apartment,Yes,Yes,Residential,2063701,Yes
2350,P05307,199.2,2,1,6,4,10.15,Villa,No,Yes,Outskirts,3676439,No
2351,P07568,111.7,1,2,4,3,12.18,Duplex,Yes,Yes,Suburban,2886318,No
2352,P06767,79.6,2,2,14,2,20.52,Apartment,Yes,No,Outskirts,1068388,No
2353,P02928,62.6,2,1,10,10,17.69,Apartment,No,No,Suburban,846043,No
2354,P08256,164.8,3,2,6,4,3.91,Duplex,No,Yes,Residential,5401515,Yes
2355,P00741,264.2,5,4,12,10,1.23,Villa,No,Yes,Downtown,7426426,Yes
2356,P00130,64,2,2,3,2,7.17,Apartment,No,No,Suburban,883690,No
2357,P03126,234.2,4,2,4,6,1.1,Villa,No,Yes,Downtown,6070911,Yes
2358,P08308,129.1,3,3,12,2,14.94,Apartment,No,No,Suburban,2071938,Yes
2359,P01410,140,1,1,15,40,7.87,Apartment,No,Yes,Suburban,1454910,Yes
2360,P03144,50,1,1,4,7,0.5,Apartment,No,Yes,Downtown,1019073,Yes
2361,P07269,142.7,3,2,2,10,16.31,Duplex,Yes,Yes,Outskirts,1907858,No
2362,P02041,185.7,4,3,7,19,4.04,Duplex,No,Yes,Residential,4802336,Yes
2363,P04369,178.9,3,3,6,1,1.08,Duplex,No,Yes,Downtown,3717343,Yes
2364,P04106,80.8,1,1,14,14,0.9,Apartment,No,No,Downtown,2380980,No
2365,P08144,86,1,2,7,8,5.65,Apartment,Yes,Yes,Residential,2391812,Yes
2366,P06485,123,1,1,7,3,20.93,Apartment,No,Yes,Outskirts,1368395,Yes
2367,P06616,156.2,3,2,3,,0.5,Duplex,Yes,Yes,Downtown,5127812,Yes
2368,P01018,74,2,1,14,0,22.03,Apartment,No,No,Outskirts,990563,Yes
2369,P07662,230,5,4,4,10,17.24,Villa,No,No,Outskirts,3271398,No
2370,P01846,63,2,2,11,27,8.4,Duplex,No,No,Suburban,1798346,No
2371,P00841,54.3,2,2,0,2,1.73,Apartment,Yes,No,Downtown,2766157,No
2372,P04185,63.5,1,2,12,28,11.07,Apartment,No,No,Outskirts,872113,No
2373,P07081,77.5,2,2,2,4,18.54,Apartment,No,Yes,Outskirts,1110706,No
2374,P08501,85.9,1,2,2,1,0.5,Apartment,No,Yes,Downtown,2420699,Yes
2375,P04524,164.6,2,1,6,4,17.65,Duplex,Yes,Yes,Outskirts,2820477,No
2376,P01850,50,1,2,13,8,15.93,Apartment,No,Yes,Suburban,933198,No
2377,P08320,82.1,1,2,4,3,5.27,Duplex,No,Yes,Residential,2995268,Yes
2378,P08103,162,4,2,3,16,7.35,Duplex,No,Yes,Suburban,3045335,Yes
2379,P03587,84.9,2,1,14,5,6.9,Apartment,No,No,Residential,1830898,Yes
2380,P07993,148.8,3,2,13,5,2.7,Apartment,Yes,Yes,Downtown,802696,Yes
2381,P01283,195.9,3,2,2,5,5.72,Duplex,No,No,Residential,5459150,Yes
2382,P03270,107.2,2,2,8,2,0.73,Duplex,Yes,Yes,Downtown,4665545,Yes
2383,P01389,139.6,2,1,6,13,19.88,Duplex,No,Yes,Outskirts,1366881,No
2384,P00193,223.5,3,2,12,11,0.5,Villa,No,Yes,Downtown,8642894,Yes
2385,P04470,63.5,2,1,12,1,6.06,Apartment,No,No,Residential,1330664,Yes
2386,P04052,,1,2,6,3,12.72,Apartment,Yes,No,Suburban,1574726,No
2387,P01052,93,1,1,13,7,0.75,Apartment,No,No,Downtown,1221927,Yes
2388,P00537,87.1,1,1,8,11,13.47,Apartment,No,No,Suburban,927993,Yes
2389,P02732,138.6,2,2,7,8,4.18,Duplex,Yes,No,Residential,3001857,Yes
2390,P00786,189.1,4,2,11,2,6.35,Duplex,Yes,Yes,Residential,5400138,No
2391,P00189,118.8,3,3,8,28,3.96,Duplex,No,Yes,Suburban,2137331,No
2392,P06285,215.2,3,3,1,3,24.78,Duplex,No,Yes,Outskirts,2580990,Yes
2393,P04276,109.1,1,1,7,3,0.76,Apartment,Yes,Yes,Downtown,2811453,Yes
2394,P02879,,1,2,8,11,14.76,Apartment,No,Yes,Suburban,2316484,No
2395,P08742,50,1,2,5,3,11.84,Apartment,No,No,Suburban,954707,No
2396,P05839,102.5,1,1,9,26,1.19,Apartment,Yes,Yes,Residential,2517099,Yes
2397,P07324,118.6,3,3,10,4,21.43,Apartment,Yes,Yes,Outskirts,2590417,No
2398,P04049,50,1,1,10,1,3.87,Apartment,No,Yes,Residential,1133029,No
2399,P05134,59.2,1,1,1,22,7.82,Apartment,Yes,No,Residential,1065320,Yes
2400,P04572,138.1,2,1,8,0,10.33,Duplex,No,Yes,Outskirts,2376024,No
2401,P06204,65.7,1,1,10,6,1.78,Apartment,No,Yes,Downtown,1020131,Yes
2402,P07916,116,1,2,13,3,16.73,Apartment,No,No,Outskirts,1836914,No
2403,P01791,126.9,1,1,12,9,13.03,Apartment,No,Yes,Suburban,1083437,Yes
2404,P02159,170.2,3,2,7,13,1.13,Duplex,No,Yes,Residential,5460819,Yes
2405,P06523,155.4,2,1,10,3,0.5,Duplex,No,Yes,Downtown,4240558,Yes
2406,P06628,119.4,2,1,12,10,7.25,Apartment,No,No,Suburban,1703571,No
2407,P02656,98.3,1,2,8,9,21.97,Apartment,No,Yes,Outskirts,1305925,No
2408,P00861,98.5,2,1,12,18,16.66,Apartment,Yes,Yes,Suburban,2007175,No
2409,P04095,98.2,1,1,9,1,5.93,Apartment,Yes,Yes,Residential,1541553,Yes
2410,P08852,193.2,3,3,14,0,1.38,Villa,Yes,No,Downtown,2748577,Yes
2411,P04863,287.6,5,3,2,6,3.94,Villa,Yes,Yes,Residential,10423672,Yes
2412,P07684,246.1,5,3,15,5,20.1,Villa,Yes,No,Outskirts,4356137,No
2413,P02688,105.1,1,2,15,,11.98,Apartment,Yes,Yes,Suburban,2051936,No
2414,P06829,52.5,2,2,0,2,15.68,Apartment,No,Yes,Suburban,892560,No
2415,P03859,159.6,1,1,15,6,8.55,Duplex,Yes,Yes,Suburban,1249895,Yes
2416,P08270,238.2,5,3,14,2,9.76,Villa,Yes,Yes,Residential,6592470,Yes
2417,P08368,98.2,2,1,5,,14.76,Apartment,No,Yes,Suburban,1196096,No
2418,P06191,157.7,1,1,1,9,22,Duplex,Yes,Yes,Outskirts,3444023,No
2419,P08615,157.2,3,2,3,3,1.21,Duplex,No,Yes,Downtown,3338014,Yes
2420,P00424,144.9,3,2,12,11,2.2,Apartment,No,No,Downtown,2807355,Yes
2421,P00428,150.9,3,3,15,14,23.8,Apartment,Yes,No,Outskirts,1668783,No
2422,P06906,220.8,3,2,0,2,14.81,Villa,No,Yes,Outskirts,3376916,Yes
2423,P08629,163.6,2,1,11,9,1.63,Villa,No,Yes,Residential,4635471,Yes
2424,P08345,50,1,1,14,10,15.78,Apartment,No,No,Outskirts,563469,No
2425,P00390,50,2,2,12,20,22.53,Apartment,No,Yes,Outskirts,680018,No
2426,P00617,125.4,1,1,3,34,10.2,Apartment,Yes,Yes,Suburban,2453567,No
2427,P00029,104.4,2,1,0,13,0.83,Apartment,No,Yes,Downtown,3657242,No
2428,P00373,250.4,5,4,0,1,7.47,Villa,No,Yes,Residential,8140458,No
2429,P07014,185,2,2,3,2,16.39,Duplex,No,No,Suburban,3901974,No
2430,P05517,179.8,3,2,4,21,2.57,Duplex,No,Yes,Downtown,5269343,Yes
2431,P08191,93,1,1,4,0,18.07,Apartment,No,No,Suburban,1072244,No
2432,P02601,199.5,3,3,13,3,5.28,Duplex,Yes,No,Residential,5620853,Yes
2433,P00319,103.2,1,1,6,8,5.35,Apartment,No,Yes,Residential,794395,Yes
2434,P06157,106.1,3,2,4,2,3.14,Apartment,No,No,Residential,2730854,Yes
2435,P00005,117.6,2,2,11,19,1.17,Apartment,No,No,Downtown,2998242,Yes
2436,P06266,141.9,2,2,12,27,21,Apartment,No,Yes,Outskirts,1798703,No
2437,P04641,117.7,1,1,5,11,0.56,Apartment,Yes,Yes,Residential,2946526,Yes
2438,P02800,130.5,3,2,1,6,25,Apartment,No,Yes,Suburban,2424699,Yes
2439,P01735,157.9,2,1,1,4,20.06,Duplex,No,Yes,Outskirts,1891203,No
2440,P00635,88.1,1,1,12,3,0.5,Apartment,No,No,Downtown,2333554,Yes
2441,P07817,105.3,3,2,14,,14.15,Apartment,Yes,No,Suburban,1856589,No
2442,P05078,50,1,2,11,19,0.5,Apartment,No,Yes,Downtown,1981531,No
2443,P00272,239.6,3,3,0,7,2.28,Villa,No,No,Downtown,7836266,Yes
2444,P06372,69.8,2,1,4,6,0.5,Apartment,No,Yes,Downtown,3019171,No
2445,P01558,242.4,4,2,2,4,4.03,Villa,No,Yes,Residential,5392687,Yes
2446,P01353,226.3,4,3,9,19,5.39,Duplex,Yes,Yes,Residential,6686764,Yes
2447,P04976,110.4,3,3,0,8,6.09,Apartment,Yes,Yes,Residential,2485050,Yes
2448,P01043,55.7,1,1,14,22,9.43,Apartment,No,Yes,Suburban,1005125,Yes
2449,P06136,222.7,3,2,10,12,8.11,Duplex,Yes,No,Residential,5649681,Yes
2450,P07860,244.2,4,3,7,33,7.66,Villa,Yes,Yes,Suburban,5662651,Yes
2451,P02408,142.3,3,2,3,9,3.81,Duplex,Yes,Yes,Residential,4017811,Yes
2452,P07932,120,2,2,6,16,12.51,Apartment,Yes,Yes,Suburban,2752352,No
2453,P01956,101,1,2,2,17,18.16,Apartment,No,No,Outskirts,1273803,No
2454,P04755,101.5,2,2,7,15,19.29,Apartment,Yes,No,Outskirts,708493,No
2455,P06538,107.1,3,2,8,8,14.68,Apartment,No,No,Suburban,2191686,No
2456,P03028,154.5,3,3,8,17,24.88,Duplex,Yes,No,Outskirts,2664785,No
2457,P05217,93.9,1,2,13,3,3.68,Apartment,No,No,Residential,2834995,Yes
2458,P08277,53.5,1,1,14,11,5.48,Apartment,No,Yes,Residential,1067823,No
2459,P08089,77.5,1,2,14,12,7.11,Apartment,No,Yes,Residential,1540657,Yes
2460,P03268,88.1,2,2,11,,10.36,Apartment,Yes,Yes,Suburban,1614585,Yes
2461,P00975,122.9,1,1,7,,6.85,Apartment,No,Yes,Residential,2409491,Yes
2462,P01812,96.9,2,1,5,2,2.74,Apartment,No,No,Residential,2441559,Yes
2463,P02856,215.7,4,2,0,1,20.19,Villa,Yes,No,Outskirts,3325596,No
2464,P01648,94.6,1,2,1,20,8.79,Apartment,No,No,Suburban,1252290,Yes
2465,P06264,149.1,1,2,12,27,11.68,Duplex,Yes,No,Suburban,2405099,Yes
2466,P06209,158.3,1,1,11,0,0.5,Duplex,No,Yes,Downtown,4688198,Yes
2467,P03778,123.7,1,2,13,1,1.08,Apartment,No,No,Downtown,4586503,Yes
2468,P08726,261.4,3,2,2,9,25,Villa,No,No,Outskirts,5006713,No
2469,P07617,68.2,2,2,13,31,4.52,Apartment,No,Yes,Residential,687743,Yes
2470,P07468,116.1,2,1,14,20,0.76,Apartment,Yes,Yes,Downtown,2349110,Yes
2471,P06914,71.1,1,2,2,13,13.12,Apartment,Yes,No,Suburban,1399402,No
2472,P04010,178,3,3,12,13,21.59,Duplex,Yes,Yes,Suburban,2253665,Yes
2473,P06838,63.8,2,1,12,11,11.19,Apartment,Yes,No,Suburban,700287,No
2474,P00722,124.6,1,1,8,1,2.89,Apartment,No,No,Residential,1416313,Yes
2475,P08381,181.1,2,1,0,0,3.17,Villa,Yes,Yes,Residential,3963594,Yes
2476,P07104,93.6,1,1,3,4,2.97,Apartment,No,Yes,Downtown,1986728,Yes
2477,P05926,259.1,4,2,2,1,1.02,Villa,No,Yes,Downtown,7721133,No
2478,P08820,143.5,1,2,12,11,22.03,Duplex,No,Yes,Outskirts,2942211,No
2479,P00740,86.3,2,1,14,7,2.28,Apartment,No,Yes,Residential,2184921,Yes
2480,P08607,,1,1,7,7,6.46,Apartment,No,Yes,Residential,1578754,Yes
2481,P05675,61.3,2,2,8,4,7.29,Apartment,No,Yes,Suburban,1697254,No
2482,P00730,80.5,2,1,8,0,9.59,Apartment,No,Yes,Suburban,1255420,Yes
2483,P03458,106.2,3,3,6,1,22.27,Apartment,No,Yes,Outskirts,2047285,No
2484,P00922,108.9,3,3,4,4,21.79,Apartment,Yes,No,Outskirts,1673239,No
2485,P00969,169.7,4,2,14,17,18.08,Duplex,No,Yes,Suburban,2624532,Yes
2486,P00675,159,3,2,15,10,5.98,Duplex,No,Yes,Suburban,5250435,Yes
2487,P04016,195.5,3,2,2,8,6.41,Villa,No,Yes,Suburban,4616240,No
2488,P06585,135.6,1,2,8,3,8.2,Apartment,No,Yes,Residential,3764151,Yes
2489,P00934,82.6,1,1,2,6,13.84,Apartment,No,No,Suburban,919579,Yes
2490,P05965,136.6,1,2,13,5,7.8,Apartment,No,Yes,Suburban,2275450,Yes
2491,P05789,176,2,1,7,40,17.27,Villa,Yes,Yes,Outskirts,2511781,No
2492,P04986,,2,1,1,,9.66,Apartment,No,Yes,Residential,3914512,No
2493,P06127,89.8,1,2,7,6,4.08,Apartment,No,Yes,Residential,2486129,Yes
2494,P05175,84.4,1,2,1,1,1.42,Apartment,Yes,No,Downtown,2018000,Yes
2495,P00442,179.4,3,3,10,24,1.12,Duplex,No,Yes,Downtown,5034026,Yes
2496,P03606,166.9,3,2,3,9,0.5,Villa,No,Yes,Downtown,6187591,Yes
2497,P08150,102.2,2,1,5,28,3.61,Apartment,Yes,Yes,Downtown,2565274,Yes
2498,P01095,85.1,1,1,2,9,12.66,Apartment,No,Yes,Suburban,1306283,Yes
2499,P06902,90.1,1,1,3,11,11.93,Apartment,No,No,Suburban,1504378,No
2500,P01615,98.3,1,1,6,40,16.17,Duplex,Yes,Yes,Outskirts,1257727,No
2501,P00427,54,2,1,6,2,2.15,Apartment,No,Yes,Residential,1769027,Yes
2502,P01704,111.3,3,3,10,13,10.35,Apartment,No,No,Suburban,2970536,No
2503,P05581,155.4,2,1,2,2,5.67,Duplex,Yes,Yes,Suburban,4257506,Yes
2504,P06097,159.8,3,2,4,0,0.5,Duplex,No,No,Downtown,2091564,Yes
2505,P06743,70.3,1,2,3,9,2.33,Apartment,No,No,Downtown,1982394,No
2506,P02164,77,1,2,7,14,7.27,Apartment,No,Yes,Residential,2422546,Yes
2507,P01327,,3,2,0,5,6.65,Villa,No,Yes,Residential,4168569,Yes
2508,P00308,69.6,1,1,15,0,14.77,Apartment,No,No,Suburban,1193854,No
2509,P03655,84,1,2,15,12,2.34,Apartment,No,Yes,Residential,1953511,No
2510,P05324,121.1,3,2,4,40,0.5,Apartment,No,No,Downtown,2166628,Yes
2511,P08390,114.4,1,1,7,2,9.25,Apartment,No,No,Suburban,2119625,No
2512,P00464,,4,3,11,17,6.35,Duplex,No,Yes,Residential,7684533,Yes
2513,P02312,50.3,1,2,5,19,0.85,Apartment,No,Yes,Downtown,1304771,No
2514,P04198,69.6,1,2,14,5,18.8,Apartment,No,Yes,Outskirts,1241125,No
2515,P00453,102.9,1,2,12,4,4.42,Apartment,No,Yes,Suburban,1967271,Yes
2516,P05604,114.3,2,2,12,3,20.34,Apartment,No,Yes,Outskirts,1478637,No
2517,P07364,196.6,3,3,4,14,23.46,Duplex,Yes,Yes,Outskirts,3494230,No
2518,P06002,190.8,3,2,7,5,1.47,Duplex,No,Yes,Downtown,7170847,Yes
2519,P00940,171.2,3,2,5,11,3.34,Duplex,Yes,Yes,Downtown,4117409,Yes
2520,P00855,266.5,4,2,2,4,6.56,Villa,Yes,No,Residential,6323066,No
2521,P05991,191.8,4,2,14,13,0.5,Villa,No,Yes,Downtown,6345533,Yes
2522,P06596,102.1,1,1,6,8,7.52,Apartment,No,Yes,Residential,687676,Yes
2523,P02563,153.8,1,1,3,3,7.67,Duplex,Yes,Yes,Suburban,3218471,No
2524,P00140,138.8,2,1,6,20,0.5,Duplex,No,Yes,Downtown,4010753,Yes
2525,P05694,255.5,3,3,1,27,13.93,Villa,No,Yes,Outskirts,5248166,No
2526,P06822,165,4,3,12,40,23.96,Duplex,No,Yes,Outskirts,2828547,No
2527,P08466,215.8,5,4,9,11,12.52,Villa,Yes,Yes,Suburban,4883591,No
2528,P03295,127.3,3,2,13,22,4.07,Apartment,Yes,Yes,Residential,3142106,Yes
2529,P06656,129.1,2,1,8,0,3.62,Apartment,No,Yes,Residential,1883957,Yes
2530,P03657,160.8,3,2,10,1,0.5,Duplex,Yes,Yes,Downtown,5314354,Yes
2531,P03835,229.9,4,3,3,4,8.43,Villa,No,No,Residential,5416773,Yes
2532,P08244,151.4,2,2,9,3,3.35,Duplex,Yes,Yes,Residential,3467521,Yes
2533,P08621,245.9,5,4,3,34,17.2,Villa,No,Yes,Outskirts,3312140,No
2534,P02121,165.3,3,2,12,10,4.25,Duplex,Yes,Yes,Residential,4734903,Yes
2535,P02668,162.8,2,1,7,7,2.41,Duplex,No,Yes,Downtown,4312056,Yes
2536,P00399,190.3,4,3,9,1,4.46,Duplex,No,No,Residential,5174830,No
2537,P01985,157.8,3,3,10,5,11.57,Duplex,No,No,Suburban,4235699,Yes
2538,P02676,58.3,1,2,14,0,7.09,Apartment,No,Yes,Suburban,1481836,No
2539,P02600,104,1,1,13,22,16.06,Duplex,Yes,Yes,Outskirts,1878358,No
2540,P04868,64.4,2,1,7,5,1.26,Apartment,No,No,Residential,2153072,No
2541,P00136,68,1,2,1,3,1.69,Apartment,No,Yes,Downtown,1457878,Yes
2542,P03504,,2,2,5,0,10.96,Apartment,Yes,Yes,Suburban,2333020,No
2543,P08623,131.7,3,3,2,11,0.5,Duplex,No,Yes,Downtown,6759876,No
2544,P00231,120.6,3,3,2,29,1.41,Apartment,No,Yes,Downtown,4794252,Yes
2545,P04602,88.1,2,1,13,24,20.33,Apartment,No,No,Outskirts,1306504,No
2546,P05653,105.3,3,2,15,4,3.74,Apartment,Yes,Yes,Suburban,1353564,Yes
2547,P04597,80.4,1,1,7,1,3.8,Apartment,No,Yes,Residential,2265419,Yes
2548,P06291,180.8,2,2,7,20,7.89,Duplex,No,Yes,Suburban,1097428,Yes
2549,P03193,93.9,1,2,15,7,6.57,Duplex,No,No,Suburban,2090719,No
2550,P05854,130.1,1,1,1,11,8.55,Villa,No,Yes,Residential,3431343,Yes
2551,P07424,238.1,4,2,3,11,3.96,Villa,No,Yes,Residential,8768203,Yes
2552,P01948,82.8,2,1,1,1,11.41,Apartment,Yes,No,Outskirts,1409077,No
2553,P02009,76.6,1,2,14,27,0.5,Apartment,Yes,No,Downtown,1854234,Yes
2554,P02817,94.2,1,2,15,22,3.99,Apartment,Yes,Yes,Residential,1797340,Yes
2555,P05471,239.7,3,3,4,21,10.61,Villa,No,No,Suburban,7444812,No
2556,P03803,95.6,1,2,5,8,7.85,Apartment,No,No,Residential,2436058,Yes
2557,P02016,110.9,1,1,11,14,6.57,Apartment,No,No,Suburban,616751,No
2558,P05725,156.5,2,2,15,10,14.73,Duplex,No,Yes,Outskirts,2131602,No
2559,P07352,135.1,3,2,10,0,1.6,Duplex,No,No,Downtown,5164102,Yes
2560,P00965,220.8,4,3,3,19,12.47,Villa,No,Yes,Outskirts,5143460,Yes
2561,P06052,81.8,2,2,3,40,11.07,Apartment,Yes,No,Suburban,1661655,Yes
2562,P05378,59,1,2,10,5,9.82,Apartment,No,Yes,Suburban,890754,Yes
2563,P03895,95.5,1,2,11,6,23.83,Apartment,Yes,Yes,Outskirts,1495162,No
2564,P07045,68.7,2,1,4,6,21.18,Apartment,No,Yes,Outskirts,1000008,No
2565,P08972,102.2,1,1,0,1,6.21,Apartment,No,Yes,Residential,2360454,Yes
2566,P04805,122.7,1,2,15,10,16.81,Duplex,No,Yes,Outskirts,1981845,Yes
2567,P01941,,3,3,3,17,0.8,Villa,No,Yes,Residential,5385877,Yes
2568,P03338,95.8,1,1,7,0,18.64,Apartment,No,No,Outskirts,880174,No
2569,P00158,127.4,2,1,4,1,9.71,Apartment,No,No,Suburban,2172592,Yes
2570,P06330,112.1,2,1,7,3,2.05,Apartment,No,Yes,Residential,2521245,Yes
2571,P08236,195.8,3,2,4,0,0.5,Villa,No,Yes,Downtown,4276066,Yes
2572,P03624,70.8,2,1,0,33,17.72,Apartment,Yes,No,Outskirts,868764,No
2573,P04663,,1,1,14,12,7.31,Apartment,Yes,No,Residential,2606995,No
2574,P06612,165,4,3,8,22,2.95,Duplex,No,Yes,Residential,3158679,Yes
2575,P02723,98.2,1,1,9,10,3.95,Apartment,No,Yes,Residential,1661917,No
2576,P00962,184.6,3,2,0,18,8.04,Villa,No,Yes,Residential,6262357,No
2577,P02511,175.6,3,3,1,16,6.6,Duplex,Yes,No,Residential,5362811,No
2578,P06748,300,6,4,1,15,7.71,Villa,Yes,Yes,Suburban,4929462,Yes
2579,P01241,92.3,2,2,14,10,19.44,Apartment,No,No,Outskirts,1398752,No
2580,P03539,90.6,1,2,1,26,1.25,Apartment,No,Yes,Downtown,1894920,No
2581,P00980,154.9,3,2,8,20,0.5,Duplex,No,No,Downtown,3735435,Yes
2582,P05032,52.5,2,1,8,10,25,Apartment,No,Yes,Outskirts,519705,No
2583,P01705,97,1,1,9,1,6.18,Apartment,Yes,No,Residential,1214240,Yes
2584,P00729,122.6,2,1,4,6,5.2,Apartment,Yes,No,Residential,1709386,Yes
2585,P05331,121.8,2,1,1,6,6.38,Apartment,No,Yes,Suburban,2682415,No
2586,P03797,,1,2,11,40,8.85,Apartment,No,Yes,Suburban,992181,No
2587,P02345,97.4,2,2,7,1,9.78,Apartment,No,No,Suburban,1519693,Yes
2588,P04408,134.9,1,1,11,1,3.47,Duplex,No,Yes,Residential,2595980,Yes
2589,P04570,82.4,1,2,0,10,10.14,Apartment,No,No,Suburban,1259299,No
2590,P04742,141.3,2,2,10,6,6.94,Duplex,No,No,Residential,4193712,No
2591,P08186,126.4,3,3,15,16,14.41,Apartment,Yes,Yes,Outskirts,2582078,No
2592,P08335,160.8,2,1,14,13,5.1,Apartment,Yes,Yes,Residential,3784280,Yes
2593,P06627,277.2,4,3,2,2,16.12,Villa,Yes,Yes,Suburban,6671455,No
2594,P08432,221.3,5,3,0,7,2.25,Villa,No,Yes,Downtown,6547863,Yes
2595,P07301,106.1,2,2,14,5,7.03,Duplex,Yes,No,Residential,2608883,Yes
2596,P05072,128.2,1,2,0,5,6.2,Apartment,Yes,No,Residential,1704702,Yes
2597,P07462,271.3,6,4,0,13,9.01,Villa,Yes,Yes,Suburban,6173710,Yes
2598,P00006,107.1,1,1,0,6,24.21,Apartment,Yes,Yes,Outskirts,1132996,No
2599,P03390,,3,2,10,11,6.84,Apartment,Yes,No,Residential,3127490,No
2600,P07963,110.9,3,2,7,7,10.66,Apartment,Yes,Yes,Suburban,1634115,No
2601,P05636,56.8,2,1,13,10,3.54,Apartment,No,Yes,Suburban,1358744,Yes
2602,P00505,176,4,2,15,5,7.08,Duplex,No,Yes,Suburban,3357947,Yes
2603,P00792,237.5,4,2,1,21,2.84,Villa,Yes,Yes,Residential,5895653,Yes
2604,P07793,76.6,1,2,13,13,0.5,Apartment,No,Yes,Downtown,2550825,No
2605,P05234,159.8,1,2,5,14,4.82,Duplex,No,Yes,Residential,4611455,No
2606,P01516,103.2,1,2,2,19,6.59,Apartment,No,Yes,Residential,2171514,No
2607,P06637,139.8,3,3,11,17,1.24,Duplex,No,No,Downtown,3863625,Yes
2608,P00086,152.7,2,1,13,2,0.5,Apartment,Yes,No,Downtown,4434032,Yes
2609,P02884,129.9,2,2,6,6,7.81,Apartment,No,Yes,Residential,1384600,Yes
2610,P01431,119.4,3,3,2,16,25,Apartment,No,Yes,Outskirts,1681985,No
2611,P06379,300,5,4,9,3,6.35,Villa,No,Yes,Residential,9864721,Yes
2612,P02220,164.7,4,2,4,29,5.63,Duplex,No,No,Residential,4363874,No
2613,P05803,71.2,1,2,1,5,11.42,Apartment,Yes,Yes,Suburban,1988338,Yes
2614,P06306,177.7,2,2,3,17,0.5,Villa,Yes,Yes,Downtown,5824369,No
2615,P04783,84,1,2,2,1,9.41,Apartment,No,Yes,Outskirts,1096598,No
2616,P00509,106.8,3,2,1,6,3.16,Apartment,No,Yes,Residential,2868383,Yes
2617,P05441,104.7,2,2,5,20,0.64,Apartment,No,Yes,Downtown,1752180,Yes
2618,P07290,93.5,1,2,1,15,0.83,Apartment,No,No,Downtown,1952423,Yes
2619,P07049,167.6,3,2,2,3,12.78,Duplex,Yes,Yes,Suburban,2583267,Yes
2620,P02465,246.1,5,3,2,1,5.66,Villa,No,Yes,Residential,6123114,Yes
2621,P08811,97.5,2,1,14,12,22.08,Apartment,No,Yes,Outskirts,832985,No
2622,P01750,267.4,3,3,6,5,3.63,Villa,No,Yes,Residential,5165048,Yes
2623,P04433,57.3,1,1,9,9,21.35,Apartment,No,Yes,Outskirts,644980,No
2624,P02795,213.6,3,3,5,4,21.57,Duplex,No,No,Outskirts,3265412,No
2625,P02382,74.1,1,1,3,5,3.87,Apartment,No,No,Residential,467518,Yes
2626,P05800,193.9,3,2,4,14,8.59,Duplex,Yes,Yes,Residential,3317057,Yes
2627,P02742,214.9,4,3,0,24,15.48,Duplex,No,Yes,Outskirts,2960724,Yes
2628,P03941,,5,4,2,1,0.72,Villa,No,Yes,Downtown,8589932,Yes
2629,P03476,160.9,2,2,2,28,5.67,Duplex,Yes,Yes,Residential,3736544,Yes
2630,P03926,58.6,1,1,13,0,7.99,Apartment,Yes,Yes,Suburban,1428309,No
2631,P07736,,1,2,2,19,5.81,Apartment,Yes,Yes,Residential,1100391,No
2632,P04821,170.4,3,2,10,36,10.63,Duplex,Yes,Yes,Suburban,3098178,Yes
2633,P05622,93.1,1,2,3,34,7.4,Apartment,No,Yes,Residential,1640565,Yes
2634,P06095,,2,1,6,,9.74,Apartment,No,No,Outskirts,1237851,No
2635,P05535,103.9,1,2,11,8,21.69,Apartment,No,Yes,Outskirts,1104324,No
2636,P04580,247.3,5,4,12,11,0.5,Villa,Yes,No,Downtown,10473003,Yes
2637,P07637,107.4,2,1,3,,5.21,Apartment,Yes,No,Residential,2804670,Yes
2638,P06990,117.2,2,1,9,40,1.39,Duplex,Yes,Yes,Downtown,3058826,No
2639,P00684,173,2,2,2,,7.27,Duplex,Yes,Yes,Residential,4326335,Yes
2640,P00957,85.1,2,1,13,19,5.28,Apartment,Yes,Yes,Suburban,2594611,No
2641,P05001,163.5,2,2,5,,1.68,Villa,No,Yes,Residential,6837419,Yes
2642,P07467,173.2,3,2,7,18,8.04,Duplex,Yes,No,Residential,5543041,Yes
2643,P04077,50,1,1,12,27,17.66,Apartment,Yes,No,Suburban,820341,No
2644,P06418,162.1,3,3,7,40,5,Duplex,No,No,Residential,5250684,No
2645,P04321,117.1,2,2,1,9,14.09,Duplex,No,Yes,Outskirts,2070098,No
2646,P06172,,5,4,0,,4.86,Villa,Yes,No,Residential,7814925,Yes
2647,P01886,196.9,3,2,2,1,1.07,Duplex,No,Yes,Residential,3538415,Yes
2648,P08209,255.7,3,3,2,6,10.14,Villa,No,Yes,Suburban,5071028,Yes
2649,P00079,165.7,2,2,12,6,9.18,Duplex,No,Yes,Suburban,3667711,No
2650,P02489,81.5,2,2,12,14,1.33,Apartment,Yes,Yes,Downtown,2102639,Yes
2651,P08413,124.2,1,1,8,26,8.92,Apartment,No,Yes,Suburban,1740480,Yes
2652,P00232,162.2,3,2,9,4,5.37,Apartment,Yes,Yes,Residential,3606369,Yes
2653,P02551,80.6,1,1,7,4,7.92,Apartment,No,No,Suburban,725303,Yes
2654,P08484,80.7,2,1,0,13,8.32,Apartment,No,Yes,Suburban,749777,No
2655,P07450,82.2,1,1,8,12,7.09,Apartment,No,Yes,Residential,2070561,Yes
2656,P03086,144.1,1,2,6,13,8.08,Apartment,No,No,Residential,2673762,Yes
2657,P03506,117.9,1,1,6,9,4.99,Apartment,No,Yes,Suburban,2229133,No
2658,P07278,163.3,3,2,2,18,10.07,Duplex,No,Yes,Suburban,2141135,Yes
2659,P01306,113.7,1,1,3,2,18.35,Apartment,No,Yes,Outskirts,1101984,No
2660,P02452,201.2,3,3,10,,6.19,Duplex,No,Yes,Suburban,4343965,Yes
2661,P02191,109.1,2,2,6,1,1.62,Apartment,No,Yes,Downtown,3496471,Yes
2662,P06200,288.1,5,4,8,7,17.49,Villa,Yes,Yes,Outskirts,5102461,No
2663,P07544,100.6,1,2,14,14,25,Apartment,No,No,Outskirts,832255,No
2664,P04689,247.9,4,2,5,6,14.26,Villa,Yes,Yes,Outskirts,4901201,Yes
2665,P07304,80,1,1,1,14,4.95,Apartment,No,No,Residential,1761424,No
2666,P00359,145.7,1,1,9,12,5.16,Apartment,No,Yes,Residential,2348585,Yes
2667,P02921,114.8,1,1,15,5,17.61,Apartment,Yes,Yes,Outskirts,2377409,No
2668,P02420,71.1,1,2,0,7,22.39,Apartment,No,No,Outskirts,620832,No
2669,P01342,88.4,1,1,5,4,17.63,Apartment,No,Yes,Outskirts,703682,No
2670,P06549,87.6,1,1,7,2,2.43,Apartment,No,Yes,Suburban,1946897,Yes
2671,P08246,111.5,1,1,4,3,0.5,Apartment,Yes,Yes,Downtown,3174848,Yes
2672,P00384,119.7,3,2,12,10,3.98,Apartment,Yes,Yes,Residential,3966611,No
2673,P01790,198,4,3,6,30,1.11,Villa,No,No,Downtown,4051276,Yes
2674,P02169,280.7,6,4,9,3,5.2,Villa,Yes,Yes,Residential,5928924,Yes
2675,P03465,76.8,1,2,11,26,7.94,Apartment,No,Yes,Suburban,2161233,No
2676,P02898,84.4,1,1,6,10,5.57,Apartment,No,No,Residential,2427369,Yes
2677,P08389,105.3,3,2,0,15,4.94,Apartment,Yes,No,Residential,2069412,No
2678,P03893,71,1,1,4,9,12.46,Apartment,No,Yes,Suburban,1511980,No
2679,P04166,63.9,1,2,8,13,2.81,Apartment,No,Yes,Residential,1254527,No
2680,P02594,132.3,3,2,12,20,1.45,Apartment,No,No,Downtown,2228560,No
2681,P06968,61.6,1,1,4,3,2.13,Apartment,No,No,Downtown,902647,Yes
2682,P07001,114.9,3,3,5,12,5.81,Duplex,Yes,Yes,Suburban,3031010,Yes
2683,P03171,99,2,1,8,5,15.32,Apartment,No,No,Outskirts,1263712,No
2684,P06535,95.7,1,2,11,22,4.91,Apartment,No,Yes,Residential,1949336,No
2685,P04679,110.9,3,3,7,13,0.82,Apartment,Yes,Yes,Downtown,4443842,Yes
2686,P04178,154.5,1,2,9,1,20.46,Duplex,No,Yes,Outskirts,1253848,Yes
2687,P06359,247.8,3,2,5,7,13.58,Villa,Yes,Yes,Suburban,2730811,No
2688,P05621,160.1,3,3,5,6,9.13,Duplex,No,Yes,Residential,4330684,Yes
2689,P03468,295.6,5,4,2,1,5.7,Villa,Yes,Yes,Residential,7267462,Yes
2690,P07065,89.9,2,1,13,28,6.57,Apartment,No,Yes,Residential,1607384,No
2691,P06380,114.5,3,3,14,4,8.96,Apartment,No,Yes,Residential,2180269,Yes
2692,P03568,,1,2,11,3,5.77,Apartment,No,Yes,Residential,1406430,Yes
2693,P02874,101,2,1,7,12,9.13,Apartment,No,Yes,Residential,1272913,No
2694,P01964,198.8,2,2,0,5,0.5,Duplex,No,Yes,Downtown,7667414,Yes
2695,P07440,219.5,3,3,0,35,14.89,Villa,No,Yes,Outskirts,3150349,No
2696,P01366,78.2,1,2,11,12,14.62,Apartment,No,Yes,Suburban,1779948,Yes
2697,P08441,132.6,2,1,13,6,11.84,Duplex,No,Yes,Suburban,2523916,No
2698,P07697,118.8,1,1,10,3,4.77,Apartment,No,No,Residential,2314380,Yes
2699,P08794,94.7,1,1,9,1,15.6,Apartment,No,No,Suburban,393859,Yes
2700,P05290,300,4,2,10,0,5.41,Villa,Yes,Yes,Suburban,7121268,Yes
2701,P04843,98.4,1,2,10,19,5.03,Apartment,Yes,Yes,Residential,2011544,Yes
2702,P07761,85.2,1,2,5,40,5.03,Apartment,Yes,No,Residential,1543415,No
2703,P08313,203.4,2,1,2,40,0.99,Villa,Yes,Yes,Downtown,4594445,No
2704,P06555,218.6,3,2,8,20,0.5,Duplex,Yes,Yes,Downtown,6097294,Yes
2705,P06563,103.1,2,1,11,9,0.71,Apartment,No,No,Downtown,2995564,Yes
2706,P04365,204.8,2,2,13,40,13.82,Villa,Yes,Yes,Suburban,3773094,Yes
2707,P07978,104,2,2,13,11,20.84,Apartment,Yes,Yes,Outskirts,1567818,No
2708,P04924,65.8,1,1,6,14,25,Apartment,Yes,Yes,Outskirts,444815,No
2709,P02984,115,3,3,6,24,8.99,Apartment,Yes,Yes,Suburban,2004021,No
2710,P07658,111.5,3,2,3,10,13.32,Apartment,No,Yes,Suburban,1411052,Yes
2711,P07155,93.7,1,1,6,1,16.78,Apartment,No,No,Outskirts,1448191,No
2712,P07383,192.1,2,1,3,6,18.99,Villa,No,Yes,Outskirts,3790981,No
2713,P05554,174.8,3,2,8,13,1.41,Villa,Yes,Yes,Downtown,5127089,Yes
2714,P05430,168.8,4,3,0,11,16.59,Villa,No,Yes,Suburban,4109588,No
2715,P03561,99.2,1,1,14,4,6.85,Apartment,No,Yes,Suburban,2026478,No
2716,P05572,67.5,1,1,15,19,0.5,Apartment,Yes,Yes,Downtown,1184864,Yes
2717,P04267,168.3,2,1,11,18,5.45,Duplex,No,Yes,Residential,4380378,Yes
2718,P03862,141.8,3,3,5,40,0.5,Duplex,No,Yes,Downtown,4110965,No
2719,P06058,151.2,2,1,4,6,10.07,Villa,No,Yes,Suburban,3948131,Yes
2720,P05544,71.3,1,2,7,7,13.12,Apartment,Yes,No,Suburban,1303403,No
2721,P01068,95.1,1,1,15,14,12.6,Apartment,Yes,Yes,Suburban,1022525,Yes
2722,P02802,194.2,4,2,1,0,7.07,Apartment,No,No,Residential,3662717,Yes
2723,P01266,77.7,2,1,1,17,18.09,Duplex,Yes,Yes,Outskirts,1507851,No
2724,P07116,93.3,1,1,15,2,15.77,Apartment,No,No,Outskirts,761949,Yes
2725,P01679,115.7,3,3,6,2,17.55,Duplex,No,Yes,Outskirts,1343499,No
2726,P02970,210.4,2,1,1,22,2.1,Villa,Yes,No,Downtown,8427241,Yes
2727,P02630,133.3,3,2,4,11,8.16,Apartment,Yes,Yes,Residential,1790012,Yes
2728,P00761,197.9,3,3,12,8,13.1,Villa,No,Yes,Suburban,4811460,Yes
2729,P02462,209.2,3,3,0,27,15.03,Duplex,No,Yes,Suburban,4406124,No
2730,P07803,50,1,1,8,15,2.71,Apartment,Yes,No,Residential,1311763,Yes
2731,P00979,225.7,5,3,0,21,12.45,Villa,Yes,No,Suburban,4984297,Yes
2732,P02444,106.7,2,1,14,24,9.94,Apartment,No,No,Suburban,1158139,No
2733,P07213,50,1,2,10,1,9.78,Apartment,Yes,Yes,Suburban,885810,Yes
2734,P03953,67.4,1,2,10,16,24.31,Apartment,No,No,Outskirts,788330,No
2735,P04372,263.5,5,3,10,6,1.57,Villa,No,No,Downtown,1888000,Yes
2736,P01555,84.5,1,2,8,3,4.64,Apartment,No,No,Residential,1812430,Yes
2737,P06530,88.2,2,1,11,1,0.5,Apartment,Yes,No,Downtown,2535917,Yes
2738,P01796,265.3,4,2,0,40,6.35,Villa,Yes,Yes,Residential,8859675,No
2739,P06456,243.2,5,4,0,0,3.81,Villa,Yes,Yes,Suburban,3808278,Yes
2740,P03565,120.6,1,2,15,1,15.92,Apartment,Yes,Yes,Outskirts,1693760,No
2741,P04279,71.9,1,2,1,,2.71,Apartment,Yes,No,Residential,1829847,Yes
2742,P06165,277,6,4,2,1,21.64,Villa,No,Yes,Outskirts,4557896,Yes
2743,P04212,,2,1,3,11,5.25,Apartment,Yes,Yes,Residential,4276099,Yes
2744,P03223,100,1,1,11,21,10.26,Duplex,No,No,Suburban,1581412,Yes
2745,P05027,111.8,2,1,13,24,2.73,Apartment,Yes,No,Residential,1791698,Yes
2746,P05060,50,1,1,3,1,1.72,Apartment,Yes,No,Downtown,1686748,No
2747,P06625,247.9,4,3,2,15,1.02,Villa,No,Yes,Downtown,7599077,Yes
2748,P05785,,3,3,11,26,7.11,Apartment,Yes,No,Residential,3566610,No
2749,P01815,141.7,1,2,6,8,17.56,Apartment,No,No,Outskirts,2553902,No
2750,P07910,208.4,2,2,3,3,4.92,Villa,No,Yes,Residential,5267903,Yes
2751,P06169,71.8,2,1,9,1,4.9,Apartment,No,Yes,Residential,1689751,No
2752,P06324,164.2,4,3,10,19,0.5,Villa,No,No,Downtown,4500207,Yes
2753,P00484,200.3,3,3,4,40,5.87,Duplex,Yes,Yes,Residential,5806194,No
2754,P03456,133,3,2,9,9,15.31,Apartment,No,No,Suburban,3140543,No
2755,P01702,,1,2,8,15,18.2,Duplex,No,Yes,Outskirts,1962964,Yes
2756,P06043,109,1,2,2,2,19.68,Apartment,No,Yes,Suburban,2096919,No
2757,P04080,50,1,2,12,0,2,Apartment,No,Yes,Residential,1295833,Yes
2758,P03124,248.6,5,4,15,3,4.3,Villa,Yes,Yes,Residential,3294856,Yes
2759,P08871,,2,2,14,10,14.97,Apartment,Yes,No,Suburban,625388,Yes
2760,P00423,74.1,2,2,10,35,1.86,Apartment,No,Yes,Downtown,3182291,No
2761,P04122,85.6,1,1,14,3,10.14,Apartment,No,Yes,Suburban,1628207,No
2762,P05212,207.2,2,2,0,3,7.14,Villa,No,No,Residential,6073075,Yes
2763,P04882,125,2,1,2,6,12.88,Duplex,Yes,Yes,Suburban,3587692,No
2764,P05179,50,1,2,7,0,8.55,Apartment,No,Yes,Suburban,594074,Yes
2765,P02786,118.3,1,1,7,6,11.71,Apartment,Yes,Yes,Suburban,2006091,Yes
2766,P05146,202,4,2,12,27,24.98,Duplex,No,No,Outskirts,3600274,No
2767,P08009,87.7,1,1,0,12,14.04,Apartment,Yes,Yes,Outskirts,1421342,Yes
2768,P02743,217.8,3,3,3,9,2.33,Villa,Yes,Yes,Downtown,6573959,Yes
2769,P06609,50,1,1,0,6,0.63,Apartment,No,Yes,Downtown,1137483,Yes
2770,P08597,129.9,1,2,4,4,12.3,Apartment,No,Yes,Suburban,3342098,Yes
2771,P07571,94.4,1,1,13,18,10.81,Apartment,Yes,Yes,Suburban,1381407,No
2772,P02100,198.8,3,2,3,11,7.78,Villa,No,No,Residential,4127039,Yes
2773,P00439,143.6,1,1,0,1,6.98,Apartment,No,No,Suburban,3150059,Yes
2774,P01699,,2,1,4,,24.23,Apartment,No,Yes,Outskirts,662136,No
2775,P05555,124.7,2,2,6,5,9.43,Apartment,No,Yes,Suburban,2792462,Yes
2776,P01077,90.5,1,1,7,7,4.08,Apartment,No,No,Suburban,873392,Yes
2777,P08318,111.5,2,1,5,11,13.83,Apartment,No,Yes,Outskirts,1656405,No
2778,P00645,240.5,3,2,7,4,13.43,Villa,Yes,Yes,Suburban,6839795,No
2779,P00530,252.7,3,2,14,,0.5,Villa,Yes,Yes,Residential,4670182,Yes
2780,P07226,78.8,1,1,13,1,1.9,Apartment,No,No,Downtown,2113434,Yes
2781,P03733,102.5,1,1,12,14,7.11,Apartment,Yes,No,Suburban,1675882,Yes
2782,P04598,161.9,4,2,3,2,2.5,Duplex,No,Yes,Downtown,4467618,Yes
2783,P03839,244.2,4,2,1,10,14,Villa,No,Yes,Suburban,5425092,No
2784,P06110,95.9,1,2,3,12,11.05,Apartment,No,No,Suburban,1777251,No
2785,P08500,67.6,1,1,7,0,0.5,Duplex,No,Yes,Downtown,1152225,Yes
2786,P00526,151.9,2,2,14,16,5.37,Apartment,No,Yes,Residential,3473238,Yes
2787,P06919,50,1,1,3,3,7.39,Apartment,No,No,Residential,1148439,No
2788,P01955,172.9,3,3,15,8,16.48,Villa,No,Yes,Outskirts,3098726,Yes
2789,P02084,134.6,2,2,12,15,1.84,Duplex,No,Yes,Downtown,4035942,Yes
2790,P03605,229.4,4,2,3,10,10.04,Villa,No,Yes,Outskirts,3256042,Yes
2791,P08830,,2,1,2,8,20.98,Apartment,No,No,Outskirts,1359205,No
2792,P01991,53.7,2,1,4,11,0.5,Apartment,No,No,Downtown,1094125,Yes
2793,P04644,174.8,2,2,7,11,1.9,Apartment,Yes,No,Downtown,7476419,No
2794,P08338,72,2,2,13,3,1.6,Apartment,No,Yes,Downtown,1499498,Yes
2795,P05435,172.6,2,1,7,16,3.85,Duplex,Yes,Yes,Suburban,2812793,Yes
2796,P02335,160.9,3,3,9,33,5.11,Duplex,Yes,No,Residential,2500980,Yes
2797,P05297,152,1,2,14,3,18.6,Duplex,No,Yes,Outskirts,3269522,No
2798,P03814,125.7,3,2,8,5,1.8,Apartment,No,Yes,Downtown,1714569,Yes
2799,P01593,199.7,4,3,11,18,25,Duplex,No,Yes,Outskirts,2225218,Yes
2800,P00020,130.1,3,3,11,3,12.7,Apartment,Yes,Yes,Suburban,2056192,No
2801,P05402,113.3,2,2,2,4,7.51,Apartment,No,No,Residential,2859982,No
2802,P05668,147.2,2,2,8,2,13.28,Duplex,No,Yes,Outskirts,1836544,Yes
2803,P01719,107.2,1,2,4,24,15.44,Apartment,No,Yes,Suburban,1620003,No
2804,P03713,111.3,2,2,1,25,22.91,Apartment,No,Yes,Outskirts,1373066,No
2805,P08161,50,2,1,7,7,4.46,Apartment,Yes,Yes,Residential,845641,No
2806,P02379,161.2,3,2,11,4,1.06,Duplex,No,Yes,Downtown,4065239,Yes
2807,P07373,83.7,1,1,13,11,10.8,Apartment,No,No,Suburban,1329491,Yes
2808,P03301,110.1,1,1,9,37,18.94,Apartment,No,Yes,Outskirts,877295,No
2809,P00344,119.9,1,2,6,15,13.23,Apartment,Yes,Yes,Suburban,2388950,No
2810,P08651,289.3,5,3,0,7,4.39,Villa,Yes,Yes,Residential,8828100,Yes
2811,P02148,,1,2,5,15,15.71,Duplex,No,Yes,Outskirts,1466625,No
2812,P08393,94.9,1,2,14,,3.36,Apartment,No,No,Residential,1198272,Yes
2813,P05849,217.1,4,3,15,9,1.66,Duplex,No,Yes,Downtown,5273220,Yes
2814,P03271,139.9,2,1,4,11,20.48,Duplex,No,No,Outskirts,2975932,No
2815,P00948,147.2,3,2,8,,15.77,Duplex,No,No,Outskirts,2570194,No
2816,P03038,50,1,2,5,6,0.5,Apartment,No,Yes,Downtown,1689370,Yes
2817,P05063,150.1,1,1,11,2,5.75,Duplex,No,Yes,Residential,4025089,No
2818,P06638,126.6,2,2,11,40,16.42,Apartment,Yes,Yes,Suburban,902593,No
2819,P08833,160.8,3,2,7,25,1.19,Duplex,No,Yes,Downtown,4073152,Yes
2820,P03145,50,1,1,11,5,13.57,Apartment,No,Yes,Outskirts,589299,No
2821,P00905,101.1,1,1,13,19,15.35,Duplex,Yes,No,Outskirts,2132249,No
2822,P07739,93.5,2,2,6,12,0.5,Apartment,Yes,No,Downtown,2938999,Yes
2823,P04675,159.4,1,2,11,5,10.87,Duplex,Yes,No,Suburban,3992986,No
2824,P07098,82.3,1,2,9,6,3.39,Apartment,Yes,No,Residential,2658021,Yes
2825,P03339,186.3,3,2,0,14,5.09,Villa,No,Yes,Residential,7845947,Yes
2826,P02586,111.4,3,3,1,2,0.6,Apartment,No,Yes,Residential,2108102,Yes
2827,P08474,,1,2,1,1,0.58,Apartment,No,Yes,Downtown,1855374,Yes
2828,P03024,112.2,2,1,12,9,20.9,Apartment,No,Yes,Suburban,2405595,No
2829,P01524,149.4,1,1,3,1,14.94,Villa,No,Yes,Suburban,3661837,No
2830,P06495,189.1,3,2,4,4,15.79,Villa,Yes,Yes,Outskirts,5149151,No
2831,P01024,263.5,3,3,10,40,11.41,Villa,Yes,Yes,Suburban,4442878,Yes
2832,P01626,171.2,2,2,12,3,5.23,Duplex,Yes,Yes,Suburban,2828287,No
2833,P07906,61.1,1,1,7,40,3.23,Apartment,Yes,No,Downtown,1144470,No
2834,P02647,91,1,2,8,7,12.78,Apartment,Yes,Yes,Suburban,1518893,Yes
2835,P03648,144.1,1,2,9,22,3.87,Duplex,No,Yes,Residential,3133049,Yes
2836,P03836,175.6,3,3,0,,5.18,Villa,Yes,Yes,Residential,4904352,Yes
2837,P06398,86.4,2,1,8,6,2.62,Apartment,No,No,Downtown,2117515,Yes
2838,P07572,114.8,1,2,5,16,21.88,Apartment,No,No,Outskirts,1032735,No
2839,P08467,187.6,3,3,15,16,4.86,Duplex,Yes,Yes,Residential,2439561,Yes
2840,P04762,115.8,3,2,8,31,18.63,Duplex,No,No,Suburban,1808403,No
2841,P01669,110.8,3,2,8,10,2.04,Apartment,Yes,No,Downtown,2540975,Yes
2842,P06695,122.3,1,2,9,7,4.65,Duplex,No,Yes,Residential,3723826,No
2843,P07735,170.5,4,2,5,7,17.68,Apartment,No,Yes,Outskirts,1990231,No
2844,P01515,142.5,1,2,10,12,16.39,Duplex,No,No,Outskirts,2175463,No
2845,P06412,232.4,3,2,9,2,15.8,Duplex,No,Yes,Suburban,4641080,No
2846,P03774,226,5,3,2,40,18.3,Villa,No,Yes,Outskirts,4492587,No
2847,P02931,125.1,1,2,7,,6.76,Apartment,No,No,Suburban,2437684,No
2848,P01556,200.9,3,3,12,12,8.55,Duplex,No,Yes,Suburban,3395231,Yes
2849,P08951,61.6,2,1,11,17,6.42,Apartment,Yes,Yes,Residential,1195022,Yes
2850,P03595,89,1,2,4,8,0.57,Apartment,No,No,Downtown,1497321,Yes
2851,P04873,126.6,1,1,3,6,17.49,Apartment,Yes,Yes,Suburban,2367841,No
2852,P07271,50,1,2,7,40,10.8,Apartment,No,No,Outskirts,428304,No
2853,P06061,,2,1,0,2,10.95,Villa,No,Yes,Suburban,4609637,Yes
2854,P04834,,2,1,15,7,14.16,Apartment,Yes,No,Suburban,2743382,No
2855,P05654,108.5,3,2,14,14,7.69,Apartment,No,Yes,Residential,2447643,Yes
2856,P01725,199.3,3,3,14,16,1.86,Duplex,No,No,Residential,6553285,No
2857,P00636,134,3,2,15,37,3.02,Apartment,No,Yes,Downtown,2102993,Yes
2858,P07421,163.7,4,2,9,18,0.62,Duplex,Yes,Yes,Downtown,4746407,Yes
2859,P01592,162.7,3,3,1,9,0.5,Villa,No,Yes,Downtown,5963317,Yes
2860,P03781,50,2,2,2,12,1.24,Apartment,No,No,Downtown,1044554,No
2861,P05377,233.5,5,4,1,17,6.83,Villa,No,Yes,Residential,8281220,Yes
2862,P02687,100.8,2,2,3,11,5.8,Duplex,No,Yes,Residential,3641207,Yes
2863,P07455,186,4,2,11,5,25,Duplex,Yes,Yes,Outskirts,3373280,No
2864,P03911,173.8,2,2,9,5,14.58,Villa,Yes,Yes,Suburban,6581046,No
2865,P03358,179.5,3,2,1,8,0.5,Villa,No,No,Residential,5976082,Yes
2866,P03318,94.9,2,1,1,3,1.01,Apartment,No,No,Downtown,3185472,Yes
2867,P05183,132.3,3,3,9,20,1.37,Apartment,No,Yes,Downtown,4126426,Yes
2868,P02437,206.4,4,2,3,19,12.59,Villa,Yes,No,Suburban,3986155,Yes
2869,P08989,98.5,2,1,7,21,0.5,Apartment,No,Yes,Downtown,1421845,Yes
2870,P04627,79.3,1,2,10,34,13.25,Apartment,No,No,Outskirts,351694,No
2871,P08401,93.9,2,2,12,30,13.8,Apartment,No,No,Suburban,1687890,No
2872,P00961,103.1,1,2,10,10,10.09,Apartment,No,No,Suburban,1872745,No
2873,P02322,159.6,3,3,5,9,0.97,Duplex,Yes,No,Downtown,3279322,Yes
2874,P06388,114.9,1,2,7,4,0.77,Villa,Yes,No,Downtown,4024645,Yes
2875,P06357,155.6,2,1,1,11,4.79,Villa,No,Yes,Residential,5124851,Yes
2876,P08725,144.2,3,2,4,25,12.23,Villa,Yes,Yes,Suburban,4555830,No
2877,P00608,178.3,2,2,15,20,0.5,Duplex,No,Yes,Downtown,4195177,Yes
2878,P01562,75.7,1,2,13,14,4.6,Apartment,No,No,Suburban,1335945,Yes
2879,P07035,74.4,2,2,8,0,1.46,Apartment,Yes,Yes,Downtown,1255956,Yes
2880,P08075,102.3,1,2,7,17,21.33,Apartment,Yes,No,Outskirts,1590338,Yes
2881,P05357,50,2,2,3,32,11.56,Apartment,No,No,Suburban,617831,Yes
2882,P06676,117.6,2,2,3,23,0.5,Apartment,No,Yes,Downtown,2636775,Yes
2883,P07635,214.7,3,3,3,12,0.82,Duplex,No,Yes,Downtown,6734304,No
2884,P06651,51.6,1,1,3,11,6.12,Apartment,No,No,Suburban,627839,Yes
2885,P07600,132.1,2,1,11,24,11.69,Apartment,No,No,Suburban,3371345,No
2886,P07915,205.3,3,2,3,14,13.39,Duplex,No,Yes,Outskirts,1843704,No
2887,P03582,81.7,1,1,3,16,7.75,Apartment,Yes,Yes,Suburban,1410695,No
2888,P07577,61.9,1,1,6,40,19.06,Apartment,No,No,Outskirts,568879,No
2889,P04552,82.7,1,2,6,1,10.24,Apartment,Yes,No,Suburban,1707886,Yes
2890,P05215,188.5,4,3,13,8,4.99,Duplex,No,Yes,Residential,2577538,Yes
2891,P02279,117.5,3,2,15,1,25,Duplex,No,No,Outskirts,2734237,No
2892,P02261,101,2,2,5,26,6.09,Apartment,No,No,Suburban,1183845,No
2893,P05356,202.1,3,2,4,5,16.47,Duplex,No,Yes,Outskirts,4063480,No
2894,P04896,107.3,2,1,7,4,5.07,Apartment,Yes,Yes,Residential,2297339,Yes
2895,P04763,73.6,1,1,14,1,22.1,Apartment,No,No,Outskirts,780266,Yes
2896,P04769,65,2,2,6,22,1.06,Apartment,No,No,Residential,852642,Yes
2897,P02250,137.1,2,1,3,15,5,Villa,No,Yes,Residential,5535272,No
2898,P04547,180.1,4,3,1,1,12.63,Villa,No,Yes,Outskirts,3582283,Yes
2899,P02127,123.3,2,2,13,14,4.75,Duplex,No,No,Residential,2780937,Yes
2900,P01056,88.6,1,2,4,38,13.61,Apartment,No,Yes,Suburban,1888334,No
2901,P05127,159.4,2,1,12,16,3.11,Duplex,No,Yes,Residential,3088495,No
2902,P03784,174,2,2,12,1,2.6,Duplex,No,Yes,Residential,4309754,Yes
2903,P01605,73.2,1,2,9,13,6.07,Apartment,Yes,Yes,Residential,2506627,Yes
2904,P08956,50,1,1,9,2,2.82,Apartment,No,Yes,Residential,1034407,Yes
2905,P08257,170.8,2,2,13,5,10.52,Duplex,No,Yes,Suburban,2079757,Yes
2906,P00116,60.3,1,2,12,11,18.85,Apartment,No,Yes,Outskirts,781263,No
2907,P03475,72.9,2,1,5,2,8,Apartment,Yes,No,Suburban,1619042,No
2908,P05327,125.7,1,1,10,12,9.07,Apartment,No,No,Suburban,1317371,Yes
2909,P04285,123.9,2,2,5,8,15.34,Apartment,Yes,Yes,Outskirts,2172998,No
2910,P01445,78,1,2,3,1,1.27,Apartment,No,Yes,Downtown,2045831,Yes
2911,P03499,94.6,1,2,6,21,4.28,Apartment,No,Yes,Residential,2631233,Yes
2912,P03022,68,1,1,15,4,9.64,Apartment,Yes,No,Suburban,1674556,No
2913,P00335,124.8,2,2,3,40,0.5,Villa,No,Yes,Downtown,4853845,No
2914,P06545,50,1,2,13,8,8.84,Apartment,No,No,Residential,1408343,Yes
2915,P02093,95.1,1,2,5,2,13.5,Apartment,No,No,Suburban,2575151,No
2916,P07733,84.7,1,2,12,23,6.3,Apartment,Yes,Yes,Residential,2335787,No
2917,P00652,122.6,2,2,1,0,11.55,Apartment,No,Yes,Outskirts,1945855,Yes
2918,P02389,153.5,3,2,4,0,15.97,Duplex,No,Yes,Suburban,2924595,Yes
2919,P02124,132.4,3,3,1,16,1.57,Duplex,Yes,Yes,Downtown,3771940,Yes
2920,P03334,195.6,3,2,9,5,6.06,Duplex,Yes,Yes,Residential,2881267,Yes
2921,P08370,99.4,1,1,10,30,2.17,Apartment,No,Yes,Downtown,2268905,Yes
2922,P02374,102,1,2,8,2,7.33,Apartment,Yes,Yes,Residential,2649596,No
2923,P03924,115.4,2,2,2,13,25,Apartment,No,No,Outskirts,1008140,Yes
2924,P04000,77.2,1,2,8,13,0.5,Apartment,No,Yes,Downtown,2738180,Yes
2925,P07356,,1,2,6,0,0.5,Apartment,No,Yes,Residential,2352172,No
2926,P02832,118.7,3,2,8,21,4.82,Duplex,No,Yes,Residential,3458419,Yes
2927,P05937,113.5,1,2,11,5,5.84,Apartment,No,No,Residential,2108222,Yes
2928,P01190,108.7,2,1,3,7,7.36,Apartment,Yes,Yes,Suburban,1714054,Yes
2929,P05492,61.4,2,2,1,1,13.3,Apartment,No,Yes,Suburban,1276980,No
2930,P08260,170.2,2,2,1,15,12.87,Villa,No,Yes,Suburban,5055666,Yes
2931,P05844,,1,1,9,3,12.51,Apartment,No,No,Suburban,832280,Yes
2932,P02845,205.9,2,1,6,9,7.33,Duplex,No,Yes,Residential,4967184,Yes
2933,P06706,145.7,3,2,0,1,6.05,Apartment,Yes,Yes,Residential,3596399,Yes
2934,P07128,169.5,2,1,15,12,5.49,Duplex,No,Yes,Residential,3424360,Yes
2935,P06320,126.7,2,1,13,40,15.24,Duplex,No,No,Suburban,1767146,No
2936,P05526,82.3,1,1,7,2,25,Apartment,No,Yes,Outskirts,720570,No
2937,P00801,177.6,4,3,15,3,8.68,Duplex,No,Yes,Suburban,3425589,Yes
2938,P02002,164.4,2,2,15,5,1.57,Duplex,No,Yes,Residential,4239322,Yes
2939,P06572,148.6,2,2,14,6,10.12,Duplex,No,No,Suburban,3946870,Yes
2940,P08249,242.6,3,3,0,6,4.61,Villa,No,Yes,Residential,6440203,Yes
2941,P03220,164.8,4,2,2,2,7.3,Villa,No,No,Residential,3588822,Yes
2942,P08405,86.3,1,2,13,21,20.29,Apartment,No,No,Outskirts,918018,No
2943,P00883,91.1,1,1,4,10,17.98,Apartment,Yes,Yes,Outskirts,1145686,No
2944,P02994,95.8,1,2,3,40,11.79,Apartment,No,No,Suburban,1072390,No
2945,P04069,174.7,4,2,11,14,15.11,Duplex,Yes,No,Outskirts,2411837,No
2946,P07003,206.3,2,1,0,14,8.67,Villa,No,Yes,Suburban,4104386,Yes
2947,P01310,197.4,2,1,1,10,15.46,Villa,No,Yes,Outskirts,2717578,No
2948,P07210,50.2,2,2,13,,4.2,Apartment,Yes,Yes,Suburban,1057226,Yes
2949,P03407,111.6,3,2,7,30,12.93,Apartment,No,Yes,Suburban,2055702,No
2950,P08029,98.4,1,2,5,3,17.73,Apartment,No,Yes,Outskirts,1215054,No
2951,P08949,170.8,2,2,4,2,4.42,Villa,No,Yes,Residential,4722611,No
2952,P06602,76,1,2,14,12,2.02,Apartment,No,No,Downtown,2040824,No
2953,P04383,107,3,3,12,8,3.47,Apartment,Yes,Yes,Residential,1895916,Yes
2954,P06652,59.9,2,2,2,1,13.44,Apartment,No,Yes,Outskirts,703971,No
2955,P02388,101.5,1,1,0,20,1.63,Apartment,No,Yes,Downtown,1667409,Yes
2956,P06044,136.6,2,2,12,,12.72,Duplex,No,Yes,Outskirts,1972075,Yes
2957,P03316,114.8,3,2,15,24,1.56,Apartment,No,No,Downtown,2399748,Yes
2958,P08479,50,2,2,3,11,2.91,Apartment,No,Yes,Residential,638314,Yes
2959,P06242,147,1,2,9,15,0.5,Duplex,Yes,Yes,Downtown,2905113,Yes
2960,P05296,164.7,3,3,9,8,9.96,Duplex,No,No,Suburban,5085800,No
2961,P05892,213.9,3,2,9,40,14.8,Duplex,No,Yes,Suburban,3768898,No
2962,P03573,97.1,1,2,4,5,0.5,Apartment,No,No,Residential,2092005,Yes
2963,P07688,300,6,4,1,,14.14,Villa,No,No,Suburban,6628966,Yes
2964,P02575,66.1,2,1,0,7,5.83,Apartment,Yes,Yes,Suburban,1646890,Yes
2965,P04981,114.4,3,2,12,1,22.46,Apartment,Yes,Yes,Outskirts,1524205,No
2966,P08805,80.3,1,1,10,11,10.3,Apartment,Yes,No,Suburban,1436438,Yes
2967,P03461,85.9,1,1,7,3,6.32,Apartment,Yes,Yes,Residential,1834323,Yes
2968,P07923,116.6,3,3,13,,13.96,Apartment,Yes,No,Outskirts,1707364,No
2969,P05177,87.2,1,1,2,10,0.5,Apartment,No,No,Downtown,1023447,Yes
2970,P05268,279,4,2,10,21,21.17,Villa,No,No,Outskirts,3991329,No
2971,P05181,182.6,3,2,0,5,7.47,Villa,No,Yes,Suburban,3674885,Yes
2972,P07319,192.4,3,2,15,17,9.51,Villa,Yes,Yes,Residential,3948413,Yes
2973,P02890,150.6,1,1,4,9,1.94,Apartment,No,No,Downtown,3407327,Yes
2974,P01228,109.1,3,3,10,9,6.81,Apartment,No,No,Residential,2864404,Yes
2975,P05281,242,5,3,3,6,25,Villa,No,Yes,Outskirts,5500343,No
2976,P05283,234.5,3,3,13,3,15.37,Villa,Yes,Yes,Outskirts,5025193,No
2977,P02401,118.3,2,1,12,8,0.5,Apartment,No,Yes,Suburban,3250446,Yes
2978,P03493,142.2,1,1,14,8,18.26,Duplex,No,No,Outskirts,2917627,No
2979,P01294,218.5,4,2,3,1,5.26,Villa,Yes,Yes,Residential,4291918,Yes
2980,P05375,157.6,1,2,9,10,10.51,Duplex,No,Yes,Suburban,3770916,No
2981,P05066,109.8,3,3,7,3,11.36,Apartment,Yes,No,Suburban,2500151,Yes
2982,P07082,,1,1,10,7,12.41,Duplex,No,Yes,Outskirts,2289681,Yes
2983,P06022,194.6,3,2,0,18,15.11,Villa,No,No,Outskirts,2588398,No
2984,P02453,85.6,2,2,10,22,11.22,Apartment,No,Yes,Suburban,1710686,No
2985,P03307,116.2,3,3,8,18,0.5,Apartment,Yes,Yes,Downtown,3138649,Yes
2986,P03385,116.1,3,2,5,4,2.89,Duplex,No,Yes,Residential,1902576,Yes
2987,P06125,111.7,1,1,3,18,1.33,Apartment,No,Yes,Downtown,3366957,Yes
2988,P08704,131.7,1,1,2,1,4.3,Apartment,No,Yes,Residential,2431705,Yes
2989,P00325,69.4,1,1,9,4,22.2,Apartment,No,No,Outskirts,713942,Yes
2990,P03764,104,1,1,9,2,9.06,Apartment,Yes,No,Residential,1657369,Yes
2991,P07731,183.7,2,1,11,19,18.59,Duplex,No,Yes,Suburban,3535172,No
2992,P03346,149.5,3,2,1,38,8.23,Apartment,Yes,No,Suburban,2469476,No
2993,P01423,251.1,4,2,4,6,4.67,Duplex,Yes,Yes,Residential,6040710,Yes
2994,P00049,165.4,2,1,6,9,5.73,Duplex,No,Yes,Suburban,3446829,Yes
2995,P07942,50,1,2,10,,3.14,Apartment,Yes,No,Residential,1654566,No
2996,P04815,195.6,3,2,7,2,4.82,Duplex,No,Yes,Residential,4928457,Yes
2997,P05358,115.6,3,3,7,12,1.38,Apartment,Yes,Yes,Residential,3402832,Yes
2998,P00110,71.5,1,2,14,12,14.12,Apartment,No,No,Outskirts,907355,No
2999,P06173,101.8,2,1,6,2,8.47,Apartment,Yes,No,Residential,1412289,Yes
3000,P05531,143.2,1,2,1,1,4.25,Duplex,No,Yes,Residential,3085308,Yes
3001,P00204,65.5,2,2,8,1,2.43,Apartment,Yes,No,Downtown,1217120,Yes
3002,P07204,287.1,6,4,1,17,23.34,Villa,No,Yes,Outskirts,5218127,No
3003,P05905,108.1,3,3,14,11,8.56,Apartment,Yes,No,Residential,1905270,Yes
3004,P08076,95.5,1,1,11,2,3.34,Apartment,No,Yes,Residential,2421970,No
3005,P00417,295.5,6,4,0,,0.5,Villa,Yes,Yes,Downtown,6629520,Yes
3006,P03686,71.9,1,2,11,0,0.82,Apartment,Yes,Yes,Downtown,2228983,Yes
3007,P00694,208.5,3,3,3,5,5.26,Villa,No,Yes,Residential,7804311,No
3008,P07492,66.1,1,2,1,12,17.89,Apartment,No,Yes,Outskirts,649869,No
3009,P01426,79,2,1,0,0,4.04,Apartment,No,Yes,Residential,1893785,Yes
3010,P05845,86,2,1,9,4,6.14,Apartment,No,No,Residential,2639511,Yes
3011,P08712,102.9,2,1,5,4,2.64,Duplex,No,No,Downtown,3222853,No
3012,P02572,223.1,5,4,8,3,12.84,Villa,No,Yes,Suburban,5706696,Yes
3013,P07512,111.4,2,2,14,28,14.46,Apartment,No,No,Suburban,2516500,No
3014,P03169,122.9,2,1,1,15,3.86,Duplex,No,Yes,Downtown,5004217,Yes
3015,P05523,124.5,3,3,12,5,5.7,Apartment,No,Yes,Residential,2738278,Yes
3016,P08330,118.4,3,3,4,6,3.59,Apartment,No,No,Residential,1387648,Yes
3017,P06912,76.7,1,1,12,7,6.18,Apartment,No,No,Suburban,1538585,Yes
3018,P03867,136.9,2,2,6,2,13.37,Duplex,Yes,Yes,Suburban,3805792,Yes
3019,P08778,144.5,2,2,5,3,14.28,Duplex,No,Yes,Suburban,1828221,Yes
3020,P07392,108,2,1,9,9,0.88,Apartment,Yes,Yes,Downtown,3115032,Yes
3021,P07422,104.1,1,1,14,1,0.5,Apartment,No,Yes,Downtown,1178349,Yes
3022,P02764,176.2,2,1,11,0,5.95,Duplex,No,Yes,Residential,4027075,Yes
3023,P04065,88.5,1,2,15,0,1.4,Apartment,No,Yes,Downtown,1645412,Yes
3024,P00604,110.7,3,2,1,4,14.35,Apartment,No,Yes,Suburban,1817469,No
3025,P04895,245.9,4,3,3,0,10.37,Villa,Yes,Yes,Suburban,6866632,Yes
3026,P01460,50,1,2,15,1,6.34,Apartment,Yes,Yes,Residential,1235417,Yes
3027,P05040,127.8,1,2,15,2,10.76,Duplex,Yes,Yes,Suburban,3736172,Yes
3028,P06993,124.8,3,2,1,4,22.62,Apartment,Yes,No,Outskirts,1985162,No
3029,P07965,77.2,1,1,4,14,2.07,Apartment,No,Yes,Downtown,2459542,Yes
3030,P08696,54.1,1,2,4,11,4.97,Apartment,No,No,Residential,1331440,Yes
3031,P02468,267.6,5,4,3,6,9.89,Villa,Yes,Yes,Suburban,3714522,Yes
3032,P07780,142.5,3,2,1,21,9.29,Apartment,No,Yes,Suburban,3909299,No
3033,P05650,285.7,6,4,3,37,0.5,Villa,No,No,Downtown,6562492,Yes
3034,P02484,106.2,1,1,3,13,3.87,Apartment,Yes,Yes,Residential,3355496,No
3035,P05224,90.7,1,2,11,2,1.35,Apartment,No,Yes,Downtown,2922929,Yes
3036,P08846,50,1,2,4,2,13.22,Apartment,No,No,Suburban,677691,No
3037,P03846,51.9,1,2,7,2,9.48,Apartment,Yes,No,Suburban,642789,Yes
3038,P00681,67.6,1,1,0,40,1.65,Apartment,Yes,Yes,Downtown,1815997,Yes
3039,P02554,108.9,2,1,9,8,18.45,Duplex,Yes,Yes,Outskirts,2338240,No
3040,P07801,213.4,2,2,3,5,0.5,Duplex,Yes,Yes,Downtown,2687393,Yes
3041,P00978,141.8,2,1,11,32,0.5,Duplex,Yes,No,Residential,5086404,Yes
3042,P00699,161.7,2,1,7,6,12.3,Duplex,Yes,Yes,Suburban,3597996,No
3043,P01536,73,1,1,9,23,2.63,Apartment,Yes,Yes,Residential,1928754,No
3044,P01083,83.8,1,2,2,1,21.06,Apartment,No,Yes,Outskirts,1130535,Yes
3045,P06321,50,1,2,5,9,0.5,Apartment,No,Yes,Residential,1693082,Yes
3046,P08166,175.4,2,1,6,2,7.88,Duplex,Yes,Yes,Suburban,4449100,No
3047,P06193,120.1,1,2,14,31,1.06,Apartment,No,No,Downtown,1921621,Yes
3048,P00105,229,4,2,11,23,13.04,Villa,No,No,Suburban,5473487,No
3049,P07852,79,2,2,11,9,16.6,Apartment,No,Yes,Outskirts,951759,No
3050,P07825,116.3,2,1,11,16,9.34,Apartment,No,Yes,Outskirts,1796678,No
3051,P04956,56.8,1,2,9,7,4.09,Apartment,No,Yes,Residential,1613310,Yes
3052,P01691,158.5,3,2,13,36,11.97,Duplex,Yes,Yes,Suburban,3150986,No
3053,P01329,144.1,2,2,15,25,9.5,Apartment,No,No,Residential,3085238,Yes
3054,P04968,116.1,2,2,1,26,5.42,Apartment,Yes,Yes,Residential,2691449,No
3055,P03636,143.1,3,3,6,40,1.17,Apartment,No,Yes,Downtown,3439795,Yes
3056,P00690,183.6,3,3,0,5,13.72,Duplex,No,Yes,Suburban,3845771,No
3057,P03613,271.7,4,2,2,10,5.32,Villa,No,Yes,Suburban,7505958,Yes
3058,P00917,246.5,3,2,6,11,1.36,Duplex,Yes,No,Downtown,6583888,Yes
3059,P08895,225.2,5,4,4,5,4.81,Villa,Yes,No,Residential,5499668,Yes
3060,P05640,239.1,4,2,2,15,12.01,Villa,No,Yes,Suburban,6590098,Yes
3061,P07320,94.4,1,1,8,20,7.32,Apartment,No,Yes,Residential,2234547,Yes
3062,P05858,163.5,3,2,10,6,9.49,Duplex,No,No,Suburban,2801468,No
3063,P03033,182.8,4,3,8,1,2.15,Duplex,No,Yes,Residential,8393975,No
3064,P07775,187,2,1,2,12,10.2,Duplex,Yes,No,Suburban,5012721,No
3065,P07346,54.3,1,1,15,17,8.76,Apartment,No,No,Suburban,916431,No
3066,P07509,95.3,2,1,11,,9.55,Duplex,Yes,No,Suburban,3274253,No
3067,P08105,208.7,2,2,3,6,13.44,Villa,Yes,No,Suburban,5162188,Yes
3068,P08779,119.8,1,2,15,17,16.42,Duplex,Yes,No,Outskirts,1752742,No
3069,P05277,79.1,2,1,6,0,12.08,Apartment,Yes,No,Suburban,619244,Yes
3070,P00732,53.4,1,2,6,7,0.63,Apartment,No,Yes,Downtown,1564526,Yes
3071,P08480,146.6,3,2,2,15,17.08,Duplex,No,Yes,Outskirts,2934742,No
3072,P08267,153.4,3,3,7,6,14.27,Duplex,No,Yes,Outskirts,1311625,Yes
3073,P02412,103.9,2,1,13,10,16.07,Apartment,No,No,Outskirts,1402544,Yes
3074,P05805,89.7,1,2,0,8,11.77,Apartment,No,Yes,Suburban,2002844,Yes
3075,P05129,80.4,1,1,7,15,21.61,Apartment,No,No,Outskirts,748673,No
3076,P01606,161.3,3,3,10,2,3.99,Duplex,No,No,Residential,3353938,Yes
3077,P08457,130.2,2,1,4,17,17.29,Duplex,No,Yes,Outskirts,1884646,No
3078,P07502,52.6,1,2,1,19,13.58,Apartment,No,Yes,Suburban,1219709,No
3079,P03783,89.8,2,1,15,7,19.16,Apartment,No,No,Outskirts,1065295,No
3080,P03682,117.1,1,2,14,6,2.21,Apartment,No,Yes,Downtown,3806501,Yes
3081,P06764,158.2,2,2,14,7,13.25,Duplex,Yes,Yes,Suburban,2224888,Yes
3082,P07134,109.5,1,2,5,7,0.5,Apartment,No,Yes,Residential,1963330,Yes
3083,P08358,203.6,2,1,15,17,1.91,Villa,No,No,Downtown,6718274,Yes
3084,P01105,176.8,4,3,2,4,1.61,Duplex,No,Yes,Downtown,3081111,Yes
3085,P08727,72.2,1,1,5,4,18.31,Apartment,Yes,No,Outskirts,1076654,No
3086,P03437,218,3,3,6,3,4.72,Duplex,No,Yes,Residential,7528588,Yes
3087,P06705,64.2,1,2,3,7,4.43,Apartment,No,No,Residential,1138700,Yes
3088,P00162,188.1,4,2,3,,22.29,Villa,No,Yes,Outskirts,3665727,No
3089,P00197,238.2,3,3,6,,8.71,Villa,No,Yes,Suburban,6549610,Yes
3090,P02298,95.3,1,1,2,36,0.5,Apartment,Yes,Yes,Downtown,2573991,No
3091,P06442,210.2,4,3,2,8,14.19,Villa,No,Yes,Outskirts,1116118,No
3092,P04669,52.2,1,2,7,32,18.41,Apartment,Yes,No,Outskirts,496244,No
3093,P01701,98.3,1,1,2,1,19.91,Apartment,No,No,Outskirts,1190457,No
3094,P01398,223.1,5,4,2,5,12.6,Villa,Yes,Yes,Outskirts,3576329,No
3095,P06498,279.6,5,4,4,4,2.57,Villa,Yes,Yes,Residential,8377918,Yes
3096,P06544,,1,1,10,3,6.14,Apartment,Yes,No,Suburban,2178172,No
3097,P05333,126.7,1,1,3,40,5.62,Duplex,Yes,Yes,Residential,2194739,Yes
3098,P05059,124.7,2,2,12,1,9.08,Apartment,Yes,Yes,Suburban,2316531,Yes
3099,P00411,117.3,2,2,2,40,11.9,Apartment,Yes,Yes,Suburban,1198982,No
3100,P01538,56.4,1,2,0,2,9.75,Apartment,No,No,Suburban,1089213,Yes
3101,P04911,96.6,2,1,14,5,0.5,Apartment,No,No,Downtown,990437,Yes
3102,P01732,165.9,4,3,4,15,2.35,Duplex,No,No,Downtown,4318162,No
3103,P03091,107.7,3,3,13,19,17.11,Apartment,Yes,Yes,Outskirts,2746640,No
3104,P00677,176,3,3,2,15,17.16,Apartment,Yes,No,Outskirts,3336740,No
3105,P02235,141.9,3,3,14,0,14,Duplex,Yes,Yes,Suburban,4188014,Yes
3106,P07477,76.1,2,1,5,2,5.52,Apartment,No,Yes,Residential,2343757,Yes
3107,P06639,111,3,3,0,5,6.42,Apartment,No,Yes,Suburban,2349774,Yes
3108,P06276,185.5,2,1,4,10,15.04,Duplex,Yes,No,Suburban,2395887,No
3109,P01387,82,1,2,10,16,10.28,Apartment,Yes,Yes,Suburban,1303113,No
3110,P02967,50,1,1,10,15,5.88,Apartment,No,No,Residential,1065909,No
3111,P06026,124.7,2,2,1,,15.59,Duplex,No,Yes,Outskirts,1889838,Yes
3112,P01748,178.1,4,2,12,18,10.44,Duplex,Yes,Yes,Suburban,1705499,Yes
3113,P04565,173.2,4,3,6,4,0.5,Duplex,No,Yes,Downtown,4340018,Yes
3114,P06979,274.6,5,4,3,4,5.2,Villa,No,Yes,Suburban,3394092,Yes
3115,P03618,162.2,4,3,2,4,1.2,Duplex,No,Yes,Downtown,6130690,Yes
3116,P02499,86.7,1,2,1,2,24.43,Apartment,No,Yes,Outskirts,1043181,No
3117,P01713,219.2,5,4,2,0,15.12,Villa,Yes,Yes,Outskirts,4630501,No
3118,P06852,91.4,1,1,10,13,3.63,Apartment,No,Yes,Residential,1968316,No
3119,P08461,143.1,1,2,9,6,16.35,Duplex,No,Yes,Outskirts,2936198,No
3120,P08051,112.8,3,2,3,0,1.79,Apartment,No,No,Residential,3288130,Yes
3121,P01528,69.7,2,1,4,1,5.15,Apartment,No,Yes,Residential,2245287,No
3122,P04037,200.8,3,2,0,11,1.33,Duplex,Yes,No,Residential,4907718,Yes
3123,P01284,72.9,1,1,1,3,4.87,Apartment,Yes,No,Suburban,1877295,Yes
3124,P07747,118.9,1,2,3,35,6.21,Duplex,No,Yes,Suburban,3215523,Yes
3125,P03025,106.7,1,1,11,4,5.39,Apartment,Yes,Yes,Residential,3288668,No
3126,P05285,96.5,1,2,9,4,0.5,Apartment,Yes,No,Downtown,2559761,Yes
3127,P01922,113.6,2,2,4,15,3.95,Apartment,No,No,Residential,2145922,Yes
3128,P07099,178.9,4,2,8,37,7.37,Duplex,No,Yes,Residential,4140407,Yes
3129,P04097,94,2,1,9,19,8.77,Apartment,No,No,Suburban,1773092,No
3130,P08279,103.6,1,1,0,13,15.61,Apartment,No,Yes,Outskirts,1810273,No
3131,P05478,129.5,3,2,13,6,2.08,Apartment,No,Yes,Residential,2254218,Yes
3132,P03237,113.6,2,1,10,21,16.42,Apartment,No,Yes,Outskirts,1197220,No
3133,P02758,140.6,2,2,14,37,13.58,Duplex,Yes,No,Suburban,3267317,No
3134,P04505,175,3,3,2,27,2.88,Duplex,No,No,Downtown,3262646,No
3135,P02826,123.5,2,1,5,7,11.37,Apartment,Yes,No,Suburban,2863162,No
3136,P05500,131.8,2,1,7,12,4.88,Apartment,No,Yes,Residential,2256529,Yes
3137,P08016,133.3,1,2,6,21,7.31,Duplex,Yes,No,Residential,2609686,Yes
3138,P07432,136.4,3,3,9,26,9.4,Apartment,Yes,No,Suburban,2332818,No
3139,P02608,234.2,4,2,2,14,4.02,Villa,No,Yes,Residential,6564402,Yes
3140,P01370,94.6,1,2,12,23,6.79,Apartment,No,No,Residential,1173036,Yes
3141,P04684,209.7,2,2,15,40,12.27,Duplex,No,Yes,Suburban,4778790,No
3142,P08157,201.1,3,2,10,40,16.81,Villa,No,Yes,Outskirts,4235908,No
3143,P03195,120.4,1,2,1,20,9.6,Apartment,No,Yes,Suburban,2709181,No
3144,P06101,83.2,2,1,3,7,19.93,Apartment,No,No,Suburban,1235520,No
3145,P07505,89.6,2,2,2,3,1.86,Apartment,No,No,Suburban,1899624,No
3146,P01529,85.5,1,1,11,7,1.67,Apartment,No,No,Downtown,1198243,Yes
3147,P05944,50,2,2,3,0,25,Apartment,No,No,Outskirts,660865,No
3148,P07403,271.2,5,3,0,6,5.25,Villa,No,Yes,Residential,5590558,Yes
3149,P01484,88.8,1,2,4,1,7.26,Apartment,Yes,No,Residential,2416679,Yes
3150,P08588,132,1,2,3,23,8.64,Duplex,No,No,Residential,3265008,No
3151,P07002,201.5,4,3,7,1,13.1,Duplex,Yes,Yes,Outskirts,3781660,No
3152,P07868,126.9,3,2,8,8,0.66,Apartment,Yes,No,Downtown,3376912,Yes
3153,P02606,,2,1,13,6,1.09,Apartment,Yes,No,Downtown,1107952,Yes
3154,P06889,74.1,1,2,0,2,9.2,Apartment,No,No,Suburban,858988,No
3155,P01760,214.5,3,2,9,13,12.18,Villa,Yes,Yes,Outskirts,4020667,No
3156,P06458,128.7,1,1,6,24,14.12,Duplex,Yes,No,Suburban,3025913,No
3157,P00343,181.4,3,3,12,3,15.94,Duplex,No,No,Outskirts,3119751,Yes
3158,P08967,100.8,1,1,15,5,12.86,Apartment,No,No,Suburban,976689,Yes
3159,P05647,146.4,1,1,0,7,14.82,Apartment,Yes,Yes,Suburban,2358655,Yes
3160,P04832,194.5,2,2,0,6,5.9,Duplex,Yes,Yes,Residential,4204127,Yes
3161,P03222,75.9,2,1,4,40,19.33,Apartment,No,Yes,Outskirts,997866,No
3162,P00391,123.9,3,2,9,7,5.16,Duplex,Yes,Yes,Suburban,2256989,Yes
3163,P00128,203.3,4,2,9,4,1.54,Duplex,No,Yes,Downtown,7578874,Yes
3164,P07175,168.6,2,1,7,14,2.8,Duplex,No,No,Residential,3081649,Yes
3165,P00610,119.2,2,1,9,29,4.96,Duplex,No,No,Residential,2980325,No
3166,P01454,,4,3,3,27,17.77,Villa,No,Yes,Outskirts,3214317,No
3167,P08449,172.8,3,3,15,14,0.5,Duplex,No,No,Downtown,1511237,No
3168,P04340,98.7,1,2,11,0,17.92,Apartment,Yes,Yes,Outskirts,1015080,Yes
3169,P04353,50,1,2,7,7,13.49,Apartment,No,Yes,Suburban,1283356,No
3170,P04385,141.9,2,2,2,2,25,Apartment,No,No,Outskirts,2254146,No
3171,P04062,173,2,2,5,28,14.62,Duplex,No,Yes,Suburban,4596072,No
3172,P01039,50,2,2,11,3,2.15,Apartment,Yes,Yes,Residential,1392581,Yes
3173,P02784,108.6,1,1,2,12,10.11,Apartment,Yes,No,Residential,2337989,No
3174,P07828,143.3,3,3,13,8,0.55,Apartment,Yes,Yes,Downtown,4486341,Yes
3175,P06446,62.4,2,1,0,21,1.31,Apartment,No,No,Downtown,1832555,Yes
3176,P03581,225.8,5,3,14,40,6.08,Duplex,No,Yes,Suburban,4752331,Yes
3177,P07792,233.7,3,2,12,19,13.24,Villa,No,Yes,Suburban,6030047,Yes
3178,P02938,102.3,1,1,9,25,0.91,Apartment,Yes,No,Downtown,3362577,No
3179,P03664,,2,2,11,13,17.95,Duplex,No,Yes,Suburban,4332194,Yes
3180,P02690,101.7,2,1,9,1,20.68,Apartment,No,No,Suburban,2585391,No
3181,P01772,99.2,1,1,14,2,14.53,Apartment,No,No,Suburban,1027033,No
3182,P04201,125.5,3,2,5,8,5.65,Apartment,No,Yes,Residential,3076543,Yes
3183,P01270,111.4,3,3,4,7,5.78,Apartment,No,No,Residential,1307315,Yes
3184,P04984,64.8,1,1,13,3,2.1,Apartment,Yes,Yes,Downtown,2140894,No
3185,P06750,109.1,1,1,14,5,13.82,Apartment,No,No,Suburban,1386918,No
3186,P06199,124.8,2,2,6,33,3.61,Apartment,No,No,Residential,1477346,No
3187,P00405,101.6,1,1,14,21,9.61,Apartment,No,Yes,Outskirts,1102771,No
3188,P07583,64.1,1,2,1,14,1.16,Apartment,No,Yes,Downtown,2378274,No
3189,P08418,148.7,3,2,2,11,16.55,Duplex,No,Yes,Outskirts,2562999,No
3190,P04579,59.4,2,2,9,8,7.77,Apartment,No,Yes,Residential,1595610,No
3191,P06269,64.3,1,1,7,7,0.5,Apartment,Yes,Yes,Downtown,2142286,Yes
3192,P01884,175.2,4,3,15,4,13.47,Duplex,No,Yes,Suburban,4843961,Yes
3193,P04745,155.9,2,1,2,0,0.5,Villa,No,No,Downtown,4902250,No
3194,P07418,101.9,2,2,7,15,8.79,Apartment,Yes,No,Outskirts,894959,Yes
3195,P02854,106,2,1,3,13,0.5,Apartment,No,No,Residential,1331084,Yes
3196,P08061,70.4,2,2,15,5,5.75,Apartment,No,No,Suburban,848860,Yes
3197,P08137,80.5,2,1,3,1,11.95,Apartment,Yes,Yes,Suburban,1726819,No
3198,P01724,,2,2,14,25,8.15,Duplex,No,Yes,Suburban,3074241,Yes
3199,P07221,149.8,2,1,2,3,1.85,Duplex,No,Yes,Residential,4100668,Yes
3200,P03067,50,2,1,11,12,6.97,Apartment,No,No,Residential,1063808,Yes
3201,P07032,200.4,2,1,3,11,2.59,Duplex,No,Yes,Residential,4649572,Yes
3202,P03878,88.8,1,1,2,24,13.45,Apartment,No,No,Outskirts,1238415,Yes
3203,P08145,151.8,1,1,4,1,12.23,Duplex,Yes,Yes,Suburban,2998641,Yes
3204,P02980,,2,2,11,11,17.59,Duplex,No,Yes,Outskirts,1427989,Yes
3205,P08425,261.5,5,3,15,,5.28,Villa,No,Yes,Residential,5769995,Yes
3206,P00133,135.7,3,2,7,4,14.13,Apartment,Yes,Yes,Suburban,3899825,Yes
3207,P00372,263.5,4,3,0,26,7.22,Villa,Yes,Yes,Residential,8494991,No
3208,P03415,178.5,2,2,9,9,4.44,Duplex,No,Yes,Residential,6064047,Yes
3209,P04064,63.2,1,1,1,9,12.78,Apartment,Yes,No,Suburban,748398,Yes
3210,P07137,123.5,3,2,13,16,0.5,Apartment,Yes,No,Downtown,3632336,No
3211,P00329,127.6,1,1,12,17,10.75,Apartment,No,No,Suburban,1734631,No
3212,P04495,94.9,2,1,0,16,4.82,Apartment,No,No,Residential,1080113,Yes
3213,P02698,93.7,1,1,13,40,1.34,Apartment,No,Yes,Downtown,707888,Yes
3214,P06818,76.2,1,2,11,1,0.5,Apartment,Yes,Yes,Downtown,2228503,Yes
3215,P07648,167,2,1,0,19,4.21,Apartment,No,No,Residential,5286198,Yes
3216,P06693,62.3,1,2,0,19,25,Apartment,Yes,No,Outskirts,577722,No
3217,P03847,85.7,1,2,14,3,7.87,Apartment,Yes,Yes,Suburban,2173887,No
3218,P04057,73.8,2,1,1,6,5.32,Apartment,No,No,Residential,1801236,Yes
3219,P04943,144.1,2,2,5,8,3.47,Apartment,No,Yes,Suburban,2951183,No
3220,P05693,74.5,1,2,7,21,8.4,Apartment,Yes,Yes,Suburban,1074480,No
3221,P05195,87.6,1,2,0,37,25,Apartment,Yes,No,Outskirts,1017268,No
3222,P06417,154.1,2,2,1,5,6.94,Villa,Yes,No,Residential,5673862,Yes
3223,P00168,119.7,2,1,7,2,22.67,Apartment,Yes,Yes,Outskirts,2125412,No
3224,P07999,226.9,3,3,12,1,5.74,Villa,Yes,Yes,Residential,6993360,Yes
3225,P04215,104.4,2,2,10,17,14.1,Apartment,Yes,Yes,Suburban,806137,No
3226,P08915,85.8,1,1,14,8,5.43,Apartment,Yes,No,Residential,2140335,Yes
3227,P03680,50.9,2,2,5,3,1.68,Apartment,No,No,Downtown,1762714,No
3228,P02344,136.8,3,3,9,5,2.36,Apartment,Yes,No,Residential,1955910,Yes
3229,P01959,139.2,3,3,7,,11.25,Apartment,Yes,Yes,Outskirts,1470025,Yes
3230,P05466,50,1,2,1,4,11.58,Apartment,No,No,Outskirts,828635,No
3231,P05077,66.1,2,2,15,7,6.64,Apartment,No,Yes,Residential,2413335,Yes
3232,P06797,184.4,2,2,1,13,7.69,Villa,No,No,Suburban,3252004,Yes
3233,P02497,186.4,3,2,0,1,14.59,Villa,No,No,Suburban,4057556,Yes
3234,P01700,85.7,1,2,5,10,9.56,Apartment,Yes,No,Suburban,1834585,No
3235,P00362,166.9,2,1,12,14,0.82,Duplex,Yes,Yes,Downtown,5935367,Yes
3236,P00100,,3,3,0,5,15.4,Duplex,Yes,Yes,Outskirts,1364180,Yes
3237,P07368,257.5,4,2,0,8,5.98,Villa,No,No,Suburban,5767731,Yes
3238,P02793,179.8,4,2,13,4,5.23,Duplex,Yes,No,Suburban,5572087,Yes
3239,P05139,,1,1,0,6,4.71,Apartment,No,Yes,Residential,3394425,Yes
3240,P04303,214.8,4,2,2,8,22.7,Duplex,No,Yes,Outskirts,2800447,No
3241,P00723,111.6,1,2,15,17,2.62,Apartment,No,No,Downtown,3136163,Yes
3242,P06155,178.9,3,2,14,5,2.84,Duplex,No,Yes,Residential,4396939,Yes
3243,P04105,117.6,3,3,9,9,15.52,Duplex,No,Yes,Outskirts,1792431,No
3244,P02751,50,1,1,15,17,8.65,Apartment,No,Yes,Residential,1020032,Yes
3245,P04296,172.9,4,2,3,4,1.72,Duplex,Yes,No,Residential,2513597,Yes
3246,P06509,236.7,5,4,3,3,3.25,Villa,No,Yes,Suburban,5155981,Yes
3247,P02336,76.8,1,1,0,4,12.37,Apartment,Yes,No,Suburban,1513299,Yes
3248,P04931,300,6,4,0,18,9.14,Villa,Yes,Yes,Suburban,5986840,Yes
3249,P08551,70.5,2,1,9,40,8.63,Apartment,Yes,Yes,Suburban,933534,No
3250,P02653,80.8,1,2,1,4,13.58,Apartment,No,Yes,Outskirts,938540,No
3251,P07823,133,3,3,9,3,5.74,Apartment,No,No,Residential,2262071,Yes
3252,P04666,103.3,2,1,15,3,4.62,Apartment,No,No,Residential,2589926,Yes
3253,P05088,151,2,2,10,1,5.41,Duplex,No,No,Residential,4153567,Yes
3254,P06326,208.1,3,2,3,10,1.17,Villa,Yes,Yes,Downtown,6320058,No
3255,P01622,149.3,1,1,6,23,11.47,Apartment,No,No,Suburban,2350045,No
3256,P02255,138.2,1,1,11,10,15.56,Duplex,No,Yes,Outskirts,1365385,No
3257,P07196,180.4,3,3,0,13,16.54,Villa,Yes,Yes,Outskirts,5063046,No
3258,P02562,110,1,2,5,,17.66,Apartment,No,No,Suburban,1780084,Yes
3259,P05273,215.2,5,3,9,9,23.83,Villa,Yes,Yes,Outskirts,5992835,No
3260,P07053,165.1,3,3,0,8,6.54,Duplex,No,Yes,Residential,4720107,No
3261,P06461,,3,2,3,9,5.45,Villa,Yes,Yes,Residential,7426559,Yes
3262,P03218,213.2,3,2,3,23,1.97,Villa,No,Yes,Downtown,7506150,Yes
3263,P04004,180.5,4,3,3,2,4.81,Apartment,No,Yes,Residential,3566981,Yes
3264,P06286,207.5,4,2,15,11,11.85,Duplex,No,Yes,Suburban,2411270,Yes
3265,P05815,135.2,1,1,15,18,13.66,Apartment,No,Yes,Suburban,2314003,No
3266,P02464,74.3,1,1,8,0,14.96,Apartment,No,No,Suburban,732889,Yes
3267,P04155,50,1,2,1,10,8.69,Apartment,No,No,Suburban,814221,No
3268,P02007,72.6,1,2,5,10,4.24,Apartment,Yes,Yes,Residential,1705276,No
3269,P00756,85.5,1,2,12,15,6.97,Apartment,No,No,Residential,2345695,No
3270,P00316,189.6,3,2,13,6,5.84,Duplex,Yes,Yes,Residential,6183642,Yes
3271,P08522,216.5,3,2,2,12,5.69,Villa,No,No,Residential,4548464,Yes
3272,P08300,223.2,4,2,3,40,3.47,Villa,No,Yes,Residential,4653169,Yes
3273,P02651,277.2,5,3,0,12,20.12,Villa,Yes,Yes,Outskirts,5512310,No
3274,P05913,79.5,2,1,5,0,14.52,Apartment,Yes,No,Suburban,2511091,No
3275,P00215,211.9,2,1,9,14,15.15,Duplex,No,Yes,Suburban,4532904,No
3276,P02257,116.5,3,3,4,35,17.98,Duplex,No,Yes,Outskirts,2620330,No
3277,P05662,102.7,1,2,2,7,0.5,Apartment,No,Yes,Downtown,2325437,Yes
3278,P02137,62,2,2,7,2,5.68,Apartment,No,Yes,Residential,1098474,Yes
3279,P05189,98.2,1,1,0,19,17.45,Apartment,Yes,Yes,Outskirts,1448044,No
3280,P02174,,1,2,10,,2.63,Apartment,Yes,Yes,Downtown,2377022,Yes
3281,P00659,136.5,3,3,9,40,8.11,Duplex,Yes,Yes,Suburban,2746766,No
3282,P04283,200.2,2,1,7,,8.88,Duplex,Yes,Yes,Suburban,4833918,Yes
3283,P03726,254.2,4,2,9,13,13.84,Villa,No,Yes,Suburban,5996482,Yes
3284,P04073,179.4,3,3,7,16,0.74,Duplex,No,Yes,Residential,4081519,Yes
3285,P08642,135.5,2,2,3,19,21.06,Apartment,No,No,Outskirts,1396405,No
3286,P05082,111.6,2,1,15,24,11.6,Apartment,No,Yes,Suburban,1671755,No
3287,P08063,64.3,1,1,11,3,13.34,Apartment,Yes,Yes,Suburban,1145626,No
3288,P03017,149.4,2,1,5,4,18.95,Apartment,Yes,No,Outskirts,2342616,No
3289,P06501,,3,3,11,7,17.14,Apartment,No,Yes,Outskirts,1485289,No
3290,P07393,84.5,1,2,12,14,4.45,Duplex,Yes,Yes,Residential,2651981,No
3291,P05791,92.8,1,2,6,8,16.38,Apartment,No,No,Outskirts,1354879,No
3292,P00337,136.2,2,2,5,13,0.5,Apartment,Yes,Yes,Downtown,3193725,No
3293,P04835,72.7,2,1,13,4,6.7,Apartment,No,No,Residential,1719331,Yes
3294,P01510,77.3,1,1,15,10,10.16,Apartment,No,No,Suburban,1578081,Yes
3295,P01309,90.2,1,2,12,40,4.05,Apartment,No,Yes,Downtown,2534977,No
3296,P02110,55.3,2,1,1,5,0.5,Apartment,Yes,No,Downtown,1322956,Yes
3297,P00747,91.6,2,1,11,8,4.77,Apartment,No,Yes,Residential,2274927,No
3298,P06408,60.7,2,2,13,1,5.8,Apartment,No,Yes,Residential,1755335,Yes
3299,P08024,88.7,1,2,1,14,5.94,Apartment,Yes,No,Residential,2269981,Yes
3300,P05513,117.1,2,1,14,4,6.58,Apartment,Yes,Yes,Residential,1818968,Yes
3301,P04561,125.3,3,3,9,16,22.29,Apartment,No,No,Outskirts,1025349,Yes
3302,P07441,79.4,2,1,11,3,25,Apartment,No,No,Outskirts,1222889,No
3303,P07834,88.8,1,2,5,5,12.79,Apartment,Yes,No,Suburban,1648536,Yes
3304,P08747,95.7,2,1,11,7,6.93,Apartment,No,Yes,Suburban,2033349,No
3305,P04808,97.8,2,1,6,40,12.54,Apartment,No,No,Suburban,1305316,No
3306,P06688,98.8,1,2,12,18,18.34,Apartment,No,No,Outskirts,766360,Yes
3307,P07439,288.3,6,4,7,4,4.4,Villa,Yes,Yes,Residential,13290922,Yes
3308,P01982,80.1,2,1,3,10,6.38,Apartment,No,Yes,Residential,1335145,Yes
3309,P03351,89.6,2,2,1,12,1.59,Apartment,No,Yes,Downtown,2809471,Yes
3310,P05814,126.6,1,1,2,12,10.79,Apartment,No,No,Suburban,1560754,Yes
3311,P02495,130.6,1,1,14,7,17.21,Duplex,Yes,Yes,Outskirts,1628950,No
3312,P07892,80.4,2,2,0,25,20.23,Apartment,No,No,Outskirts,1127941,No
3313,P04415,125.2,3,2,7,4,4.74,Apartment,Yes,No,Residential,1728296,Yes
3314,P04546,129,1,2,0,6,0.91,Apartment,Yes,Yes,Residential,4143382,Yes
3315,P07206,103.3,1,2,14,0,4.53,Apartment,Yes,Yes,Residential,2977614,Yes
3316,P08269,73.2,1,2,14,14,8.24,Apartment,No,Yes,Suburban,1603629,No
3317,P02973,77.6,1,2,9,14,0.5,Apartment,Yes,Yes,Downtown,2866421,Yes
3318,P05857,195.6,3,2,14,27,10.1,Duplex,Yes,Yes,Suburban,3966057,No
3319,P00290,227.9,4,2,1,5,0.5,Villa,No,Yes,Downtown,5432210,Yes
3320,P05710,,2,2,12,34,19.45,Apartment,No,No,Suburban,1376304,No
3321,P01802,225.4,3,2,6,14,12.73,Duplex,No,Yes,Suburban,4945810,No
3322,P05642,156.1,2,1,10,11,10.55,Apartment,No,No,Suburban,1617325,No
3323,P07308,93.3,1,1,8,5,15.74,Apartment,No,Yes,Suburban,1317764,Yes
3324,P02883,103.2,1,1,13,5,17.34,Apartment,Yes,Yes,Suburban,1629045,Yes
3325,P00921,59.9,2,1,1,19,0.5,Apartment,Yes,Yes,Downtown,1740434,Yes
3326,P06474,50,2,2,15,17,11.08,Apartment,No,Yes,Suburban,748174,No
3327,P03182,193.1,4,2,11,40,5.67,Duplex,No,No,Residential,5586321,Yes
3328,P08223,148.5,3,2,4,,7.02,Apartment,Yes,Yes,Residential,3066443,Yes
3329,P01920,95.2,1,1,6,1,17.7,Apartment,No,No,Outskirts,1024510,No
3330,P02917,105.5,2,1,5,4,3.34,Apartment,Yes,Yes,Residential,2939116,Yes
3331,P06583,83.8,1,2,1,3,10.42,Apartment,No,No,Suburban,1614263,No
3332,P07314,,2,2,1,9,7.74,Villa,No,Yes,Suburban,5231908,Yes
3333,P01716,232.9,4,3,10,1,13.54,Villa,No,Yes,Suburban,5969431,Yes
3334,P03854,165,2,1,4,0,4.56,Duplex,Yes,No,Residential,3651578,Yes
3335,P04175,154.4,2,1,11,4,11.77,Duplex,Yes,Yes,Suburban,3654712,No
3336,P00514,114,2,1,15,4,4.87,Duplex,No,No,Residential,2641457,Yes
3337,P00846,141.4,1,2,10,1,17.99,Duplex,Yes,No,Outskirts,1879448,No
3338,P05741,117.6,2,2,9,23,14.13,Duplex,No,No,Suburban,1845188,Yes
3339,P04508,124.1,1,2,7,,0.5,Apartment,Yes,Yes,Downtown,4495359,Yes
3340,P01343,62.8,2,2,8,28,6.59,Apartment,No,No,Residential,728880,No
3341,P08847,240.7,4,2,2,15,15.1,Villa,No,Yes,Outskirts,5935636,No
3342,P02051,52.8,2,1,12,20,15.94,Apartment,No,No,Outskirts,607431,No
3343,P02833,139.3,3,2,6,0,2.36,Apartment,Yes,No,Residential,2553491,Yes
3344,P07328,122.3,1,2,12,3,4,Apartment,No,No,Residential,2100737,Yes
3345,P05898,141.7,2,2,13,12,17.07,Apartment,No,No,Outskirts,1180923,Yes
3346,P07113,52.2,1,2,6,8,8.54,Apartment,No,Yes,Suburban,1044827,Yes
3347,P00074,191.6,2,2,14,40,2.71,Villa,No,No,Residential,4587513,Yes
3348,P01490,150.3,1,1,12,35,7.09,Apartment,No,Yes,Residential,3313082,No
3349,P07812,80.2,1,2,4,18,7.04,Apartment,Yes,Yes,Suburban,1310448,Yes
3350,P00392,,2,1,10,1,0.55,Apartment,No,Yes,Downtown,1991223,Yes
3351,P04311,216.1,5,4,7,9,11.61,Villa,Yes,Yes,Suburban,3904110,Yes
3352,P00826,57.7,1,1,15,4,2.95,Apartment,No,No,Downtown,613706,No
3353,P06185,270.6,6,4,14,13,0.5,Villa,Yes,Yes,Downtown,2147657,Yes
3354,P03793,105,1,2,8,7,2.2,Apartment,No,Yes,Downtown,3009019,Yes
3355,P01813,236.8,4,2,2,8,11.78,Villa,No,Yes,Suburban,3174485,No
3356,P00493,109.3,3,3,6,14,12.85,Apartment,Yes,No,Suburban,2544664,Yes
3357,P03891,176,2,2,9,14,2.35,Duplex,No,No,Downtown,4869426,Yes
3358,P04176,50,1,2,4,13,8.36,Apartment,No,Yes,Suburban,1022274,No
3359,P04473,158.6,1,1,3,,9.09,Duplex,Yes,Yes,Suburban,2424771,Yes
3360,P06142,81,1,2,6,4,2.63,Apartment,Yes,Yes,Downtown,2485261,Yes
3361,P07497,121.7,3,3,11,2,6.72,Duplex,No,Yes,Residential,3775090,Yes
3362,P08954,215.1,3,3,0,2,14.83,Villa,No,Yes,Outskirts,4002555,No
3363,P00650,246.8,4,3,15,10,1.21,Villa,No,Yes,Downtown,8501607,Yes
3364,P04892,204.5,4,2,0,2,6.48,Duplex,No,Yes,Residential,4296751,Yes
3365,P05634,149.6,1,1,3,39,0.96,Duplex,Yes,Yes,Downtown,3935955,Yes
3366,P04403,63.1,1,1,1,5,0.99,Apartment,Yes,No,Downtown,1429671,No
3367,P05365,56.3,2,1,11,6,16.91,Apartment,No,No,Outskirts,761297,No
3368,P03902,96.2,2,2,5,40,17.54,Apartment,No,Yes,Outskirts,325091,No
3369,P05026,102.5,1,1,8,0,7.78,Apartment,Yes,Yes,Suburban,1954596,Yes
3370,P08316,113.5,3,2,11,14,14.51,Apartment,Yes,Yes,Suburban,2599347,No
3371,P02749,50.4,1,2,9,12,3.34,Apartment,No,Yes,Residential,1256184,Yes
3372,P00256,87.6,1,2,5,0,10.35,Apartment,No,No,Suburban,1298482,Yes
3373,P01685,186.1,2,1,2,4,0.54,Villa,No,No,Downtown,4992042,Yes
3374,P04550,198.3,3,3,0,9,3.61,Villa,Yes,Yes,Residential,4766585,Yes
3375,P05519,89.4,1,2,0,30,2.62,Apartment,No,Yes,Downtown,1586732,Yes
3376,P05073,183.2,2,1,3,3,4.78,Villa,No,Yes,Residential,6223494,Yes
3377,P00943,167,4,3,0,8,0.5,Villa,No,Yes,Downtown,5965253,Yes
3378,P08087,51.1,1,1,0,5,19.75,Apartment,No,Yes,Outskirts,250000,No
3379,P00869,125.8,1,1,12,1,0.66,Apartment,Yes,No,Downtown,3412858,Yes
3380,P07513,89.1,1,1,6,2,0.5,Apartment,Yes,Yes,Downtown,2887787,Yes
3381,P00433,201.4,3,2,15,13,11.73,Villa,Yes,No,Suburban,4565841,No
3382,P05218,96.2,1,2,10,12,1.76,Apartment,Yes,Yes,Downtown,1214917,Yes
3383,P02355,120.1,2,2,3,15,3.94,Duplex,No,Yes,Residential,4387535,No
3384,P05116,180.4,3,3,10,9,18.75,Duplex,No,Yes,Outskirts,3756259,No
3385,P04322,159.5,2,1,7,4,14.03,Duplex,No,No,Suburban,4022505,No
3386,P00774,262.5,4,2,7,7,18.02,Villa,No,No,Outskirts,4942072,No
3387,P04315,110,1,1,6,12,1.55,Duplex,Yes,Yes,Downtown,3161447,Yes
3388,P07832,132.5,3,2,1,5,15.85,Duplex,Yes,Yes,Suburban,2353868,Yes
3389,P04540,102.2,2,2,11,4,2.89,Apartment,No,No,Residential,1429780,Yes
3390,P00954,70.1,1,1,6,5,1.21,Apartment,Yes,Yes,Downtown,1734957,No
3391,P07584,167.1,4,2,3,5,14.44,Villa,No,No,Suburban,1654321,No
3392,P02054,118,3,3,0,18,14.3,Apartment,No,Yes,Outskirts,1342746,No
3393,P04680,85.2,1,2,7,5,11.43,Apartment,No,Yes,Outskirts,1066351,No
3394,P02839,107.9,1,1,7,17,2.69,Apartment,No,No,Residential,3096549,Yes
3395,P00743,214.2,4,2,2,2,13.38,Villa,Yes,Yes,Outskirts,5061466,Yes
3396,P02986,167,2,2,14,35,2.72,Duplex,No,No,Residential,4014937,No
3397,P03087,153.2,2,1,6,19,1.92,Duplex,Yes,No,Residential,4139127,Yes
3398,P02058,167.8,3,2,2,8,5.61,Apartment,Yes,No,Residential,3244882,Yes
3399,P06741,148.6,3,3,2,11,12.68,Duplex,No,Yes,Suburban,2496268,No
3400,P05853,,4,2,2,12,0.5,Duplex,No,No,Downtown,4739761,Yes
3401,P00117,95.8,1,2,15,2,14.5,Apartment,No,No,Suburban,2265466,Yes
3402,P02923,77.2,1,2,6,28,3.33,Apartment,Yes,Yes,Downtown,1407241,No
3403,P07234,136,1,2,15,12,7.21,Apartment,No,No,Residential,2792036,Yes
3404,P03391,85.3,1,2,6,,0.5,Apartment,Yes,Yes,Downtown,2652940,Yes
3405,P04725,114.3,1,2,6,16,0.5,Apartment,No,No,Downtown,2716822,Yes
3406,P03059,128.9,2,1,12,11,5.54,Apartment,No,Yes,Residential,2322016,Yes
3407,P01352,78.9,2,1,2,1,21.74,Apartment,No,Yes,Outskirts,797687,No
3408,P08353,,1,1,3,10,12.04,Apartment,No,Yes,Outskirts,1071254,Yes
3409,P05087,94.7,1,1,3,1,15.68,Apartment,No,Yes,Suburban,2240508,Yes
3410,P05723,92.3,2,2,11,7,0.5,Apartment,No,Yes,Downtown,2808661,Yes
3411,P06133,144.3,3,2,12,19,12.25,Apartment,No,Yes,Suburban,2799633,No
3412,P06328,243.7,4,2,2,23,14.5,Villa,Yes,Yes,Suburban,2549486,Yes
3413,P02902,,1,2,2,24,20.9,Apartment,No,Yes,Outskirts,1206491,No
3414,P00083,136.2,1,2,2,2,9.55,Villa,No,Yes,Outskirts,3000144,No
3415,P03235,109.1,1,1,5,15,1.46,Apartment,No,Yes,Downtown,527257,Yes
3416,P02367,172.7,2,1,6,21,2.59,Villa,Yes,Yes,Residential,4250163,Yes
3417,P05309,,3,2,9,1,0.5,Villa,No,Yes,Downtown,4782673,Yes
3418,P07590,229.2,3,2,15,13,7.69,Duplex,No,Yes,Residential,2247431,Yes
3419,P00589,,1,2,0,6,2.98,Apartment,Yes,Yes,Downtown,2731895,Yes
3420,P08517,169.3,2,2,9,16,18.41,Duplex,No,No,Outskirts,3252009,No
3421,P03627,134.1,3,3,2,13,16.45,Apartment,Yes,No,Outskirts,1969882,No
3422,P00658,241.2,4,2,10,9,3.87,Villa,No,Yes,Residential,3026104,Yes
3423,P08377,104.3,2,1,10,2,15.08,Apartment,No,Yes,Suburban,1186696,No
3424,P06033,128.6,3,2,11,5,0.69,Apartment,Yes,No,Downtown,3144147,Yes
3425,P03354,106.9,2,2,7,19,6.55,Apartment,No,No,Residential,1594669,Yes
3426,P01786,145,2,1,5,1,15.95,Duplex,No,No,Outskirts,1192057,No
3427,P08520,120.4,2,2,3,10,1.4,Duplex,No,Yes,Downtown,4744271,No
3428,P04523,131.9,3,3,7,9,6.89,Duplex,No,Yes,Suburban,2944662,Yes
3429,P00738,88.8,2,2,4,12,3.99,Apartment,No,Yes,Residential,936763,Yes
3430,P06258,78.3,2,1,6,9,1.19,Apartment,Yes,Yes,Downtown,877438,Yes
3431,P00081,68.6,1,1,5,13,16.06,Apartment,No,Yes,Suburban,1311338,No
3432,P04113,111.3,2,1,15,34,13.67,Apartment,No,Yes,Suburban,2208908,No
3433,P06086,79,1,1,11,5,15.2,Apartment,Yes,Yes,Outskirts,1298184,No
3434,P02737,78.3,1,1,15,5,2.26,Duplex,Yes,Yes,Downtown,1911735,Yes
3435,P04269,190.7,3,2,10,12,10.23,Duplex,No,Yes,Suburban,2760069,Yes
3436,P05192,131.3,3,3,3,4,15.48,Duplex,No,Yes,Suburban,2187810,No
3437,P06196,79,2,2,8,0,3.76,Apartment,Yes,No,Residential,2682241,No
3438,P06099,187,3,3,2,4,7.71,Villa,Yes,Yes,Suburban,5793909,Yes
3439,P02018,146.1,1,2,12,4,0.64,Duplex,No,No,Downtown,4459758,Yes
3440,P03304,103.9,1,1,8,13,15.9,Apartment,No,Yes,Outskirts,1249485,Yes
3441,P08819,51.5,1,1,8,2,13.3,Apartment,No,Yes,Suburban,840862,No
3442,P08351,152.8,2,2,8,7,20.99,Duplex,No,Yes,Outskirts,2673893,Yes
3443,P06900,124.9,1,1,4,25,23.26,Duplex,No,Yes,Outskirts,995677,No
3444,P00174,162,2,1,0,16,11.02,Duplex,No,No,Outskirts,2659444,No
3445,P05035,192.3,2,1,0,1,2.66,Duplex,No,Yes,Suburban,3335449,Yes
3446,P03909,51.2,1,2,9,16,4.4,Apartment,Yes,No,Suburban,954998,No
3447,P01167,169.5,3,3,5,40,20.86,Duplex,No,Yes,Outskirts,2576491,No
3448,P00910,157.1,1,1,3,13,8.44,Apartment,No,Yes,Residential,2936572,Yes
3449,P01720,67.2,2,2,5,10,21.67,Apartment,Yes,Yes,Outskirts,1068657,Yes
3450,P07033,102,2,2,7,2,5.02,Apartment,Yes,Yes,Residential,2942002,Yes
3451,P07274,300,6,4,6,6,5.28,Villa,No,Yes,Residential,8409213,No
3452,P06595,89.2,1,2,2,10,23.42,Apartment,Yes,Yes,Outskirts,425652,No
3453,P02032,166.9,3,3,14,30,17.99,Duplex,Yes,Yes,Suburban,1991780,No
3454,P01979,228.9,3,2,14,5,13.34,Villa,Yes,Yes,Suburban,3508344,No
3455,P03485,134.8,3,3,15,34,7.92,Duplex,No,No,Suburban,2971770,No
3456,P03706,83,1,1,13,30,1.16,Apartment,Yes,Yes,Downtown,2120298,No
3457,P01975,182.8,3,3,0,15,1.55,Duplex,No,Yes,Downtown,4592739,Yes
3458,P01946,50,1,2,11,9,13.6,Apartment,No,Yes,Outskirts,499375,No
3459,P02906,119.6,1,2,0,10,8.21,Duplex,No,No,Suburban,1700103,Yes
3460,P05761,163.2,2,1,9,15,0.62,Apartment,No,No,Downtown,4336702,Yes
3461,P01421,62,1,2,14,7,6.7,Apartment,Yes,No,Suburban,1384303,Yes
3462,P06973,202.7,2,2,14,20,9.47,Duplex,Yes,Yes,Residential,4579725,Yes
3463,P01537,50,2,2,13,21,15.57,Apartment,No,No,Suburban,337021,No
3464,P04790,78.2,1,1,9,,7.8,Villa,No,Yes,Suburban,2677151,No
3465,P08291,74.8,2,1,2,4,5.97,Apartment,No,No,Suburban,1969767,Yes
3466,P06999,102.2,1,1,10,24,14.44,Apartment,Yes,No,Outskirts,1091593,Yes
3467,P08979,223.9,5,4,6,27,12.83,Villa,No,No,Suburban,4407595,Yes
3468,P00185,105.8,3,3,3,25,7.09,Apartment,Yes,Yes,Suburban,1815151,Yes
3469,P05080,93.5,1,2,10,,9.66,Apartment,No,Yes,Suburban,1318760,Yes
3470,P04007,106.3,3,3,15,3,4.15,Apartment,No,Yes,Residential,1906801,Yes
3471,P06248,,1,2,6,22,25,Duplex,No,No,Outskirts,1385890,No
3472,P06581,164.7,4,3,7,9,21.69,Duplex,No,No,Outskirts,2972408,No
3473,P08624,188.7,3,3,2,21,5.4,Villa,Yes,No,Suburban,4708254,No
3474,P05007,163.7,2,1,7,35,14.49,Duplex,No,Yes,Suburban,2578796,No
3475,P08048,50,1,1,5,10,18.37,Apartment,No,Yes,Outskirts,813972,No
3476,P01072,85.6,1,2,8,16,4.39,Apartment,Yes,Yes,Suburban,1179540,Yes
3477,P07919,132.6,2,2,15,8,19.66,Duplex,No,Yes,Outskirts,2735204,No
3478,P02557,126.7,3,2,11,6,0.5,Apartment,No,Yes,Downtown,2316033,Yes
3479,P08891,74.4,2,1,15,40,10.59,Apartment,No,Yes,Suburban,882540,No
3480,P07493,123.9,2,1,10,15,9.78,Duplex,No,Yes,Suburban,4039813,No
3481,P02317,202.5,3,2,3,7,1.62,Villa,No,No,Downtown,5045176,Yes
3482,P06348,119.7,2,1,4,9,10.45,Apartment,No,No,Suburban,1186745,No
3483,P06873,140.7,2,1,6,4,6.23,Apartment,No,Yes,Residential,3098861,Yes
3484,P07443,83.9,1,2,14,6,10.33,Apartment,Yes,Yes,Suburban,992117,Yes
3485,P00933,182.6,3,2,2,4,0.9,Villa,Yes,Yes,Residential,5226872,Yes
3486,P01650,80.2,1,2,15,22,15.93,Apartment,Yes,Yes,Outskirts,1169082,No
3487,P00356,161.1,3,3,4,12,13.09,Apartment,Yes,No,Suburban,1506911,No
3488,P00068,233.1,3,3,15,14,6.89,Villa,Yes,Yes,Residential,6753697,Yes
3489,P08365,50.1,1,2,11,9,11.8,Apartment,Yes,No,Suburban,898119,No
3490,P01350,50,1,1,3,3,1.25,Apartment,No,No,Downtown,1209799,Yes
3491,P06122,262.2,4,2,0,15,3.42,Villa,No,Yes,Residential,6957033,Yes
3492,P08771,163.4,3,3,2,23,1.18,Villa,No,Yes,Downtown,9375073,Yes
3493,P06340,119.4,2,1,1,,9.45,Apartment,No,No,Suburban,1393321,Yes
3494,P06394,88.4,2,2,4,4,1.44,Apartment,No,Yes,Downtown,2602972,Yes
3495,P08090,236.8,5,3,3,13,1.56,Villa,Yes,Yes,Downtown,7093601,Yes
3496,P06490,185,4,2,15,4,16.8,Villa,No,Yes,Outskirts,3348384,No
3497,P01818,205.2,2,2,10,14,7.8,Duplex,No,Yes,Residential,5014660,Yes
3498,P03815,106.9,1,1,13,4,4.32,Apartment,Yes,Yes,Residential,3038660,Yes
3499,P06178,181.6,3,3,9,10,3.43,Duplex,No,Yes,Residential,6062932,Yes
3500,P05931,68.2,1,2,3,,18.95,Apartment,No,Yes,Outskirts,883841,No
3501,P07076,206.1,3,3,1,7,8.32,Villa,No,Yes,Residential,6046917,Yes
3502,P02766,197.1,2,2,0,4,12.07,Villa,No,Yes,Outskirts,2581352,No
3503,P02493,55.7,2,1,5,4,0.87,Apartment,Yes,Yes,Downtown,1091593,Yes
3504,P01253,173.6,2,1,14,,1.5,Duplex,No,Yes,Downtown,5665964,Yes
3505,P05659,172.4,4,3,6,31,2.41,Duplex,No,Yes,Downtown,3754631,Yes
3506,P06104,131.3,2,2,8,25,16.96,Duplex,No,Yes,Outskirts,2583389,No
3507,P05618,50,1,1,8,19,21.11,Apartment,No,No,Outskirts,564018,No
3508,P05263,284.6,5,4,2,6,0.5,Villa,Yes,Yes,Downtown,6533143,Yes
3509,P01671,76.1,1,2,11,23,5.92,Apartment,No,No,Residential,1262929,No
3510,P01126,129.7,3,2,3,20,7.58,Apartment,No,No,Suburban,2054955,No
3511,P08002,103,2,2,0,9,19.37,Apartment,Yes,Yes,Outskirts,2033932,No
3512,P00244,82,1,1,14,10,15.12,Apartment,Yes,No,Suburban,2143083,No
3513,P03259,,1,2,14,20,14.46,Apartment,No,No,Suburban,1379173,No
3514,P02013,156,2,1,13,19,0.5,Duplex,Yes,Yes,Downtown,4719049,Yes
3515,P06140,55.3,2,2,8,0,4.01,Apartment,Yes,No,Residential,2024950,Yes
3516,P05457,147.5,1,2,5,10,0.5,Villa,No,Yes,Downtown,4977734,Yes
3517,P08306,105.1,1,1,8,5,1.05,Apartment,Yes,Yes,Downtown,2573072,Yes
3518,P05102,294.4,6,4,12,14,6.98,Villa,Yes,No,Residential,3830338,Yes
3519,P01217,162.4,4,3,6,5,7.93,Duplex,No,Yes,Residential,4316056,Yes
3520,P07722,72.1,2,2,3,7,14.37,Apartment,No,Yes,Outskirts,403961,Yes
3521,P05495,50,2,2,5,18,15.68,Apartment,No,No,Outskirts,318415,No
3522,P04333,92,2,1,13,0,0.5,Apartment,No,No,Downtown,2488421,Yes
3523,P04228,195.6,3,3,13,10,0.5,Duplex,Yes,Yes,Downtown,6595555,No
3524,P02959,123.4,1,2,6,27,5.39,Duplex,No,Yes,Residential,4599672,No
3525,P05442,125.3,1,1,12,28,14.23,Duplex,No,Yes,Outskirts,2209733,No
3526,P03611,121.9,3,2,6,18,15.34,Apartment,Yes,No,Suburban,1437884,Yes
3527,P03350,183.9,3,2,1,10,0.98,Duplex,No,No,Residential,5581524,No
3528,P07546,191.8,3,3,1,8,2.82,Villa,No,Yes,Residential,3794506,Yes
3529,P02433,85.9,2,2,5,15,6.49,Apartment,Yes,No,Suburban,1768560,No
3530,P05081,90.6,1,1,1,2,0.55,Apartment,No,Yes,Downtown,2432199,Yes
3531,P05276,101.3,1,2,5,22,15.16,Apartment,Yes,Yes,Suburban,1643031,No
3532,P06287,102.7,2,2,15,19,10.93,Apartment,No,No,Suburban,1098771,No
3533,P08288,71,1,1,14,3,23.01,Apartment,No,Yes,Outskirts,540825,No
3534,P04046,89.8,2,1,4,1,4.89,Apartment,No,No,Residential,3305317,Yes
3535,P07856,101.6,1,2,13,4,8.78,Duplex,Yes,Yes,Suburban,4082451,Yes
3536,P07869,95.7,2,1,8,9,12.2,Apartment,Yes,Yes,Suburban,952136,No
3537,P08528,244.8,4,2,13,9,8.45,Villa,No,No,Suburban,5435757,Yes
3538,P06111,103,1,2,14,1,1.93,Apartment,No,Yes,Downtown,788724,Yes
3539,P07090,62.9,1,1,7,13,0.72,Apartment,No,Yes,Residential,1846822,Yes
3540,P06040,161.7,2,2,9,30,2.44,Duplex,No,Yes,Residential,3418278,Yes
3541,P03009,90.1,1,2,12,0,0.69,Apartment,No,No,Downtown,2895434,Yes
3542,P03439,71,2,2,14,4,0.5,Apartment,Yes,No,Downtown,2417871,No
3543,P00061,97,1,1,2,4,15.32,Apartment,No,Yes,Suburban,1808558,Yes
3544,P02999,78,2,1,5,5,20.32,Apartment,Yes,Yes,Outskirts,1699271,No
3545,P02129,97.4,2,2,11,6,0.5,Apartment,No,Yes,Downtown,1900743,Yes
3546,P04307,277.6,5,4,1,6,9.39,Villa,No,Yes,Suburban,5503134,Yes
3547,P08909,269.4,3,3,1,3,5.87,Villa,Yes,Yes,Residential,8331165,Yes
3548,P06513,80.3,1,1,14,1,1.48,Apartment,No,No,Downtown,1812441,Yes
3549,P02163,233.1,5,3,3,40,7.35,Villa,No,No,Residential,12945625,No
3550,P02719,50,2,2,1,4,0.5,Apartment,No,Yes,Downtown,1339218,Yes
3551,P07693,107.5,1,2,1,9,3.17,Apartment,No,Yes,Residential,2426712,Yes
3552,P05955,154.7,2,2,7,1,8.6,Duplex,Yes,No,Residential,3779229,No
3553,P03077,287.9,5,3,2,10,7.06,Villa,No,Yes,Residential,3418228,Yes
3554,P02983,50,1,2,6,27,0.5,Apartment,Yes,No,Downtown,1183331,Yes
3555,P08589,195.4,3,2,2,4,10.59,Duplex,Yes,Yes,Residential,4117633,Yes
3556,P07752,167.3,2,1,9,5,7.47,Duplex,Yes,Yes,Residential,1960298,Yes
3557,P08165,61.9,1,1,9,1,7.19,Apartment,No,Yes,Residential,1757512,Yes
3558,P02924,57.9,1,1,12,11,11.25,Apartment,No,No,Suburban,250000,No
3559,P03453,,1,2,11,5,1,Apartment,Yes,Yes,Downtown,2196879,Yes
3560,P03482,147.7,2,1,4,14,15.69,Duplex,Yes,Yes,Suburban,3498128,No
3561,P05272,177.1,4,3,5,1,18.2,Duplex,No,Yes,Outskirts,4207623,No
3562,P00877,98,1,1,10,40,3.45,Apartment,No,Yes,Residential,1962273,Yes
3563,P04326,,4,3,7,1,15.52,Villa,Yes,No,Suburban,3655341,Yes
3564,P03369,112.9,3,3,15,7,0.5,Duplex,No,Yes,Downtown,2870897,Yes
3565,P04232,50,2,2,5,4,1.57,Apartment,Yes,Yes,Downtown,1589921,No
3566,P02153,,3,2,1,21,10.18,Duplex,No,Yes,Suburban,1915810,Yes
3567,P04907,50.5,1,2,15,40,17.89,Apartment,Yes,No,Outskirts,268934,No
3568,P06382,150.3,1,1,13,18,13.72,Apartment,Yes,Yes,Outskirts,1780685,Yes
3569,P03533,93.9,2,2,4,18,5.03,Apartment,Yes,No,Residential,1995907,Yes
3570,P01067,102.1,1,1,13,0,1.69,Apartment,No,Yes,Residential,1920809,Yes
3571,P00543,111.4,3,3,0,18,18.7,Duplex,Yes,Yes,Outskirts,2773689,No
3572,P07297,55.5,2,2,3,20,13.39,Apartment,Yes,Yes,Suburban,962681,No
3573,P08230,50.1,2,1,10,18,10.92,Apartment,No,No,Suburban,959651,No
3574,P02942,232.6,3,2,3,0,4.53,Villa,No,Yes,Residential,4025117,Yes
3575,P03111,89,1,2,1,20,7.18,Apartment,No,Yes,Residential,951710,Yes
3576,P06846,215,2,2,3,4,0.5,Villa,No,Yes,Downtown,3747814,Yes
3577,P08577,97.6,1,2,0,4,0.5,Apartment,No,Yes,Downtown,2066373,Yes
3578,P04304,,4,2,2,4,5.73,Villa,No,No,Residential,8967666,Yes
3579,P00458,50,1,1,12,6,4.68,Apartment,No,Yes,Residential,1322728,Yes
3580,P02258,173.3,4,3,14,23,11.76,Duplex,No,No,Suburban,4143357,No
3581,P03601,172.1,4,2,11,40,1.32,Duplex,Yes,Yes,Residential,3584138,No
3582,P04299,,1,1,14,22,5.37,Apartment,No,No,Suburban,1157516,No
3583,P07955,85.2,1,1,7,3,12.2,Apartment,Yes,No,Outskirts,1207913,No
3584,P02471,300,5,3,1,20,3.99,Villa,No,Yes,Residential,8506387,Yes
3585,P07952,126.1,1,1,10,4,15.83,Apartment,No,Yes,Suburban,1385202,No
3586,P06721,50,1,1,8,0,4.34,Apartment,No,Yes,Residential,1564516,Yes
3587,P03292,173.1,3,2,1,4,8.7,Duplex,Yes,Yes,Suburban,2835537,Yes
3588,P04567,60.4,2,1,5,17,10.16,Apartment,Yes,Yes,Suburban,1180517,No
3589,P01178,123.9,3,3,14,11,4.49,Apartment,Yes,Yes,Residential,4324517,Yes
3590,P01491,218.3,3,3,7,25,0.66,Villa,Yes,Yes,Downtown,4575190,Yes
3591,P00946,195.9,3,3,1,8,2.02,Duplex,No,Yes,Residential,4845351,Yes
3592,P07696,188,3,3,6,3,9.15,Duplex,No,Yes,Suburban,2796480,Yes
3593,P08219,87,1,2,9,9,8.23,Apartment,No,No,Residential,1882336,Yes
3594,P01078,143,3,3,11,8,7.55,Apartment,No,Yes,Residential,2370456,Yes
3595,P00369,215.8,3,3,11,6,3.75,Villa,Yes,Yes,Residential,5566253,Yes
3596,P02519,120.9,3,3,12,9,7.14,Villa,No,No,Suburban,2783139,No
3597,P02865,97.9,1,2,8,3,3.48,Apartment,No,Yes,Residential,2039835,Yes
3598,P06726,221.7,4,3,6,10,1.73,Villa,No,Yes,Residential,4840961,Yes
3599,P03294,202.3,4,3,3,12,2.5,Villa,No,No,Residential,4145803,Yes
3600,P00563,81.9,1,1,11,40,16.28,Apartment,No,No,Outskirts,395794,No
3601,P01450,89.7,1,2,12,1,6.5,Apartment,Yes,Yes,Residential,1116592,Yes
3602,P06954,94.1,2,1,1,38,12.42,Apartment,No,No,Suburban,2001348,No
3603,P04794,60.1,1,2,13,15,19.1,Apartment,No,Yes,Outskirts,829195,Yes
3604,P00824,148.2,1,2,11,2,16.49,Apartment,Yes,Yes,Suburban,2483978,Yes
3605,P01312,163.4,3,3,1,14,13.38,Villa,Yes,Yes,Outskirts,1906455,Yes
3606,P00700,122.2,1,1,2,2,2.66,Apartment,Yes,Yes,Residential,3675443,No
3607,P01299,144.8,1,1,9,5,4.85,Apartment,No,Yes,Suburban,2582593,Yes
3608,P05187,,2,2,2,5,1.28,Apartment,No,No,Downtown,2217669,Yes
3609,P01364,140.1,1,1,1,2,1.77,Duplex,No,No,Downtown,4037727,Yes
3610,P06922,,2,2,2,,15.31,Duplex,Yes,Yes,Suburban,3107330,No
3611,P07377,142.2,3,2,12,2,0.5,Duplex,Yes,Yes,Downtown,6162336,No
3612,P01380,96,2,2,9,14,4.31,Apartment,Yes,No,Residential,2073933,No
3613,P00881,103.1,2,1,4,6,2.74,Apartment,No,No,Residential,2319245,Yes
3614,P02812,138.4,2,1,12,2,17.93,Apartment,Yes,Yes,Outskirts,2505816,No
3615,P04081,257,3,3,2,6,5.01,Villa,No,No,Residential,6219499,Yes
3616,P03027,131.6,3,2,12,24,3.03,Apartment,No,Yes,Residential,2149527,Yes
3617,P00153,114.1,2,1,3,0,2.12,Apartment,No,No,Downtown,3381125,Yes
3618,P03426,90.1,2,2,15,8,9.32,Apartment,Yes,No,Suburban,1925969,Yes
3619,P05628,237.7,3,3,10,40,8.98,Villa,No,Yes,Suburban,6239010,No
3620,P05902,164.5,3,3,7,10,0.79,Duplex,No,Yes,Downtown,3638161,Yes
3621,P08932,290.2,5,3,1,4,3.4,Villa,Yes,Yes,Residential,5780307,Yes
3622,P07579,119.1,2,2,15,17,1.35,Duplex,No,Yes,Downtown,2884039,Yes
3623,P05669,157.1,3,3,5,,6.22,Duplex,Yes,No,Suburban,3769873,No
3624,P00229,73.6,2,2,11,2,8.8,Apartment,No,Yes,Suburban,614542,Yes
3625,P06808,72,1,2,11,9,20.29,Apartment,No,No,Outskirts,920157,No
3626,P04477,184.2,4,2,4,27,6.12,Villa,Yes,Yes,Suburban,4342816,No
3627,P03491,54.2,2,1,11,5,10.23,Apartment,No,Yes,Suburban,1138178,No
3628,P02473,116.4,3,3,4,8,11.79,Apartment,Yes,Yes,Suburban,2499808,No
3629,P01954,177.2,4,2,2,7,20.98,Villa,No,Yes,Outskirts,3852247,No
3630,P03921,178.7,4,2,15,1,2.5,Villa,Yes,Yes,Residential,5919390,Yes
3631,P08834,228.9,5,3,0,13,14.89,Villa,No,Yes,Suburban,4808799,No
3632,P03632,168.9,4,2,0,1,19.97,Duplex,No,No,Outskirts,3025280,No
3633,P01900,186,4,2,3,11,0.5,Villa,No,No,Downtown,7058302,Yes
3634,P05809,111.5,3,3,9,0,1.38,Apartment,No,No,Downtown,2328992,Yes
3635,P07800,124.3,3,2,12,15,5.14,Apartment,Yes,No,Residential,1674195,Yes
3636,P02920,131.4,2,1,7,5,9.72,Duplex,No,Yes,Suburban,4004566,Yes
3637,P04747,149.6,3,2,3,13,6.52,Duplex,Yes,Yes,Residential,3644017,Yes
3638,P04649,103,2,1,6,13,5.73,Apartment,No,Yes,Residential,2509951,Yes
3639,P08781,,6,4,4,20,15.35,Villa,No,Yes,Suburban,4275736,Yes
3640,P02421,296.5,4,3,0,21,1.3,Villa,No,Yes,Downtown,7233749,Yes
3641,P01131,178,3,3,3,9,25,Villa,No,Yes,Outskirts,5109255,No
3642,P00131,103.7,1,1,15,8,1.56,Apartment,No,No,Downtown,3443723,Yes
3643,P05630,112.2,3,2,10,3,3.07,Apartment,No,No,Residential,2286276,Yes
3644,P01405,,1,2,8,32,0.5,Apartment,No,Yes,Downtown,1746331,Yes
3645,P00494,149.7,3,3,2,2,1.44,Duplex,No,Yes,Residential,4589736,No
3646,P08238,240.6,3,3,1,23,13.22,Villa,No,Yes,Suburban,5758799,Yes
3647,P06107,154.2,3,3,10,5,19.41,Apartment,No,No,Outskirts,1439781,Yes
3648,P07162,53.4,1,1,13,22,8.4,Apartment,No,No,Residential,859493,Yes
3649,P04186,168.9,2,2,1,1,23.35,Duplex,No,Yes,Outskirts,4021954,No
3650,P03102,136.2,3,2,12,8,0.55,Duplex,Yes,No,Downtown,3452126,Yes
3651,P02639,126.1,1,2,7,33,15.69,Duplex,No,Yes,Outskirts,1528349,No
3652,P07009,191.3,4,2,15,2,1.52,Duplex,No,No,Downtown,6110069,Yes
3653,P03120,,1,2,1,7,4.49,Apartment,No,No,Residential,1320186,Yes
3654,P07291,109.1,3,2,9,16,4.78,Apartment,No,Yes,Residential,1078200,No
3655,P01599,90.2,1,2,8,28,18.73,Apartment,Yes,No,Outskirts,849198,No
3656,P05068,96.1,2,1,11,16,2.33,Apartment,Yes,No,Residential,1744830,Yes
3657,P06718,98.9,1,2,15,1,17.6,Apartment,No,Yes,Outskirts,1856521,No
3658,P04841,109.1,3,2,8,4,14.68,Apartment,No,Yes,Outskirts,1321567,No
3659,P05715,121,3,3,0,27,0.5,Duplex,No,Yes,Downtown,3163599,Yes
3660,P07835,156.5,2,2,0,16,8.29,Villa,Yes,Yes,Suburban,4124168,No
3661,P00928,136.7,2,1,10,9,17.59,Duplex,No,Yes,Outskirts,1281525,Yes
3662,P04017,139.7,3,3,1,21,3.82,Duplex,Yes,Yes,Residential,3856275,Yes
3663,P06610,132.5,3,3,8,40,0.5,Duplex,Yes,Yes,Downtown,4119732,Yes
3664,P07554,119.6,2,1,0,4,7.15,Apartment,Yes,No,Residential,2830341,Yes
3665,P07558,69.3,1,2,6,,6.16,Apartment,Yes,Yes,Residential,2024515,No
3666,P02248,181.4,3,2,13,4,6.66,Duplex,No,Yes,Suburban,3426140,Yes
3667,P03417,96.1,1,1,10,10,10.15,Apartment,No,No,Suburban,1109260,Yes
3668,P04317,113.7,2,2,6,27,18.84,Apartment,No,No,Outskirts,969809,No
3669,P08761,169.1,2,1,15,35,14,Duplex,No,Yes,Suburban,3441370,No
3670,P02947,111.6,1,2,4,12,6.49,Apartment,No,Yes,Residential,1545858,Yes
3671,P01377,,1,1,0,9,9.35,Apartment,Yes,Yes,Suburban,2196397,No
3672,P07767,79.9,1,1,5,1,9.52,Apartment,No,Yes,Suburban,1906804,Yes
3673,P01103,94.8,1,2,3,4,8.81,Apartment,No,Yes,Suburban,1237851,Yes
3674,P02265,199.6,3,2,15,18,15.54,Duplex,No,Yes,Suburban,3511011,No
3675,P06457,93.8,1,2,11,,6.13,Apartment,Yes,No,Residential,2568401,No
3676,P07710,100.8,1,1,14,9,5.95,Apartment,No,Yes,Suburban,1446867,No
3677,P05418,260.2,5,3,5,23,11.97,Villa,Yes,Yes,Outskirts,5627013,No
3678,P07562,103.3,1,2,15,12,4.46,Duplex,No,No,Residential,2620575,No
3679,P00058,107.8,2,2,13,7,2.5,Apartment,No,No,Suburban,2009379,No
3680,P06645,207.5,3,3,7,25,9.96,Duplex,Yes,No,Suburban,4181182,Yes
3681,P03688,101.2,1,2,9,,17.35,Apartment,No,Yes,Outskirts,1240656,No
3682,P08882,112.1,1,1,0,40,25,Apartment,No,Yes,Outskirts,1646927,No
3683,P03735,85.1,1,2,10,27,0.73,Apartment,Yes,No,Downtown,1152452,Yes
3684,P08677,93.9,2,2,3,6,13.78,Apartment,No,No,Suburban,1710146,No
3685,P04082,179.1,2,1,0,13,8.78,Duplex,No,No,Residential,4131692,Yes
3686,P02064,76.6,2,1,15,40,0.74,Apartment,No,Yes,Downtown,1543510,Yes
3687,P06075,76.9,2,1,15,40,15.49,Apartment,Yes,No,Outskirts,1161791,No
3688,P04320,125.7,3,3,8,6,6.37,Apartment,No,Yes,Residential,2412329,Yes
3689,P04761,219.9,5,3,0,20,9.38,Villa,No,Yes,Suburban,5801117,Yes
3690,P08802,179.9,4,3,9,1,6.01,Duplex,Yes,No,Residential,4747484,Yes
3691,P01403,55.8,2,2,13,6,16.14,Apartment,No,Yes,Outskirts,734854,No
3692,P03225,114.6,1,2,9,34,0.5,Duplex,No,No,Downtown,3481435,Yes
3693,P06809,67,1,2,0,2,4.74,Apartment,No,No,Residential,1327799,Yes
3694,P02371,128.9,1,2,9,2,4.74,Duplex,No,No,Residential,3883761,Yes
3695,P04278,140.3,2,2,14,0,17.72,Villa,No,Yes,Outskirts,1778474,No
3696,P04474,63.4,1,1,10,3,1.16,Apartment,No,No,Downtown,1341209,Yes
3697,P06361,97.3,1,1,6,4,5.28,Apartment,No,No,Residential,1682503,Yes
3698,P02277,134.7,1,2,10,40,9.19,Apartment,Yes,No,Suburban,2171169,No
3699,P06857,171.1,4,2,6,,6.26,Duplex,Yes,No,Residential,2436508,Yes
3700,P01794,,3,2,1,27,16.37,Duplex,Yes,Yes,Suburban,2722674,Yes
3701,P05539,300,6,4,10,14,5.09,Villa,No,Yes,Residential,10210129,Yes
3702,P02791,186.3,3,2,0,17,13.89,Villa,No,Yes,Outskirts,5072916,No
3703,P03548,50,2,2,14,19,17.17,Apartment,No,No,Outskirts,599305,No
3704,P05048,82.1,1,1,10,40,10.68,Apartment,No,Yes,Outskirts,953765,No
3705,P08221,194.7,3,2,5,31,4.39,Duplex,Yes,No,Residential,5534906,Yes
3706,P04102,50,1,2,1,5,10.06,Apartment,No,Yes,Suburban,732146,Yes
3707,P04121,240.1,5,4,7,7,13.35,Villa,No,Yes,Outskirts,5562342,No
3708,P02266,172.5,3,2,0,29,2.77,Duplex,Yes,Yes,Downtown,6586776,No
3709,P06243,50,1,2,11,8,0.5,Apartment,No,No,Downtown,980589,Yes
3710,P05029,53.6,2,2,4,1,12.42,Apartment,Yes,Yes,Suburban,657147,Yes
3711,P03555,219.7,5,3,9,4,1.14,Duplex,Yes,Yes,Residential,7772048,Yes
3712,P08054,125.7,1,2,11,40,18.15,Apartment,Yes,No,Suburban,1673125,No
3713,P03185,216.6,4,2,15,6,1.06,Duplex,No,No,Downtown,8582489,Yes
3714,P08292,132.1,2,1,11,2,22.93,Duplex,No,Yes,Outskirts,2181280,Yes
3715,P00042,71,1,2,5,20,17.47,Apartment,No,No,Outskirts,701574,No
3716,P06806,70.9,1,2,4,40,14.7,Apartment,No,Yes,Suburban,1271803,No
3717,P04048,190.3,2,1,6,0,5.01,Duplex,Yes,Yes,Residential,2991775,Yes
3718,P00839,145.3,1,2,2,8,7.4,Villa,No,No,Residential,4290858,No
3719,P00260,176,3,2,14,3,8.43,Duplex,No,Yes,Suburban,4074175,No
3720,P05709,208.6,4,3,6,1,0.5,Villa,No,Yes,Downtown,5397654,Yes
3721,P04569,,3,2,5,1,11.65,Duplex,Yes,Yes,Suburban,3024664,Yes
3722,P03321,239.3,3,3,1,11,2.28,Villa,Yes,Yes,Downtown,4202940,Yes
3723,P06137,104.8,1,2,2,5,10.19,Apartment,No,No,Outskirts,1590164,Yes
3724,P08196,154.9,3,2,0,9,11.72,Duplex,Yes,Yes,Suburban,2397171,Yes
3725,P01730,164.4,4,2,2,11,7.09,Villa,No,Yes,Residential,4532274,Yes
3726,P05345,94.1,1,1,13,,5.63,Apartment,No,Yes,Residential,1700870,Yes
3727,P00588,239.5,3,2,10,5,4.65,Villa,Yes,Yes,Residential,4431491,Yes
3728,P04610,206.7,2,1,7,8,13.53,Duplex,No,Yes,Outskirts,2609945,No
3729,P07107,108.7,2,1,2,13,10.35,Apartment,No,Yes,Suburban,2363957,No
3730,P08396,69.7,1,2,7,,13.45,Apartment,No,Yes,Suburban,1890952,No
3731,P05798,71,2,1,14,13,15.47,Apartment,No,Yes,Outskirts,983938,No
3732,P02971,,2,2,11,5,6.94,Apartment,No,No,Residential,1175759,Yes
3733,P04595,,1,2,9,39,7.33,Apartment,Yes,Yes,Residential,1907427,No
3734,P08491,86.2,1,2,14,2,9.58,Apartment,Yes,No,Residential,1750049,Yes
3735,P05820,80.9,1,2,3,16,3.94,Apartment,No,Yes,Residential,1149999,Yes
3736,P03191,85.3,1,2,6,10,1.92,Apartment,No,Yes,Downtown,2139612,Yes
3737,P08953,300,5,3,2,5,6.39,Villa,No,Yes,Residential,9684358,Yes
3738,P03997,122.9,3,2,13,28,2.47,Apartment,Yes,Yes,Downtown,1803550,Yes
3739,P06047,84.1,1,2,7,5,4.18,Apartment,No,Yes,Residential,2450731,Yes
3740,P03728,208,3,2,0,7,6.08,Villa,Yes,Yes,Residential,4977930,Yes
3741,P01765,,3,2,4,,0.67,Apartment,No,No,Downtown,3619026,Yes
3742,P00714,214.3,4,3,3,23,25,Duplex,No,No,Outskirts,3687523,No
3743,P04878,140.5,1,1,8,4,4.26,Duplex,No,Yes,Suburban,2318421,No
3744,P03538,73.5,2,2,15,34,17.75,Apartment,Yes,Yes,Suburban,1531114,No
3745,P00196,195.3,4,2,14,5,2.28,Duplex,No,Yes,Downtown,6461357,Yes
3746,P01874,108.2,3,2,7,1,7,Apartment,No,Yes,Outskirts,1558887,No
3747,P02017,120.8,1,2,14,4,4.48,Apartment,No,Yes,Residential,2146638,No
3748,P03985,101.2,1,1,13,10,3.99,Apartment,No,Yes,Residential,2068366,Yes
3749,P01091,192.4,3,3,4,1,9.12,Duplex,Yes,Yes,Residential,6494588,Yes
3750,P01448,93.5,2,1,6,13,15.22,Apartment,Yes,Yes,Suburban,1787822,Yes
3751,P05775,89.9,1,2,4,6,4.86,Apartment,No,Yes,Residential,1222968,Yes
3752,P00094,85.1,1,1,10,4,8.15,Apartment,Yes,No,Residential,1712449,Yes
3753,P02327,124.7,1,1,5,16,6.04,Apartment,No,Yes,Residential,2468467,Yes
3754,P02655,163.5,3,2,1,7,2.49,Duplex,No,Yes,Residential,3189120,Yes
3755,P02953,157.4,3,3,0,16,1.14,Villa,No,Yes,Downtown,3798369,Yes
3756,P01645,108.6,1,1,12,2,0.5,Apartment,Yes,Yes,Downtown,1774861,Yes
3757,P02671,259.1,5,3,15,,6.72,Villa,No,Yes,Suburban,5313000,Yes
3758,P08342,105.5,2,1,5,6,11.07,Duplex,No,Yes,Suburban,2008680,Yes
3759,P03152,99.6,1,1,13,20,12.83,Apartment,Yes,Yes,Suburban,1313319,Yes
3760,P04377,215.7,3,3,1,2,10.09,Villa,Yes,Yes,Suburban,4988152,Yes
3761,P03622,212.4,3,3,5,2,3.59,Villa,No,Yes,Residential,3866850,Yes
3762,P06396,144.5,2,1,7,13,8.78,Apartment,No,No,Suburban,2138533,Yes
3763,P04876,131.9,3,2,4,17,12.4,Apartment,Yes,No,Suburban,2507190,No
3764,P03412,95,1,1,14,24,1.04,Duplex,No,Yes,Downtown,4174920,No
3765,P00773,276.8,6,4,2,0,15.45,Villa,No,Yes,Suburban,6650828,Yes
3766,P03311,100.8,1,2,11,0,17.93,Apartment,No,Yes,Outskirts,1343419,Yes
3767,P06383,62.8,1,2,2,36,13.63,Apartment,Yes,Yes,Suburban,1087103,No
3768,P05657,76.7,1,1,8,2,14.26,Apartment,No,Yes,Outskirts,1455497,Yes
3769,P05158,60,1,1,4,7,5.98,Apartment,No,Yes,Suburban,616272,No
3770,P02623,124.4,3,2,3,7,3.88,Duplex,Yes,Yes,Residential,3016038,Yes
3771,P05419,79.4,1,2,14,27,0.76,Apartment,Yes,Yes,Downtown,1849883,No
3772,P08689,83.6,1,2,14,14,0.5,Apartment,Yes,No,Downtown,1803794,Yes
3773,P01988,151.4,2,2,5,1,6.33,Duplex,No,Yes,Suburban,2145999,Yes
3774,P02426,129.2,1,1,13,6,5.63,Duplex,No,Yes,Suburban,3299695,No
3775,P00475,83.4,2,1,8,6,9.7,Apartment,No,Yes,Residential,1870056,Yes
3776,P03154,92.4,2,1,4,1,0.9,Apartment,No,Yes,Downtown,2860784,No
3777,P03466,,1,1,14,10,10.75,Apartment,No,Yes,Suburban,1506588,Yes
3778,P00398,186.1,4,3,10,12,3.75,Duplex,No,No,Residential,3793566,Yes
3779,P07276,108.4,2,1,14,2,11.28,Apartment,No,No,Suburban,1478049,No
3780,P08941,121.5,3,3,14,6,0.5,Apartment,Yes,Yes,Downtown,3484447,Yes
3781,P00513,201.6,2,1,12,4,1.39,Duplex,No,Yes,Downtown,4423854,Yes
3782,P02944,159.5,3,2,12,22,0.92,Duplex,No,Yes,Downtown,4753837,Yes
3783,P00370,186.2,4,2,12,,23.77,Duplex,No,Yes,Outskirts,2965125,No
3784,P06181,117,3,2,10,10,0.77,Duplex,No,Yes,Downtown,2557871,Yes
3785,P04422,217.6,3,3,1,12,0.55,Villa,No,Yes,Downtown,3315216,Yes
3786,P02237,218,4,2,1,5,2.42,Villa,No,Yes,Downtown,3215084,Yes
3787,P08699,232.8,3,2,2,2,0.5,Villa,No,No,Downtown,8331645,Yes
3788,P07751,59.3,1,1,12,7,13.62,Apartment,No,Yes,Outskirts,944751,No
3789,P03845,100.3,1,2,10,5,19.74,Apartment,No,Yes,Outskirts,752026,Yes
3790,P05120,78,1,1,1,9,11.37,Apartment,No,Yes,Suburban,715343,Yes
3791,P06772,94,1,2,5,0,6.27,Apartment,Yes,Yes,Suburban,2198923,Yes
3792,P06747,127.1,3,3,7,5,10.91,Apartment,No,No,Suburban,1428715,Yes
3793,P05938,143,2,1,5,12,7.79,Apartment,No,Yes,Residential,3263692,Yes
3794,P08205,50,2,1,7,14,7.04,Apartment,Yes,No,Residential,785791,No
3795,P04096,84.3,1,2,15,3,3.27,Apartment,No,Yes,Residential,1432208,Yes
3796,P06709,78.8,2,2,3,2,9.87,Apartment,No,Yes,Suburban,1502411,Yes
3797,P01766,,4,3,0,13,0.5,Villa,No,Yes,Downtown,9207919,Yes
3798,P00717,128.8,1,2,1,13,10,Duplex,No,Yes,Suburban,3345352,No
3799,P08245,78.1,1,2,10,8,17.26,Apartment,Yes,Yes,Outskirts,774885,Yes
3800,P07192,89,1,2,4,31,5.45,Apartment,No,Yes,Residential,2049524,Yes
3801,P02377,95.6,2,1,10,32,11.93,Apartment,No,No,Outskirts,719260,No
3802,P02704,144.7,1,2,2,34,15.73,Duplex,Yes,No,Outskirts,2719230,No
3803,P06174,172.4,3,2,6,40,3.29,Duplex,Yes,Yes,Residential,3307422,No
3804,P02221,155.3,1,2,15,1,5.84,Duplex,Yes,Yes,Residential,3630950,Yes
3805,P08687,210.6,2,1,13,1,4.19,Villa,No,Yes,Suburban,2122334,Yes
3806,P01690,166.9,2,1,2,6,6.93,Villa,Yes,Yes,Residential,3605758,Yes
3807,P04152,110.6,1,1,5,3,10.06,Apartment,No,No,Suburban,1579834,No
3808,P05542,237.5,3,2,5,1,13.46,Villa,No,Yes,Suburban,3294918,Yes
3809,P05614,85.3,2,2,0,4,12.37,Apartment,Yes,Yes,Suburban,2349854,Yes
3810,P07613,128,2,2,7,14,7.96,Apartment,No,No,Suburban,1271708,Yes
3811,P04965,144.2,1,1,6,10,7.4,Apartment,Yes,Yes,Residential,1681491,Yes
3812,P03139,93.9,2,2,6,12,9.52,Apartment,Yes,Yes,Suburban,1813208,No
3813,P06447,90.5,2,1,0,13,17.06,Apartment,No,Yes,Suburban,1807948,No
3814,P08531,154.5,1,2,7,9,10.48,Duplex,Yes,No,Suburban,2062041,Yes
3815,P07246,93.8,1,2,5,1,18.09,Apartment,Yes,No,Outskirts,1002294,Yes
3816,P01239,70.8,1,2,5,18,0.5,Apartment,No,Yes,Downtown,1634767,Yes
3817,P04756,199.4,4,2,12,2,10.78,Duplex,No,Yes,Suburban,3411458,Yes
3818,P05061,178.6,3,3,0,16,0.5,Duplex,No,Yes,Downtown,6591637,Yes
3819,P07689,114.4,3,3,7,13,10.27,Apartment,Yes,Yes,Residential,1787336,Yes
3820,P02514,50,2,1,9,8,0.5,Apartment,Yes,Yes,Downtown,1799014,No
3821,P06871,122,1,1,9,4,14.16,Apartment,Yes,Yes,Suburban,1804327,Yes
3822,P02463,129.5,3,3,2,40,1.53,Duplex,No,Yes,Downtown,4548507,No
3823,P07170,145,1,1,3,16,0.59,Duplex,No,Yes,Downtown,5419329,Yes
3824,P06807,203.8,3,3,10,13,12.54,Duplex,Yes,Yes,Suburban,5120853,No
3825,P07841,76.9,2,1,11,11,19.17,Apartment,Yes,No,Outskirts,1000993,No
3826,P01837,160.3,2,1,13,2,1.97,Duplex,No,Yes,Downtown,5072070,Yes
3827,P01612,163.7,4,2,12,8,7.27,Villa,No,No,Suburban,4326083,No
3828,P07627,116.9,3,2,6,12,15.72,Duplex,Yes,Yes,Outskirts,646237,Yes
3829,P08325,70.6,1,1,5,11,16.96,Apartment,Yes,Yes,Outskirts,1151430,No
3830,P05550,142.8,2,1,0,17,7.92,Apartment,No,No,Residential,2634003,Yes
3831,P04697,74.9,1,1,0,17,3.2,Apartment,No,Yes,Residential,1277754,Yes
3832,P03071,65.3,1,1,8,7,0.5,Apartment,No,Yes,Downtown,1174646,Yes
3833,P00161,157,3,2,3,13,2.3,Apartment,No,No,Downtown,3283431,Yes
3834,P03633,183.8,2,2,1,2,11.33,Duplex,No,Yes,Suburban,4627564,Yes
3835,P03484,117.9,2,1,9,0,15.45,Apartment,No,Yes,Suburban,1377773,No
3836,P06598,142.2,3,3,13,9,7.75,Apartment,No,No,Residential,3093318,Yes
3837,P01972,88.3,2,1,12,3,18.52,Duplex,Yes,No,Outskirts,1946706,No
3838,P02773,172.1,4,3,12,4,16.92,Duplex,No,Yes,Outskirts,2588607,No
3839,P07386,147.7,2,2,14,3,12.24,Villa,Yes,Yes,Suburban,3037674,Yes
3840,P04836,87.6,1,2,6,1,17.85,Apartment,Yes,Yes,Outskirts,561756,Yes
3841,P02088,129.8,1,2,12,18,8.16,Apartment,No,Yes,Residential,2420301,No
3842,P02701,68.9,1,2,13,6,13.99,Apartment,Yes,No,Suburban,960294,No
3843,P00450,50.1,1,1,1,4,11.6,Apartment,No,Yes,Suburban,521039,Yes
3844,P06018,79.1,1,1,1,8,21.38,Apartment,Yes,No,Outskirts,1026761,Yes
3845,P03092,272.4,6,4,7,31,10.61,Villa,No,Yes,Outskirts,3395849,Yes
3846,P08749,140.4,2,1,11,27,11.28,Duplex,No,No,Suburban,3889418,No
3847,P01381,258.6,3,3,7,21,4.87,Villa,No,Yes,Residential,5430591,Yes
3848,P01718,51.8,2,2,12,6,14.82,Apartment,No,Yes,Suburban,1400506,No
3849,P02156,169.2,3,2,13,9,22.49,Duplex,No,Yes,Outskirts,2578234,Yes
3850,P04338,50,2,2,10,7,0.64,Apartment,No,Yes,Downtown,1956925,Yes
3851,P06654,161.8,2,2,10,5,10.8,Villa,No,Yes,Suburban,3477365,No
3852,P06371,153.5,1,1,15,4,22.87,Apartment,No,Yes,Outskirts,1974299,No
3853,P08561,192.4,2,2,14,5,4.14,Duplex,No,Yes,Residential,4772052,No
3854,P03557,,2,1,15,4,5.32,Apartment,No,Yes,Residential,1906424,No
3855,P01110,207.5,2,1,11,14,0.5,Duplex,Yes,Yes,Downtown,5844120,Yes
3856,P04918,73,1,1,7,0,12.2,Apartment,No,Yes,Suburban,1784057,Yes
3857,P06310,135.7,2,1,8,16,12.03,Duplex,No,No,Suburban,817855,No
3858,P07826,,2,2,10,3,4.68,Apartment,No,Yes,Residential,1628971,No
3859,P07232,143.8,1,2,4,13,3.89,Duplex,Yes,Yes,Residential,3480211,Yes
3860,P00164,138.6,1,2,9,17,1.86,Apartment,No,No,Downtown,3191612,No
3861,P05106,136.3,2,1,4,8,2.47,Apartment,Yes,Yes,Residential,2909505,Yes
3862,P00445,50,2,1,10,1,5.94,Apartment,No,No,Residential,1617233,No
3863,P00641,96.3,2,1,12,9,7.94,Apartment,No,Yes,Suburban,2136459,No
3864,P03372,82.3,1,1,12,22,1.13,Apartment,No,Yes,Downtown,1370932,Yes
3865,P07609,129.3,2,1,8,21,7.34,Duplex,Yes,No,Residential,2187526,Yes
3866,P04464,128.8,3,3,8,7,20.14,Apartment,No,Yes,Outskirts,2050146,No
3867,P03257,61.7,1,1,15,,0.82,Apartment,No,Yes,Downtown,1496441,Yes
3868,P08218,107.9,3,2,5,20,12.01,Duplex,Yes,Yes,Suburban,3100989,Yes
3869,P07811,123,2,1,15,8,1.58,Apartment,No,Yes,Downtown,3634030,Yes
3870,P02607,243.6,3,3,0,5,12.62,Villa,Yes,No,Suburban,6482553,No
3871,P03488,176.4,2,2,14,15,7.77,Duplex,Yes,No,Suburban,2893376,No
3872,P02922,137.4,2,1,6,21,0.5,Apartment,No,No,Downtown,4011975,Yes
3873,P04351,108.4,1,2,0,3,0.5,Apartment,Yes,No,Downtown,3339518,Yes
3874,P01154,68.9,2,2,14,3,0.5,Apartment,Yes,Yes,Downtown,1644502,Yes
3875,P08122,50,1,2,15,14,13.95,Apartment,No,Yes,Suburban,547418,No
3876,P01208,62.2,2,2,8,11,5.17,Apartment,No,No,Residential,1547025,Yes
3877,P06752,196.1,3,2,1,27,1.49,Duplex,No,Yes,Residential,4211279,Yes
3878,P02636,217.9,4,3,14,3,5.98,Villa,No,Yes,Residential,4520385,Yes
3879,P06100,,3,3,8,16,1.37,Duplex,No,Yes,Downtown,5172630,Yes
3880,P03759,50,2,1,11,4,16.49,Apartment,No,Yes,Outskirts,896991,No
3881,P03589,82.1,2,2,1,13,13.97,Apartment,Yes,No,Suburban,1801465,No
3882,P03422,80.7,1,1,7,40,3.74,Apartment,No,No,Residential,924641,No
3883,P06854,73.4,1,2,8,6,6.75,Apartment,No,No,Residential,1509643,No
3884,P06980,126.3,1,2,3,6,12.35,Apartment,Yes,No,Suburban,1794651,No
3885,P08550,,2,1,15,24,13.11,Apartment,No,Yes,Suburban,1094823,Yes
3886,P03443,163.7,3,2,8,5,2.09,Duplex,No,Yes,Downtown,2365253,Yes
3887,P07687,91.5,2,1,5,27,7.14,Apartment,No,No,Residential,1927416,No
3888,P01182,105.4,3,3,6,16,2.08,Duplex,No,No,Downtown,2236068,Yes
3889,P04629,239.7,4,2,9,16,3.43,Villa,No,Yes,Downtown,6857393,Yes
3890,P04463,120,1,2,13,1,3.64,Apartment,No,No,Residential,2282517,Yes
3891,P00736,194.2,4,2,2,24,14.32,Villa,No,Yes,Suburban,6172231,No
3892,P01138,52.8,2,1,3,11,7.56,Apartment,No,Yes,Residential,1486390,No
3893,P08176,79.7,1,1,9,4,16.71,Apartment,No,Yes,Outskirts,804586,Yes
3894,P06049,199.2,2,2,0,11,3.16,Villa,No,No,Residential,7870498,Yes
3895,P05284,89.5,1,2,4,2,5.7,Apartment,No,No,Residential,1320785,Yes
3896,P04251,214.8,2,1,2,40,8.6,Duplex,No,Yes,Residential,3005346,Yes
3897,P08731,88.1,2,1,12,0,6.32,Apartment,Yes,Yes,Residential,1077976,Yes
3898,P06115,266.1,4,3,0,4,3.14,Villa,No,No,Residential,6773011,Yes
3899,P07553,214.3,3,2,14,18,4.78,Duplex,Yes,Yes,Residential,3671617,Yes
3900,P03819,135.2,1,2,11,7,7.39,Duplex,Yes,Yes,Suburban,2476317,Yes
3901,P05174,277.6,6,4,13,3,1.67,Villa,Yes,No,Downtown,8732731,Yes
3902,P03329,172.4,2,1,1,2,13.53,Villa,No,Yes,Suburban,3575595,Yes
3903,P04417,173,4,3,7,8,15.37,Duplex,No,Yes,Suburban,3330665,No
3904,P07465,50,1,1,13,14,22.5,Apartment,Yes,Yes,Outskirts,780282,No
3905,P05697,92.8,1,2,5,2,1.82,Apartment,Yes,Yes,Downtown,1923891,Yes
3906,P00637,87.7,1,2,8,14,8.34,Apartment,No,Yes,Suburban,1674755,No
3907,P02469,92.6,2,2,13,12,10.21,Apartment,No,No,Suburban,1312800,Yes
3908,P06937,219.8,3,2,9,40,10.57,Villa,Yes,Yes,Outskirts,2992019,No
3909,P00109,188.7,2,2,2,8,0.89,Villa,Yes,Yes,Downtown,5302106,Yes
3910,P06364,154.4,2,2,8,1,1.61,Villa,Yes,Yes,Downtown,4394764,Yes
3911,P04197,76,2,1,11,1,0.64,Apartment,Yes,Yes,Downtown,2046121,Yes
3912,P08489,133.1,2,1,4,4,14.9,Apartment,No,Yes,Suburban,1856211,Yes
3913,P00280,175.6,2,2,3,4,13.92,Villa,No,No,Outskirts,3147630,Yes
3914,P07463,119.1,3,2,11,4,1.35,Apartment,No,Yes,Downtown,2921222,Yes
3915,P06480,141,2,2,3,8,4.16,Apartment,No,Yes,Residential,3034634,Yes
3916,P08717,233.6,5,3,11,24,0.5,Villa,No,Yes,Downtown,6236617,Yes
3917,P02396,138.9,2,2,5,12,17.58,Apartment,No,Yes,Outskirts,1853531,Yes
3918,P06755,50,1,2,9,8,4.77,Apartment,No,Yes,Residential,1002381,Yes
3919,P02925,85.5,2,2,13,17,1.5,Apartment,No,Yes,Downtown,2540740,Yes
3920,P04964,107.2,2,2,10,5,7.5,Apartment,Yes,No,Residential,1947479,No
3921,P02798,189.3,4,3,6,16,3.41,Villa,No,No,Residential,6816430,Yes
3922,P01821,174.5,2,2,8,8,16.86,Duplex,No,No,Outskirts,2853287,Yes
3923,P06176,84.5,2,1,8,5,12.09,Duplex,No,No,Outskirts,1798559,No
3924,P05946,,3,2,2,25,3.4,Apartment,No,No,Residential,2668044,No
3925,P06617,103.5,1,2,9,29,2.73,Duplex,Yes,Yes,Residential,1614403,Yes
3926,P00139,93.4,2,1,9,,9.97,Apartment,No,Yes,Suburban,2033797,Yes
3927,P01144,110.6,3,3,11,35,20.09,Apartment,No,No,Outskirts,1495660,No
3928,P01855,50,1,1,0,13,19.29,Apartment,No,Yes,Outskirts,364667,Yes
3929,P05547,171.5,2,1,1,3,19.3,Villa,Yes,Yes,Outskirts,3222925,No
3930,P01295,158.6,2,2,0,10,3.87,Villa,No,Yes,Residential,1823791,Yes
3931,P06613,72.5,2,2,0,16,11.59,Apartment,No,No,Suburban,835457,Yes
3932,P04574,203.6,4,3,14,13,5.35,Villa,Yes,Yes,Residential,5900737,No
3933,P05036,74.2,1,1,0,3,2.08,Apartment,Yes,Yes,Downtown,2944971,Yes
3934,P02613,192.6,4,3,6,28,4.77,Duplex,No,Yes,Residential,3714277,No
3935,P04084,178.2,2,1,2,6,5.55,Duplex,No,Yes,Residential,3803134,Yes
3936,P05085,148.6,3,3,1,3,18.26,Villa,No,No,Outskirts,3119576,No
3937,P06377,97,1,2,11,11,3,Apartment,Yes,No,Residential,1346900,Yes
3938,P00914,104.3,2,1,13,8,17.85,Apartment,No,No,Outskirts,1135137,No
3939,P02154,50,1,1,11,14,12.22,Apartment,Yes,Yes,Suburban,953703,Yes
3940,P07147,89.3,2,2,11,12,7.6,Apartment,No,No,Residential,2481275,No
3941,P05728,50,2,1,9,7,3.14,Apartment,Yes,Yes,Residential,1214797,No
3942,P02841,85.9,1,1,4,23,8.65,Apartment,No,No,Suburban,1153324,No
3943,P04222,241.5,4,3,0,23,1.3,Villa,No,Yes,Downtown,6440551,Yes
3944,P08485,129.4,3,3,1,8,7.34,Apartment,No,No,Suburban,2356051,Yes
3945,P00121,92.8,1,2,11,5,13.73,Apartment,Yes,No,Suburban,2411580,No
3946,P07452,50,1,2,5,5,5.75,Apartment,Yes,Yes,Residential,1055469,Yes
3947,P01587,224.8,4,2,1,15,5.55,Villa,No,No,Residential,3939116,No
3948,P07292,85.4,2,2,15,17,7.82,Apartment,No,No,Residential,2391842,Yes
3949,P05197,73.8,2,1,6,20,4.51,Apartment,No,Yes,Residential,1461205,Yes
3950,P04028,250.7,4,2,9,3,8.71,Villa,No,Yes,Suburban,4318039,Yes
3951,P01374,,1,1,8,19,10.16,Apartment,Yes,No,Outskirts,1089945,Yes
3952,P00038,,2,2,7,4,6.4,Apartment,No,Yes,Residential,1297845,Yes
3953,P04034,68.2,1,1,6,5,6.17,Apartment,No,No,Suburban,1304135,Yes
3954,P06780,53.6,1,2,15,8,7.08,Apartment,Yes,No,Suburban,1520298,No
3955,P04238,186,4,3,0,3,23.16,Villa,No,No,Outskirts,3037569,No
3956,P00112,151.7,3,2,0,14,1.95,Apartment,No,Yes,Residential,3185175,No
3957,P04556,76,2,1,9,40,11,Apartment,No,No,Suburban,1563452,No
3958,P01247,133.1,1,1,3,4,7.32,Duplex,No,Yes,Suburban,2888383,No
3959,P03656,204.7,3,2,8,13,0.5,Duplex,No,No,Downtown,4927826,Yes
3960,P06500,79.1,2,2,5,19,15.22,Apartment,Yes,No,Suburban,1162330,No
3961,P08644,190.9,2,1,8,4,8.45,Duplex,No,Yes,Residential,2529966,Yes
3962,P08000,104.9,1,1,12,12,17.5,Apartment,Yes,Yes,Outskirts,1349577,No
3963,P03227,63.1,1,2,11,21,12.28,Apartment,No,No,Suburban,879456,No
3964,P04916,187.4,2,2,8,2,25,Duplex,No,Yes,Outskirts,1801766,No
3965,P01245,162.5,2,2,8,1,3.5,Duplex,Yes,No,Residential,3512726,Yes
3966,P08575,79.7,2,1,7,17,19.29,Apartment,No,Yes,Outskirts,356912,No
3967,P07300,83.1,1,2,15,10,9.28,Apartment,No,Yes,Suburban,1549755,No
3968,P00246,221.5,4,3,14,25,25,Duplex,No,No,Outskirts,3217004,No
3969,P06385,195,4,2,3,17,1.83,Villa,No,Yes,Downtown,5306630,Yes
3970,P06452,238.6,4,3,0,8,5.46,Villa,No,Yes,Residential,8696419,No
3971,P05783,95.3,1,2,11,16,5.85,Apartment,Yes,No,Residential,865324,Yes
3972,P01848,167.9,3,3,7,0,17.2,Duplex,No,Yes,Suburban,2542606,No
3973,P03620,68.2,1,2,2,12,17.18,Apartment,No,No,Outskirts,585768,Yes
3974,P08755,125.3,1,1,4,7,3.34,Duplex,Yes,Yes,Downtown,3576103,Yes
3975,P03053,86.1,1,1,13,0,8.13,Apartment,Yes,Yes,Suburban,1541184,No
3976,P03570,72.5,2,2,12,4,4.31,Apartment,No,No,Residential,1416513,Yes
3977,P01296,172.4,3,3,11,19,1.48,Duplex,No,No,Residential,3523024,Yes
3978,P00241,103.1,1,1,10,1,18.22,Apartment,No,Yes,Outskirts,1868861,No
3979,P08875,179.5,3,3,3,16,0.5,Villa,No,Yes,Downtown,5966123,Yes
3980,P07420,92.7,1,2,5,10,0.56,Apartment,No,Yes,Downtown,2819693,Yes
3981,P08918,154.6,2,1,1,4,9,Villa,No,Yes,Residential,5813828,Yes
3982,P02196,148.5,1,1,14,12,25,Apartment,Yes,No,Outskirts,1704355,No
3983,P05972,202.7,2,2,1,5,0.5,Villa,No,Yes,Downtown,5527923,Yes
3984,P04298,269.2,4,2,5,25,13.85,Villa,No,Yes,Suburban,4368902,No
3985,P06090,83.2,1,2,15,5,7.73,Apartment,Yes,Yes,Suburban,1607072,No
3986,P02030,107.5,1,1,4,0,9.61,Apartment,No,No,Suburban,2498859,Yes
3987,P08534,96.1,2,1,0,30,18.26,Apartment,No,Yes,Outskirts,1518871,No
3988,P08789,116.7,2,2,5,0,4.19,Apartment,Yes,No,Residential,2055055,Yes
3989,P00194,105.4,2,2,5,17,18.93,Apartment,No,Yes,Outskirts,1583136,No
3990,P08938,60.8,2,2,10,4,1.06,Apartment,No,No,Downtown,924886,Yes
3991,P06494,94.8,2,2,6,16,0.7,Apartment,No,Yes,Downtown,1720268,Yes
3992,P01727,165.9,4,2,6,24,5.14,Villa,No,Yes,Residential,5023096,Yes
3993,P07144,108.5,3,2,13,17,0.5,Apartment,No,No,Downtown,3534796,No
3994,P08885,142.2,2,2,10,15,1.38,Apartment,No,Yes,Residential,2390296,Yes
3995,P05740,131.3,2,2,2,9,6.18,Apartment,Yes,No,Residential,1589406,Yes
3996,P08397,68.7,1,1,9,13,9.02,Apartment,No,Yes,Suburban,959574,No
3997,P02080,127.5,1,2,0,12,0.5,Apartment,No,Yes,Downtown,3774156,Yes
3998,P04822,86.2,1,1,8,9,0.5,Apartment,No,No,Residential,2235370,Yes
3999,P00036,50,1,1,14,5,0.5,Apartment,Yes,No,Downtown,1119344,Yes
4000,P03837,99.7,1,1,2,1,12.93,Apartment,No,Yes,Suburban,1286549,Yes
4001,P03445,221.2,4,3,11,20,15.67,Duplex,No,Yes,Outskirts,5399626,No
4002,P00632,85.2,2,1,6,3,16.53,Apartment,Yes,No,Outskirts,1463581,No
4003,P03114,143.4,2,2,13,0,12.12,Villa,Yes,Yes,Suburban,4610347,No
4004,P01722,239.3,5,3,0,,5.99,Villa,Yes,Yes,Residential,5390223,Yes
4005,P07044,72.3,2,2,4,13,3.53,Apartment,No,No,Residential,2043109,Yes
4006,P06711,82.6,1,1,0,22,2.06,Apartment,No,No,Downtown,2326206,Yes
4007,P06975,94.7,2,1,13,9,7.85,Apartment,No,Yes,Suburban,1979252,No
4008,P03200,149.5,3,3,12,13,16.64,Apartment,No,No,Outskirts,2346372,No
4009,P08470,151,1,1,1,9,7.04,Duplex,No,Yes,Residential,3811119,No
4010,P05855,128.2,1,1,4,2,0.5,Apartment,No,Yes,Downtown,5290796,No
4011,P02130,180.1,3,2,12,11,1.97,Duplex,Yes,Yes,Downtown,4546903,Yes
4012,P00849,111.7,2,1,8,20,0.5,Apartment,No,No,Downtown,1434183,Yes
4013,P07329,108.2,3,2,7,5,4.61,Apartment,No,Yes,Residential,2362011,No
4014,P01633,192.5,4,3,1,18,7.12,Villa,No,Yes,Suburban,4953452,No
4015,P01395,96.7,2,2,13,4,12.67,Apartment,No,No,Outskirts,1406853,Yes
4016,P04845,88.9,1,1,6,12,4.08,Apartment,Yes,Yes,Residential,1787738,Yes
4017,P05424,216.6,3,3,8,2,1.52,Villa,No,No,Downtown,3961098,Yes
4018,P02502,84.4,2,1,7,3,5.5,Apartment,No,Yes,Suburban,1658678,Yes
4019,P06636,140,2,2,0,10,3.48,Duplex,No,Yes,Residential,1516238,Yes
4020,P01548,96.5,2,2,5,2,12.44,Apartment,No,No,Suburban,1610301,No
4021,P01619,148,1,2,1,4,22.63,Duplex,Yes,Yes,Outskirts,2324603,No
4022,P01057,98.5,1,2,4,,23.92,Apartment,No,No,Outskirts,1015401,No
4023,P05688,,2,2,4,12,0.67,Duplex,Yes,No,Downtown,5157661,Yes
4024,P02428,157.1,3,3,1,15,17.19,Duplex,No,Yes,Suburban,2602639,Yes
4025,P02993,100,1,2,6,16,6.3,Apartment,No,No,Residential,2118070,Yes
4026,P01896,289.7,4,3,1,9,1.69,Villa,No,No,Downtown,8616559,Yes
4027,P01543,213.1,2,1,1,40,4.49,Villa,No,Yes,Residential,5768545,Yes
4028,P01153,103.6,2,2,2,29,0.5,Apartment,No,Yes,Downtown,3179230,Yes
4029,P07203,106.1,3,2,6,2,0.5,Apartment,No,Yes,Downtown,3337658,Yes
4030,P01728,266.5,5,3,0,24,19.34,Villa,No,Yes,Outskirts,6369419,No
4031,P01059,113,3,3,1,15,7.42,Apartment,No,No,Suburban,1640585,Yes
4032,P05360,168.7,4,2,9,5,13.61,Duplex,Yes,Yes,Outskirts,2319864,No
4033,P04371,80.7,1,2,7,6,3.59,Apartment,No,No,Residential,2174019,Yes
4034,P08703,128.4,1,1,11,10,2.79,Apartment,No,No,Residential,2412682,Yes
4035,P06195,87.5,1,2,14,40,0.67,Apartment,Yes,No,Downtown,1799930,Yes
4036,P05698,263.6,3,3,2,40,20.46,Villa,No,No,Outskirts,5144214,No
4037,P05216,100.7,1,1,14,2,5.51,Apartment,No,Yes,Residential,2067810,Yes
4038,P08864,145.1,1,2,8,6,11.3,Duplex,No,Yes,Suburban,1464652,Yes
4039,P07466,127.8,1,2,3,0,3.22,Apartment,No,Yes,Downtown,2168813,Yes
4040,P01285,78,2,1,4,3,12.95,Apartment,No,Yes,Outskirts,911994,Yes
4041,P07997,74.7,1,2,1,40,0.5,Apartment,No,Yes,Downtown,2302018,Yes
4042,P05280,,2,1,4,5,3.05,Apartment,Yes,No,Suburban,1251302,Yes
4043,P06225,57.2,1,2,0,34,16.48,Apartment,No,No,Suburban,921004,No
4044,P07334,69.4,1,2,9,21,2.55,Apartment,No,Yes,Suburban,1888389,No
4045,P07275,94.6,2,1,12,13,8.57,Apartment,No,Yes,Suburban,958371,Yes
4046,P06197,109,2,2,1,5,15.8,Duplex,No,Yes,Suburban,2217567,Yes
4047,P04099,65.2,1,2,9,0,15.96,Apartment,No,Yes,Suburban,1076785,Yes
4048,P04352,54.3,1,1,10,15,2.79,Apartment,Yes,No,Downtown,1669556,Yes
4049,P03402,187.6,4,2,9,18,19.9,Duplex,No,Yes,Outskirts,2169572,Yes
4050,P03816,179.8,4,3,5,13,5.36,Duplex,No,No,Residential,3789418,Yes
4051,P04478,216.1,4,3,1,6,6.1,Villa,Yes,Yes,Residential,4668235,Yes
4052,P06817,211.5,3,3,9,27,9.09,Duplex,Yes,Yes,Suburban,2766143,No
4053,P07091,,3,2,15,1,10.6,Villa,No,Yes,Residential,4593543,Yes
4054,P00449,273,5,4,4,7,0.84,Villa,No,Yes,Downtown,8960780,Yes
4055,P00208,118.9,1,2,11,11,5.39,Apartment,Yes,Yes,Suburban,2471485,Yes
4056,P04604,295.6,4,3,2,37,9.83,Villa,No,Yes,Suburban,5732228,Yes
4057,P02605,252.1,4,3,3,1,1.23,Villa,Yes,No,Downtown,6194307,Yes
4058,P04144,72.1,1,2,1,2,2.61,Apartment,No,Yes,Residential,2141623,No
4059,P07630,159.9,1,1,7,4,15.99,Apartment,No,No,Outskirts,2237536,No
4060,P00982,152.4,2,1,2,5,23.32,Apartment,Yes,No,Outskirts,2816538,No
4061,P06593,50,1,2,6,27,5.68,Apartment,Yes,Yes,Residential,1214972,No
4062,P01577,81.6,1,2,15,3,11.15,Apartment,No,No,Suburban,1210224,No
4063,P06740,240.8,5,4,0,7,4.63,Villa,No,Yes,Residential,4547811,Yes
4064,P03813,107.6,2,1,10,1,12.95,Apartment,No,No,Suburban,2157062,Yes
4065,P05774,100.1,1,2,7,4,9.73,Duplex,No,Yes,Suburban,1279729,Yes
4066,P04472,171.6,2,2,2,22,3.94,Villa,Yes,Yes,Residential,4978261,No
4067,P02981,,1,1,12,28,10.23,Apartment,No,Yes,Suburban,2194978,No
4068,P06897,107.5,1,1,1,3,16.91,Apartment,Yes,No,Outskirts,1972492,No
4069,P04233,150.1,1,1,11,1,8.33,Apartment,Yes,Yes,Suburban,2863173,Yes
4070,P05487,107,2,1,8,3,18.62,Apartment,No,Yes,Outskirts,1854247,No
4071,P02774,168.9,3,2,15,40,0.5,Duplex,No,No,Downtown,6276016,No
4072,P08430,127.5,3,3,13,35,9.9,Apartment,Yes,No,Suburban,3285539,No
4073,P08149,184.5,3,3,7,26,19.9,Duplex,Yes,No,Outskirts,3695356,No
4074,P03361,133.9,3,2,14,26,3.89,Duplex,No,Yes,Residential,4082683,Yes
4075,P05652,50,1,1,5,24,7.19,Apartment,No,No,Residential,562768,Yes
4076,P07139,156.4,1,1,11,0,9.51,Duplex,No,Yes,Suburban,2993030,Yes
4077,P05747,92.9,2,1,8,6,1.85,Apartment,Yes,No,Downtown,1788109,Yes
4078,P07517,124.9,1,2,1,11,13.29,Duplex,No,Yes,Outskirts,2145254,No
4079,P08773,115.6,2,2,7,30,12.55,Apartment,No,Yes,Suburban,1743331,Yes
4080,P08155,98.9,1,1,14,12,8.54,Apartment,No,Yes,Suburban,1881074,No
4081,P05954,99.4,2,1,3,7,0.5,Apartment,Yes,Yes,Downtown,3223757,Yes
4082,P07055,175.7,2,1,0,,3.17,Villa,No,Yes,Downtown,4970410,Yes
4083,P06138,67.7,1,1,9,6,0.68,Apartment,No,No,Downtown,1586142,Yes
4084,P00596,134.1,3,3,1,0,6.44,Apartment,No,Yes,Residential,2198392,Yes
4085,P08314,183.2,3,3,8,0,4.15,Duplex,No,Yes,Residential,5170399,Yes
4086,P07831,169.6,4,2,9,2,16.88,Duplex,No,Yes,Outskirts,2041334,No
4087,P03477,,2,2,15,32,16.7,Apartment,No,No,Outskirts,1191476,No
4088,P07911,,4,3,9,2,16.09,Duplex,No,Yes,Outskirts,4392434,Yes
4089,P01298,136.8,1,2,1,5,0.93,Duplex,No,Yes,Downtown,3714962,Yes
4090,P07479,194.4,4,3,0,7,1.59,Villa,No,Yes,Residential,2241539,Yes
4091,P02851,82.9,1,2,15,3,5.85,Apartment,No,Yes,Residential,1112750,No
4092,P08084,50,1,1,9,6,12,Apartment,No,No,Suburban,1144899,No
4093,P08658,195.4,4,2,8,1,7.05,Duplex,Yes,Yes,Residential,5242139,Yes
4094,P07615,110.6,3,2,10,5,6.33,Duplex,No,Yes,Residential,2978385,Yes
4095,P02555,,3,3,10,4,5.74,Duplex,No,Yes,Residential,3008093,Yes
4096,P08323,86.3,2,2,2,9,0.5,Apartment,Yes,Yes,Downtown,2593850,Yes
4097,P01771,50,2,1,12,23,9.01,Apartment,No,Yes,Suburban,408471,Yes
4098,P06515,195.8,2,1,0,0,0.99,Villa,No,Yes,Downtown,6945091,No
4099,P02020,77.6,1,1,1,4,5.31,Apartment,No,Yes,Residential,1613086,No
4100,P04576,164.6,3,3,1,,1.1,Duplex,Yes,Yes,Downtown,4966235,Yes
4101,P04184,85.6,1,1,4,40,0.5,Apartment,No,Yes,Residential,1867488,Yes
4102,P07075,112.5,1,2,13,2,11.98,Apartment,Yes,No,Suburban,1907646,Yes
4103,P02974,140.9,2,2,4,9,13.55,Apartment,No,No,Outskirts,1800149,No
4104,P04831,221.3,4,3,1,3,8.87,Villa,No,Yes,Suburban,5452654,Yes
4105,P01586,82.5,2,1,6,2,20.85,Apartment,Yes,No,Outskirts,926752,No
4106,P08656,141.7,2,1,6,7,4.15,Duplex,Yes,Yes,Residential,2065644,Yes
4107,P05222,105.1,1,2,13,5,11.07,Apartment,No,Yes,Suburban,2651463,No
4108,P08743,97.3,2,1,1,4,1.91,Apartment,No,No,Downtown,1782361,Yes
4109,P01053,176.3,3,2,7,5,1.56,Duplex,Yes,Yes,Residential,2974325,Yes
4110,P06233,175,3,3,12,40,20.32,Duplex,No,No,Outskirts,3078341,No
4111,P06459,209.9,4,3,1,14,16.04,Duplex,No,Yes,Suburban,3474005,Yes
4112,P05719,125.2,3,3,3,0,1.02,Villa,No,Yes,Downtown,3583866,Yes
4113,P03527,,2,1,7,40,0.96,Apartment,No,Yes,Downtown,1940672,Yes
4114,P07133,100,2,2,9,0,0.5,Apartment,Yes,Yes,Downtown,3629284,Yes
4115,P06436,84.3,1,1,4,16,5.63,Apartment,Yes,Yes,Residential,1984737,Yes
4116,P02109,213.4,4,2,9,7,5.03,Duplex,No,Yes,Residential,6873769,Yes
4117,P01086,183,3,3,14,6,4.73,Duplex,Yes,Yes,Suburban,2735161,Yes
4118,P07565,142.9,1,1,13,5,3.67,Duplex,No,Yes,Residential,2757045,Yes
4119,P06634,223.2,3,3,14,6,12.33,Villa,No,Yes,Suburban,6807631,Yes
4120,P00767,134.7,3,3,4,5,0.5,Duplex,No,Yes,Downtown,4656603,No
4121,P01747,109.8,1,1,6,5,7.88,Apartment,No,No,Suburban,2175236,Yes
4122,P07437,66.3,1,2,0,30,1.07,Apartment,Yes,Yes,Downtown,2020737,Yes
4123,P01009,110.6,2,1,3,11,13.04,Apartment,Yes,No,Suburban,2205871,No
4124,P06432,214.6,4,2,0,1,5.72,Villa,No,Yes,Residential,6844033,No
4125,P00623,135.7,3,2,6,1,15.36,Apartment,No,Yes,Outskirts,948936,No
4126,P08969,94.8,1,2,11,10,13.05,Apartment,No,Yes,Outskirts,483876,No
4127,P03929,172.4,4,3,6,8,2,Duplex,No,Yes,Downtown,3955410,Yes
4128,P04667,238.1,3,3,3,0,15.54,Villa,Yes,Yes,Outskirts,5034794,Yes
4129,P07399,89.2,1,2,5,6,14.19,Apartment,Yes,No,Outskirts,1190655,No
4130,P04826,120.2,2,1,3,25,6.63,Apartment,No,Yes,Residential,2163672,No
4131,P04737,195.8,3,2,5,9,10.72,Villa,No,No,Suburban,4325358,No
4132,P03357,134.7,1,2,9,7,10.8,Apartment,No,No,Suburban,1888211,Yes
4133,P03508,119.8,3,2,4,1,22.08,Apartment,No,Yes,Outskirts,1153654,Yes
4134,P04231,79.7,2,1,0,,14.31,Apartment,No,No,Outskirts,1084167,No
4135,P03431,108.2,3,2,7,10,11.3,Apartment,Yes,Yes,Suburban,1909996,Yes
4136,P07357,50,2,2,4,2,4.44,Apartment,No,No,Suburban,1055096,No
4137,P02792,198.1,4,2,7,1,1.44,Duplex,No,Yes,Downtown,4241907,Yes
4138,P02622,87.1,2,1,9,17,19.58,Apartment,Yes,Yes,Outskirts,792896,No
4139,P03616,117,3,2,5,14,10.66,Apartment,Yes,No,Suburban,3175433,No
4140,P01963,,1,1,1,,10.78,Apartment,Yes,Yes,Suburban,1967290,No
4141,P07325,52.6,1,1,11,4,3.36,Apartment,Yes,Yes,Suburban,1514293,Yes
4142,P08549,50,2,1,12,0,11.39,Apartment,No,Yes,Suburban,1322564,No
4143,P04345,142.9,3,2,8,2,14.83,Duplex,No,No,Suburban,1743311,Yes
4144,P04157,117.5,2,1,12,3,23.23,Apartment,No,Yes,Outskirts,754956,Yes
4145,P04061,162.6,4,2,11,2,16.68,Apartment,Yes,No,Outskirts,2087358,No
4146,P04620,179.5,2,2,12,5,13.88,Duplex,No,Yes,Suburban,3993666,No
4147,P05530,50,1,1,12,40,25,Apartment,Yes,No,Outskirts,250000,No
4148,P05030,134.6,3,2,8,4,0.5,Apartment,No,Yes,Downtown,4703014,No
4149,P03943,173.3,2,1,3,4,0.5,Villa,Yes,Yes,Downtown,7096068,Yes
4150,P08635,189.6,4,2,1,1,2.81,Apartment,Yes,Yes,Downtown,3701367,Yes
4151,P04969,127.4,3,3,2,22,0.97,Duplex,No,Yes,Downtown,4911002,Yes
4152,P00692,79.4,1,2,11,2,15.25,Duplex,No,Yes,Outskirts,2203852,No
4153,P07060,110.4,3,2,10,23,6.31,Apartment,No,No,Residential,2258849,Yes
4154,P01456,168.8,4,3,2,1,0.5,Duplex,No,Yes,Downtown,5633584,Yes
4155,P04374,124.6,2,1,4,1,1.21,Apartment,No,No,Downtown,4075654,Yes
4156,P04398,81.4,1,1,5,9,13.34,Apartment,No,Yes,Suburban,1458768,No
4157,P06205,102.8,1,2,5,7,0.5,Apartment,No,Yes,Downtown,2110459,Yes
4158,P03979,123.6,1,1,11,2,5.56,Apartment,No,Yes,Residential,2785444,No
4159,P05559,268.1,5,3,14,17,13.57,Villa,No,Yes,Suburban,3552746,Yes
4160,P04324,119.9,2,2,6,31,0.5,Apartment,No,Yes,Downtown,2344917,Yes
4161,P02027,155.1,1,1,11,13,13.88,Duplex,No,No,Outskirts,2187902,No
4162,P08600,104.9,1,2,11,1,4.99,Apartment,No,No,Residential,2849290,Yes
4163,P08450,130,2,1,14,4,14.76,Apartment,No,No,Suburban,2810439,No
4164,P08451,270.1,4,3,13,11,18.98,Villa,Yes,Yes,Outskirts,6169520,No
4165,P03342,50,1,1,14,1,16.04,Apartment,No,No,Outskirts,713565,No
4166,P06923,169.4,3,3,8,6,8.66,Duplex,No,Yes,Residential,6103935,Yes
4167,P04250,218.5,3,3,4,,25,Villa,Yes,Yes,Outskirts,3533499,No
4168,P06037,212.3,2,2,13,3,15.22,Villa,Yes,Yes,Outskirts,4628662,No
4169,P05201,206.2,4,2,3,9,6.27,Villa,Yes,Yes,Residential,4965476,Yes
4170,P00799,113.5,3,2,7,9,11.2,Apartment,No,No,Suburban,2557954,No
4171,P03666,121.5,2,1,4,8,3.05,Apartment,No,No,Residential,2984906,Yes
4172,P02957,62.1,1,2,0,16,0.5,Apartment,Yes,Yes,Downtown,1583994,Yes
4173,P08082,175.4,3,3,1,4,14.04,Duplex,No,Yes,Suburban,5380607,No
4174,P04109,217.8,5,4,3,36,17.15,Duplex,No,Yes,Outskirts,4534927,No
4175,P02729,97.8,1,1,9,27,5.84,Apartment,No,Yes,Residential,2547637,Yes
4176,P01311,127.2,2,1,14,7,3.19,Apartment,No,Yes,Residential,2416450,Yes
4177,P08590,78.4,2,1,5,1,12.66,Apartment,No,Yes,Suburban,1677872,No
4178,P01756,90.5,2,1,10,21,7.5,Duplex,Yes,Yes,Suburban,1293346,Yes
4179,P06312,50,1,1,7,14,25,Apartment,No,No,Outskirts,401282,No
4180,P03630,77.8,1,1,13,4,1.18,Apartment,No,Yes,Downtown,1612584,Yes
4181,P05617,66.7,1,1,12,5,5.95,Apartment,No,No,Residential,1282195,Yes
4182,P01413,106,1,1,10,14,15.51,Apartment,Yes,No,Outskirts,1174862,No
4183,P06213,174.8,2,2,3,8,6.5,Duplex,No,Yes,Residential,3799709,No
4184,P04427,187.1,2,2,2,4,2.06,Duplex,No,No,Downtown,4178034,Yes
4185,P08446,62.6,2,2,9,22,0.5,Apartment,No,Yes,Downtown,2178979,Yes
4186,P01675,147.8,1,1,14,3,20.11,Duplex,Yes,Yes,Suburban,3058172,No
4187,P08633,189.6,2,1,6,40,1.2,Villa,No,Yes,Downtown,6606461,Yes
4188,P02940,109,3,3,9,25,2.51,Apartment,No,No,Downtown,3275537,Yes
4189,P06989,213.5,3,3,3,20,0.5,Villa,Yes,Yes,Downtown,8381442,Yes
4190,P07235,113.8,3,2,0,40,8.4,Apartment,No,No,Suburban,1711924,No
4191,P04715,136.3,2,1,8,30,10.52,Duplex,Yes,Yes,Suburban,4652759,No
4192,P06036,140.8,2,1,9,7,15.32,Apartment,No,No,Outskirts,2112943,Yes
4193,P08616,127.2,1,2,8,4,13.1,Apartment,Yes,Yes,Suburban,2613726,Yes
4194,P05469,79.4,1,2,10,40,16.68,Apartment,Yes,Yes,Suburban,1212779,No
4195,P07768,205.5,3,3,13,2,6.68,Duplex,No,No,Residential,4226615,Yes
4196,P02212,99.7,1,1,11,9,3.74,Duplex,No,Yes,Residential,3600970,No
4197,P06983,107.9,2,2,13,9,4.31,Apartment,No,No,Residential,2449169,Yes
4198,P02076,199.9,3,3,0,30,7.11,Duplex,No,Yes,Suburban,4731107,Yes
4199,P06219,257.8,5,3,4,0,0.5,Villa,No,No,Downtown,13587405,No
4200,P07025,128.5,3,3,8,11,0.52,Duplex,Yes,Yes,Downtown,2121525,Yes
4201,P04241,103.1,2,1,1,9,13.99,Apartment,No,No,Suburban,859454,Yes
4202,P04687,106.9,2,2,12,0,4.33,Apartment,Yes,Yes,Residential,1673969,Yes
4203,P06531,98.9,1,1,14,5,4.25,Apartment,No,Yes,Residential,3113646,Yes
4204,P07691,171.3,3,3,2,11,0.71,Villa,No,Yes,Downtown,3287378,Yes
4205,P08823,203.4,3,3,13,26,14.39,Duplex,Yes,No,Suburban,1610231,Yes
4206,P06655,120.6,1,2,9,19,5.65,Duplex,No,Yes,Suburban,2767414,Yes
4207,P03463,142.9,3,2,3,15,1.82,Duplex,No,Yes,Downtown,5118693,Yes
4208,P02498,266.3,5,3,0,8,6.09,Villa,No,No,Residential,4632219,Yes
4209,P04650,232.1,5,3,13,14,6.15,Duplex,No,Yes,Residential,6527364,Yes
4210,P07150,251.8,4,3,15,1,9.49,Villa,No,No,Suburban,6499078,Yes
4211,P04936,259.2,5,4,0,6,0.5,Villa,No,No,Downtown,8924075,Yes
4212,P00314,111,2,2,1,4,5.32,Apartment,No,Yes,Residential,1942070,Yes
4213,P06742,120.9,3,2,5,4,5.78,Apartment,No,Yes,Residential,2082441,Yes
4214,P03610,87.6,1,2,8,,5.18,Apartment,No,Yes,Residential,2068012,No
4215,P02713,197.9,3,3,5,11,4.8,Duplex,No,Yes,Residential,5080059,Yes
4216,P08394,125.3,3,3,7,0,10.78,Duplex,No,No,Suburban,2572272,No
4217,P04499,119.2,3,2,4,4,19.66,Apartment,No,Yes,Outskirts,2362465,No
4218,P04748,80.7,1,2,12,2,8.55,Apartment,No,No,Suburban,1108483,Yes
4219,P05145,50,2,1,1,3,4.74,Apartment,Yes,No,Residential,625453,Yes
4220,P08765,109,1,2,0,,6.9,Apartment,Yes,No,Residential,2482691,Yes
4221,P08539,108.4,1,2,13,1,0.5,Apartment,No,Yes,Downtown,2350754,Yes
4222,P08688,231,5,3,15,3,8.3,Villa,No,Yes,Residential,5703773,Yes
4223,P00127,50,1,1,10,1,6.14,Apartment,No,Yes,Residential,1210778,No
4224,P03520,125,1,1,3,1,11.49,Apartment,Yes,Yes,Suburban,2312203,No
4225,P07069,,2,2,0,3,7.36,Villa,No,Yes,Residential,3295729,Yes
4226,P07488,93.6,2,2,12,3,0.63,Apartment,No,No,Downtown,2368224,Yes
4227,P05404,121.7,2,2,12,2,1.04,Duplex,No,Yes,Downtown,3955086,Yes
4228,P06203,50,1,1,7,2,13.08,Apartment,Yes,Yes,Suburban,1045922,No
4229,P08763,73.4,1,1,9,6,8.1,Apartment,No,Yes,Residential,1162310,Yes
4230,P02223,204.5,3,2,0,16,3.28,Villa,No,Yes,Residential,5669695,Yes
4231,P06087,234.3,4,2,1,21,3.48,Villa,No,No,Residential,1385658,Yes
4232,P05771,131.2,2,2,6,14,14.67,Duplex,No,No,Outskirts,1915459,No
4233,P08963,155.5,2,1,11,11,6.78,Duplex,No,Yes,Suburban,3840925,No
4234,P07428,227.8,3,3,3,0,2.32,Villa,No,Yes,Downtown,3037384,Yes
4235,P01273,99.1,2,2,3,4,0.58,Apartment,No,Yes,Residential,1515336,Yes
4236,P00286,138.4,2,1,0,3,4.14,Apartment,No,No,Residential,2896361,Yes
4237,P03219,,3,3,12,27,3.74,Duplex,No,Yes,Residential,6559455,Yes
4238,P07729,94.5,2,1,14,6,7.55,Apartment,No,No,Suburban,1792960,Yes
4239,P08383,141.8,1,1,10,0,0.5,Duplex,No,No,Downtown,4772885,Yes
4240,P08083,88,1,2,7,19,0.5,Apartment,No,No,Downtown,1793885,Yes
4241,P06180,,3,2,1,3,4.19,Villa,Yes,Yes,Residential,5745361,No
4242,P05313,194.9,2,1,7,7,3.35,Duplex,No,Yes,Residential,3065818,Yes
4243,P00172,199.2,3,3,0,6,12.27,Duplex,No,Yes,Suburban,4817556,No
4244,P08526,91.1,1,2,1,11,14.41,Apartment,No,Yes,Outskirts,809972,No
4245,P07552,,2,1,3,18,10.05,Duplex,No,Yes,Suburban,1711938,No
4246,P08235,95.4,1,1,9,15,14.01,Apartment,No,No,Outskirts,1156214,No
4247,P03515,100.3,1,2,6,16,18.6,Apartment,Yes,Yes,Outskirts,1447913,No
4248,P05756,178.5,4,3,3,9,6.06,Duplex,No,Yes,Suburban,4664481,No
4249,P00251,175.6,2,1,3,20,12.96,Apartment,No,Yes,Suburban,2362143,No
4250,P01668,199.2,4,3,0,14,5.5,Villa,Yes,No,Residential,7199846,Yes
4251,P06106,73.5,2,2,12,8,24.52,Apartment,Yes,No,Outskirts,1206524,No
4252,P02090,180.9,2,1,7,25,2.65,Duplex,Yes,Yes,Residential,5088253,Yes
4253,P04145,243.3,5,4,8,6,0.99,Villa,No,Yes,Residential,6827714,Yes
4254,P05141,273.5,6,4,15,1,12.73,Villa,No,Yes,Suburban,5706498,Yes
4255,P03971,161.7,3,3,1,11,19.1,Duplex,No,Yes,Outskirts,3113308,No
4256,P04208,87.6,1,1,12,4,0.79,Apartment,No,No,Downtown,2364622,Yes
4257,P01465,99.8,1,1,7,7,13.01,Apartment,No,Yes,Suburban,1450104,No
4258,P00613,138.8,2,2,6,19,15.59,Apartment,No,No,Outskirts,1878585,No
4259,P06730,151.6,2,1,14,8,8.77,Duplex,No,No,Suburban,1551387,No
4260,P02115,75.4,1,1,2,1,1.71,Apartment,Yes,No,Downtown,2146486,Yes
4261,P05909,98.5,2,1,4,4,7.09,Apartment,Yes,Yes,Residential,1730501,Yes
4262,P05103,123.2,1,2,14,4,1.63,Apartment,Yes,No,Downtown,3356425,Yes
4263,P02752,,3,2,4,28,14.53,Apartment,No,Yes,Suburban,2579563,No
4264,P00882,97.2,1,1,5,23,5.05,Apartment,No,No,Suburban,1854382,No
4265,P08331,105.3,1,1,10,3,0.5,Apartment,No,Yes,Downtown,3095596,Yes
4266,P01233,219.2,5,3,0,3,0.99,Duplex,No,Yes,Downtown,5356578,Yes
4267,P01159,108.7,2,2,0,16,7.34,Apartment,No,No,Residential,1989740,Yes
4268,P05808,145.7,2,1,13,0,10.77,Duplex,Yes,Yes,Outskirts,3267584,Yes
4269,P06001,,1,2,11,,4.54,Apartment,No,Yes,Residential,1586170,No
4270,P06373,165.7,2,1,15,17,23.96,Duplex,No,No,Outskirts,1502769,Yes
4271,P04129,116,3,2,8,1,10.4,Apartment,Yes,No,Suburban,2227970,Yes
4272,P05385,85.2,2,2,15,13,3.7,Apartment,No,Yes,Residential,1857540,Yes
4273,P05755,266.1,4,2,2,6,1.48,Villa,Yes,Yes,Downtown,5576960,Yes
4274,P01338,193,2,1,0,25,13.39,Villa,Yes,Yes,Suburban,4470683,No
4275,P05325,82.8,1,1,13,9,1.05,Apartment,Yes,No,Downtown,2523373,Yes
4276,P08856,123.4,3,2,0,17,0.5,Apartment,No,Yes,Downtown,4020727,Yes
4277,P00960,300,4,3,1,4,12.56,Villa,No,No,Suburban,4859932,Yes
4278,P00201,50,1,2,10,6,13.58,Apartment,Yes,No,Suburban,528335,No
4279,P04461,136.8,3,2,15,0,6.82,Duplex,No,Yes,Residential,2812772,Yes
4280,P04809,,2,2,6,23,7.47,Apartment,Yes,Yes,Residential,2454897,No
4281,P07342,219.2,5,3,3,19,4.1,Villa,Yes,Yes,Residential,4045321,Yes
4282,P02887,182.2,4,3,11,0,1.05,Duplex,No,Yes,Downtown,5020591,Yes
4283,P00568,142.5,3,2,10,40,0.5,Duplex,Yes,Yes,Downtown,5191955,Yes
4284,P03425,252.9,5,3,0,0,0.5,Villa,Yes,Yes,Downtown,8946054,Yes
4285,P06029,186.3,3,3,3,4,23.12,Villa,Yes,Yes,Outskirts,5202662,No
4286,P02711,64.8,1,1,7,7,18.34,Apartment,No,No,Outskirts,721422,No
4287,P02583,91.5,1,1,11,8,0.5,Apartment,No,No,Downtown,818126,Yes
4288,P00345,184.1,3,2,7,13,7.43,Duplex,No,Yes,Suburban,2446104,Yes
4289,P04310,101.9,2,2,15,11,10.86,Duplex,No,Yes,Suburban,1873008,No
4290,P06782,189,2,2,8,17,4.66,Duplex,No,Yes,Residential,6800093,Yes
4291,P00573,165.3,3,2,10,,10.92,Duplex,No,Yes,Residential,3260760,Yes
4292,P08670,210.8,3,3,13,40,23.6,Duplex,Yes,No,Outskirts,3125394,No
4293,P05362,158.9,1,1,8,9,0.5,Duplex,No,Yes,Downtown,2998849,Yes
4294,P08006,79.5,2,2,0,16,10.12,Apartment,No,No,Suburban,995157,No
4295,P04458,72.8,2,2,6,4,9.38,Apartment,Yes,Yes,Suburban,1796231,No
4296,P08327,76,1,1,12,7,12.11,Apartment,No,No,Suburban,1392904,Yes
4297,P06445,170.3,3,3,15,11,5.3,Villa,No,Yes,Residential,4634409,Yes
4298,P04450,51.9,2,2,2,14,0.5,Apartment,Yes,Yes,Downtown,1546860,Yes
4299,P03956,122.7,1,1,10,1,7.83,Apartment,No,Yes,Suburban,1921340,Yes
4300,P00374,71,1,1,9,6,4.41,Apartment,No,Yes,Residential,1414534,Yes
4301,P05372,135.3,2,2,3,40,22.17,Duplex,No,Yes,Outskirts,1187820,No
4302,P07277,98.8,1,1,4,21,6.03,Apartment,Yes,Yes,Residential,1957705,No
4303,P04167,186,2,2,6,7,2.13,Duplex,No,Yes,Downtown,6626227,Yes
4304,P00930,216.3,5,3,8,0,11.18,Duplex,Yes,Yes,Suburban,4537706,Yes
4305,P08608,50,1,1,12,40,9.8,Apartment,Yes,No,Suburban,428802,No
4306,P06859,158.8,2,2,11,19,4.52,Apartment,No,Yes,Residential,4617703,Yes
4307,P01789,98,2,2,6,0,17.29,Apartment,No,No,Outskirts,1428339,Yes
4308,P00967,135.8,2,2,6,15,14.39,Duplex,No,No,Outskirts,2207060,No
4309,P05207,60.5,2,2,3,21,1.24,Apartment,Yes,Yes,Downtown,2662840,Yes
4310,P06096,186.2,4,2,3,7,7.09,Villa,Yes,Yes,Residential,4740241,Yes
4311,P07604,119.7,1,2,15,29,9.85,Duplex,No,Yes,Suburban,2588367,No
4312,P02703,171.1,3,2,2,4,5.34,Villa,No,Yes,Residential,4095941,Yes
4313,P06475,125.1,1,2,11,1,1.48,Duplex,Yes,Yes,Downtown,2950325,Yes
4314,P01382,292.2,5,3,5,17,0.94,Villa,No,Yes,Downtown,5518660,Yes
4315,P07186,123.8,1,1,1,40,5.67,Apartment,Yes,Yes,Residential,1709385,No
4316,P08187,186,3,3,8,22,5.48,Villa,Yes,Yes,Residential,5514441,Yes
4317,P00518,139,2,2,15,22,10.46,Apartment,No,Yes,Suburban,2897516,No
4318,P04432,128.2,2,2,10,17,24.62,Apartment,No,No,Outskirts,1125452,No
4319,P00230,,2,1,9,5,0.5,Duplex,No,No,Downtown,5338888,Yes
4320,P08263,268.7,4,2,1,0,17.9,Villa,Yes,No,Outskirts,6630971,No
4321,P02176,50,2,2,9,11,13.98,Apartment,No,Yes,Suburban,614038,No
4322,P00361,127.8,3,2,9,11,18.43,Apartment,No,Yes,Outskirts,2560249,No
4323,P07504,132.9,3,2,0,4,4.05,Apartment,Yes,No,Residential,3840790,Yes
4324,P08940,177.8,3,2,9,8,20.81,Villa,No,No,Outskirts,3394477,No
4325,P00802,146.4,3,2,8,6,3.59,Villa,No,Yes,Residential,4772446,Yes
4326,P06030,115.2,1,2,1,18,0.5,Apartment,No,Yes,Downtown,3071209,Yes
4327,P02078,,3,2,14,5,0.5,Duplex,No,Yes,Downtown,3983321,No
4328,P08096,158.3,2,1,14,14,17.22,Duplex,Yes,Yes,Outskirts,1797838,No
4329,P01467,213.9,2,2,0,4,4.67,Villa,No,No,Residential,2656876,Yes
4330,P02643,133.9,1,2,13,4,9.56,Apartment,No,No,Suburban,2431435,Yes
4331,P08527,145.7,3,2,10,6,18.12,Villa,No,Yes,Outskirts,4067099,No
4332,P07366,109.8,3,3,9,,0.5,Apartment,No,No,Downtown,2774615,No
4333,P01363,174.4,4,3,14,2,13.66,Duplex,Yes,Yes,Suburban,1745778,Yes
4334,P05646,178.7,3,3,5,26,4.9,Duplex,No,No,Residential,4143194,Yes
4335,P01255,105.2,2,1,14,30,0.64,Apartment,Yes,Yes,Downtown,2373850,Yes
4336,P04339,141.6,1,1,2,0,7.29,Duplex,No,No,Suburban,2373077,No
4337,P00007,126.6,1,2,13,1,15.24,Duplex,Yes,Yes,Suburban,1688719,No
4338,P06584,175.5,2,1,4,,0.53,Duplex,No,No,Downtown,2820259,Yes
4339,P08106,165.1,3,3,10,,1.98,Villa,No,Yes,Downtown,6737980,Yes
4340,P02858,171.4,3,3,5,1,2.57,Duplex,No,No,Residential,4164159,Yes
4341,P04988,101.3,1,1,14,3,1.64,Apartment,No,Yes,Downtown,2470305,Yes
4342,P07624,178.9,4,2,3,1,0.76,Villa,Yes,Yes,Downtown,7693852,No
4343,P04884,92.5,1,1,0,8,5.62,Apartment,No,Yes,Residential,2061733,No
4344,P00281,98,1,2,9,15,1.82,Apartment,Yes,Yes,Downtown,1196114,Yes
4345,P08167,160,1,1,14,2,13.6,Duplex,No,Yes,Suburban,1599847,Yes
4346,P02780,70.3,2,2,11,6,1.76,Apartment,No,Yes,Downtown,1377770,Yes
4347,P05312,104.1,1,1,8,5,5.78,Apartment,No,No,Residential,3971436,No
4348,P07118,50,1,2,7,11,10.58,Apartment,No,No,Suburban,368236,Yes
4349,P01130,220,5,4,7,29,25,Duplex,No,Yes,Outskirts,2415840,Yes
4350,P02824,50,1,2,5,19,13.59,Apartment,No,Yes,Outskirts,371779,No
4351,P05236,108.9,2,2,7,13,8.64,Apartment,No,No,Suburban,1878820,Yes
4352,P06008,104.5,1,2,15,9,18.32,Apartment,No,No,Outskirts,1524322,No
4353,P01703,228.7,4,2,2,8,2.69,Villa,No,No,Residential,5688279,Yes
4354,P05364,266.4,3,3,9,16,9.35,Villa,No,No,Outskirts,5844475,No
4355,P01388,201.4,2,1,2,22,4.06,Villa,Yes,Yes,Residential,3752256,Yes
4356,P04277,,1,1,6,0,8.74,Apartment,No,Yes,Residential,2818790,Yes
4357,P05292,203.1,2,1,4,40,3.03,Villa,Yes,Yes,Residential,5089636,Yes
4358,P08748,50,2,1,12,18,16.7,Apartment,Yes,No,Outskirts,473419,No
4359,P04068,81.1,1,1,3,2,9.45,Apartment,No,No,Suburban,937939,No
4360,P00487,288.9,5,4,3,22,4.64,Villa,No,Yes,Residential,6170714,Yes
4361,P05557,,5,3,0,8,2.78,Villa,Yes,Yes,Residential,5470922,Yes
4362,P07225,174.5,2,2,13,7,11.11,Duplex,Yes,No,Suburban,2217397,Yes
4363,P03744,97.4,1,1,12,4,11.33,Duplex,Yes,Yes,Suburban,2130436,Yes
4364,P03376,50,1,1,4,39,3.76,Apartment,Yes,No,Residential,1193297,Yes
4365,P05278,96.6,1,2,2,4,9.71,Apartment,No,Yes,Suburban,1851460,No
4366,P00570,157.3,3,2,15,11,9.23,Duplex,No,Yes,Suburban,2263691,No
4367,P01501,50,1,1,4,6,12.97,Apartment,Yes,Yes,Suburban,1357964,No
4368,P00088,116.7,1,2,11,8,2.3,Apartment,Yes,No,Residential,3662631,Yes
4369,P03961,199.9,4,2,13,10,3.84,Duplex,Yes,Yes,Residential,3839594,Yes
4370,P08107,101.4,2,1,4,2,5.91,Duplex,Yes,No,Residential,3421985,Yes
4371,P02529,94.7,1,2,10,6,16.55,Apartment,Yes,No,Outskirts,1617841,No
4372,P01950,233.7,3,3,2,,12.61,Villa,No,Yes,Outskirts,3534980,Yes
4373,P01826,102.9,1,2,7,16,1.68,Apartment,No,Yes,Downtown,2519619,Yes
4374,P04139,172.3,2,2,11,10,15.17,Duplex,Yes,Yes,Suburban,5398824,Yes
4375,P04584,50,1,2,5,26,20.43,Apartment,No,No,Outskirts,250000,No
4376,P05992,145.5,2,2,2,,7.76,Apartment,Yes,No,Suburban,2008212,No
4377,P06113,67.2,1,2,11,4,7.23,Apartment,Yes,Yes,Residential,1876183,Yes
4378,P02267,219.5,3,2,7,3,11.46,Villa,No,Yes,Suburban,5532231,Yes
4379,P05303,133.1,3,2,7,1,9.47,Apartment,Yes,No,Suburban,2516717,Yes
4380,P05210,245.2,5,4,3,18,1.1,Villa,Yes,No,Downtown,9255415,Yes
4381,P08458,131.6,1,2,15,27,18.67,Apartment,No,No,Outskirts,736691,No
4382,P06479,58.5,1,1,14,20,7.82,Apartment,No,Yes,Residential,1587039,No
4383,P04018,146,2,1,0,6,7.65,Villa,Yes,Yes,Residential,3862160,Yes
4384,P06719,79.5,2,1,7,4,7.81,Apartment,No,No,Suburban,1436668,Yes
4385,P08660,184.7,2,2,12,0,5.12,Duplex,Yes,Yes,Residential,6216402,Yes
4386,P01784,83.3,2,1,0,6,1.14,Apartment,No,Yes,Downtown,2296263,Yes
4387,P08982,120.5,1,2,2,,7.48,Apartment,No,No,Suburban,2205755,No
4388,P00265,122.1,1,2,14,5,20.03,Apartment,No,Yes,Outskirts,1550877,No
4389,P07998,52.1,1,1,13,2,5.41,Apartment,No,No,Residential,250000,Yes
4390,P04360,282.8,6,4,1,0,17.02,Villa,No,Yes,Suburban,6678330,Yes
4391,P08101,130.5,1,2,14,6,1.94,Apartment,No,No,Downtown,2658532,Yes
4392,P07960,189.9,3,3,4,8,22.34,Duplex,No,Yes,Outskirts,1449626,Yes
4393,P01585,169,4,2,12,2,18.65,Duplex,No,No,Suburban,3553637,No
4394,P07046,118.5,3,2,0,14,21.79,Apartment,No,Yes,Outskirts,2082576,No
4395,P01375,140.1,1,2,6,7,21.72,Apartment,No,Yes,Outskirts,1333938,Yes
4396,P08754,222,3,2,3,19,12.02,Villa,No,Yes,Outskirts,2378336,Yes
4397,P02429,181.7,4,3,8,18,7.76,Duplex,No,Yes,Suburban,4249171,Yes
4398,P05981,151,1,2,3,17,11.02,Villa,Yes,No,Suburban,4094799,Yes
4399,P03574,177.4,3,3,15,8,6.29,Duplex,No,Yes,Residential,4801253,Yes
4400,P08647,219.6,3,2,6,5,10.2,Duplex,No,Yes,Suburban,3076295,Yes
4401,P05240,88.6,2,2,3,4,11.65,Apartment,Yes,No,Suburban,840118,Yes
4402,P00638,82.8,1,2,7,1,10.97,Apartment,Yes,No,Suburban,727325,Yes
4403,P06689,153.9,2,2,1,4,12.34,Villa,Yes,Yes,Suburban,4011635,Yes
4404,P05567,80.3,1,1,12,12,12.4,Apartment,No,Yes,Suburban,1415678,No
4405,P04759,245.6,4,2,12,21,0.5,Duplex,No,Yes,Downtown,9683906,Yes
4406,P04407,158.9,3,2,6,10,10.5,Duplex,Yes,No,Outskirts,2833887,No
4407,P03623,167.9,4,2,14,3,2.94,Duplex,Yes,No,Residential,2559326,Yes
4408,P00842,139.1,1,1,0,13,16.9,Villa,No,Yes,Suburban,3889147,No
4409,P02180,77.4,2,2,10,5,25,Apartment,No,No,Outskirts,1081932,No
4410,P06717,159,1,1,10,19,15.26,Villa,No,Yes,Suburban,4506120,No
4411,P06415,77.3,1,2,3,12,4.31,Apartment,Yes,Yes,Suburban,1791987,Yes
4412,P03619,142.2,1,2,8,0,3.62,Apartment,No,Yes,Residential,3303971,Yes
4413,P02294,99.1,1,1,8,17,2.54,Apartment,No,No,Residential,2550939,Yes
4414,P05811,97.4,2,2,11,18,10.97,Apartment,Yes,Yes,Suburban,1746323,No
4415,P02895,264.9,3,2,3,14,9.48,Villa,No,Yes,Outskirts,6076935,No
4416,P07548,,1,2,3,2,2.55,Duplex,Yes,Yes,Downtown,4000171,Yes
4417,P01470,52.9,2,1,12,24,0.5,Apartment,Yes,Yes,Downtown,2204069,No
4418,P07382,159.2,3,3,0,8,6.78,Apartment,No,No,Residential,5383943,Yes
4419,P01768,205.8,3,2,2,13,0.5,Villa,No,No,Downtown,4993696,Yes
4420,P08866,101.8,1,1,14,22,4.1,Apartment,Yes,Yes,Residential,1830019,Yes
4421,P07129,169,3,3,1,2,21.71,Duplex,Yes,No,Outskirts,1603640,No
4422,P00566,50,1,2,10,1,9.47,Apartment,Yes,No,Suburban,946709,No
4423,P05968,93.9,1,1,6,10,5.23,Apartment,Yes,Yes,Residential,1641533,Yes
4424,P00119,87.4,1,2,11,7,4,Apartment,Yes,Yes,Residential,1089414,No
4425,P01063,118.3,1,1,9,4,3.87,Duplex,No,Yes,Residential,3876095,Yes
4426,P05254,71.4,1,1,8,0,14.37,Apartment,No,Yes,Outskirts,1051769,Yes
4427,P08799,84.5,2,2,8,20,0.73,Apartment,Yes,No,Downtown,1526137,Yes
4428,P05837,207,4,3,2,5,15.26,Villa,No,Yes,Outskirts,2923456,No
4429,P06720,219.4,5,3,1,2,4.48,Villa,No,Yes,Residential,7732437,Yes
4430,P04962,110.2,1,1,10,2,0.9,Apartment,No,Yes,Downtown,2942909,Yes
4431,P06939,165.3,4,2,10,40,0.74,Apartment,Yes,Yes,Downtown,5735833,Yes
4432,P06226,108.8,2,1,15,7,1.09,Apartment,No,No,Downtown,4331184,Yes
4433,P01852,106.3,2,1,8,40,23.64,Duplex,Yes,No,Outskirts,1406968,No
4434,P02932,50,1,1,15,4,4.19,Apartment,No,No,Residential,1118010,Yes
4435,P04987,57.6,1,1,13,,3.64,Apartment,No,No,Suburban,1051486,No
4436,P04263,167,4,2,10,0,2.81,Apartment,No,Yes,Residential,4805695,Yes
4437,P05065,83.3,2,2,10,13,19.79,Apartment,No,Yes,Outskirts,1374203,No
4438,P02531,98.2,1,2,10,11,4.7,Duplex,No,No,Suburban,1080786,Yes
4439,P01611,257.3,5,3,12,3,1.86,Villa,No,Yes,Residential,11763125,Yes
4440,P06642,99.1,1,1,3,24,19.56,Apartment,Yes,Yes,Outskirts,819704,No
4441,P01630,178.2,3,3,4,,8.59,Duplex,No,Yes,Residential,4234985,Yes
4442,P05172,189.9,3,3,15,6,12.79,Duplex,Yes,Yes,Suburban,5578802,No
4443,P00682,189.7,3,3,0,12,2.92,Duplex,No,Yes,Residential,5447792,Yes
4444,P00709,100.1,2,2,7,0,7.14,Apartment,Yes,Yes,Residential,612357,Yes
4445,P07550,130.1,2,1,7,3,0.5,Duplex,Yes,Yes,Downtown,2860065,Yes
4446,P02461,184.3,2,1,3,1,16.25,Villa,No,Yes,Outskirts,2883825,No
4447,P07848,112.5,3,3,4,8,3.59,Apartment,No,No,Residential,3512634,Yes
4448,P02503,163.6,4,3,11,3,12.61,Duplex,Yes,No,Outskirts,3287928,Yes
4449,P01400,118.4,3,2,11,3,4.98,Apartment,No,No,Residential,3193216,Yes
4450,P02989,119.6,2,2,0,3,1.05,Apartment,Yes,No,Downtown,3400967,Yes
4451,P01547,76.2,1,2,14,13,3.58,Apartment,No,Yes,Residential,1865719,No
4452,P06732,130.5,1,1,5,4,11.04,Apartment,Yes,Yes,Suburban,2071457,Yes
4453,P07024,220.4,4,2,2,28,2.14,Villa,Yes,Yes,Residential,4377428,Yes
4454,P06915,50,1,1,8,15,8.66,Apartment,No,Yes,Suburban,593774,Yes
4455,P08991,136.8,2,2,2,10,14.36,Apartment,Yes,No,Outskirts,1677334,No
4456,P05624,168.8,3,2,2,3,11.46,Duplex,No,Yes,Suburban,3867929,No
4457,P05680,73.7,1,2,12,5,8.89,Apartment,Yes,Yes,Residential,1380126,Yes
4458,P06182,,3,3,5,11,5.23,Duplex,No,Yes,Suburban,3977600,Yes
4459,P05494,139.9,3,2,14,12,2.55,Duplex,No,Yes,Residential,3190892,No
4460,P02081,90.1,1,1,6,18,3.95,Apartment,No,No,Residential,1769552,Yes
4461,P06487,57.2,1,2,13,8,0.5,Apartment,Yes,No,Residential,1237422,Yes
4462,P02537,165.1,4,3,1,17,9.82,Duplex,Yes,Yes,Suburban,3469163,No
4463,P02470,157.7,2,2,5,,7.45,Duplex,No,Yes,Residential,2644971,Yes
4464,P02666,86.9,1,1,4,17,16.91,Apartment,No,No,Outskirts,1024261,No
4465,P00874,232.4,4,2,0,11,3.95,Villa,No,No,Residential,4026628,Yes
4466,P00357,,1,2,14,5,9.54,Apartment,No,No,Suburban,1347490,No
4467,P06255,85.1,2,2,5,14,19.79,Apartment,Yes,Yes,Outskirts,1631719,No
4468,P01324,144.1,3,3,11,0,8.47,Apartment,No,Yes,Suburban,1714387,Yes
4469,P08025,124,3,3,1,4,6.48,Apartment,No,Yes,Residential,4497360,No
4470,P04462,96,1,1,8,8,2.72,Apartment,Yes,No,Residential,1516417,Yes
4471,P08424,88.6,1,2,1,40,20.93,Apartment,Yes,Yes,Outskirts,1270473,No
4472,P02535,193.3,3,2,0,5,18.91,Duplex,No,Yes,Outskirts,3133713,No
4473,P01816,146.9,1,2,12,5,14.03,Duplex,No,Yes,Suburban,3370200,Yes
4474,P08702,117.8,1,1,15,36,7.36,Apartment,No,Yes,Suburban,1141141,Yes
4475,P04991,59.2,1,2,11,17,1.25,Apartment,No,No,Downtown,1173378,Yes
4476,P08957,100,2,1,6,14,11.4,Duplex,Yes,Yes,Suburban,1990631,No
4477,P04659,92.5,2,2,15,14,11.9,Apartment,Yes,Yes,Suburban,1837379,No
4478,P08814,71.5,1,2,9,3,22.57,Apartment,No,Yes,Outskirts,813276,No
4479,P08426,90.5,1,1,13,1,8.45,Apartment,Yes,No,Suburban,1351455,Yes
4480,P05260,97.3,2,1,0,2,1.37,Apartment,No,No,Downtown,2400813,Yes
4481,P00400,181.9,3,2,11,0,6.75,Villa,No,No,Residential,5035289,Yes
4482,P00639,67.9,1,2,12,2,6.94,Apartment,Yes,Yes,Suburban,879310,Yes
4483,P02119,177.1,4,3,12,13,0.83,Duplex,No,Yes,Downtown,4591842,Yes
4484,P01262,116.3,1,2,14,5,4.62,Duplex,Yes,Yes,Residential,4641540,No
4485,P08639,97.8,1,1,13,7,10.47,Apartment,No,No,Suburban,1301667,Yes
4486,P02633,116.3,1,1,3,9,24.88,Apartment,No,Yes,Outskirts,950034,Yes
4487,P02945,93.7,1,1,5,27,7.62,Apartment,No,Yes,Residential,1985390,No
4488,P05724,244.7,3,2,6,3,15.25,Villa,No,Yes,Outskirts,4811405,No
4489,P00888,117,3,3,4,19,1.73,Apartment,No,Yes,Downtown,4789752,No
4490,P03140,87,1,2,3,5,3.06,Apartment,No,Yes,Residential,2083119,Yes
4491,P05052,111.7,2,1,13,4,5.37,Apartment,Yes,Yes,Residential,2222616,Yes
4492,P07309,107.4,3,2,14,8,0.57,Duplex,No,No,Downtown,2848827,Yes
4493,P07138,96.4,2,2,0,17,5.67,Apartment,No,No,Residential,2111169,Yes
4494,P00268,152.8,1,1,10,1,0.5,Duplex,No,Yes,Downtown,2938231,Yes
4495,P02882,50,1,2,2,10,1.81,Apartment,No,Yes,Downtown,996680,Yes
4496,P01500,59.6,2,2,0,8,9.63,Apartment,Yes,No,Suburban,907105,No
4497,P01314,,5,4,1,6,0.5,Villa,Yes,No,Downtown,6294928,Yes
4498,P02372,161.3,2,1,2,1,11.4,Villa,Yes,No,Residential,4071955,Yes
4499,P03424,147.5,3,3,0,4,5.24,Villa,No,Yes,Residential,4213716,Yes
4500,P05511,233.3,3,3,14,15,0.5,Villa,No,Yes,Downtown,5213847,Yes
4501,P04973,207.4,2,2,3,4,4.46,Villa,No,Yes,Residential,5460872,Yes
4502,P07690,156.8,3,3,3,19,5.19,Apartment,No,No,Residential,5020025,No
4503,P04839,131.2,1,2,7,,0.98,Duplex,No,Yes,Downtown,5500798,Yes
4504,P04735,61.6,2,1,4,10,15.95,Apartment,No,No,Outskirts,720201,No
4505,P02567,189.3,3,2,14,23,1.71,Duplex,No,Yes,Downtown,6239047,Yes
4506,P05271,224.7,5,3,12,11,18.22,Duplex,No,Yes,Outskirts,3389342,Yes
4507,P03446,95.7,2,2,4,14,4.01,Apartment,No,No,Residential,2094362,No
4508,P00793,141.2,3,3,7,7,6.51,Duplex,No,Yes,Residential,2777962,Yes
4509,P05990,96.9,2,1,9,13,3.78,Apartment,No,Yes,Residential,2924760,No
4510,P02566,77.1,1,2,7,17,6.31,Apartment,Yes,No,Residential,2085502,No
4511,P02835,193.8,4,2,14,4,14.73,Duplex,No,Yes,Suburban,4170125,Yes
4512,P05047,85.1,1,2,0,5,7.98,Apartment,Yes,No,Residential,1159582,Yes
4513,P05868,78.1,1,1,0,7,10.09,Apartment,Yes,No,Suburban,1439770,No
4514,P03807,,3,3,15,25,10.38,Apartment,No,Yes,Suburban,2610249,No
4515,P01696,135.9,1,1,12,3,17.05,Villa,No,Yes,Suburban,3393060,No
4516,P04148,104.9,1,2,4,19,13.07,Apartment,Yes,No,Suburban,2145144,Yes
4517,P06231,195.2,4,2,15,1,11.86,Villa,No,Yes,Outskirts,5132501,No
4518,P05203,130.6,3,2,7,8,0.61,Apartment,No,Yes,Downtown,5466611,Yes
4519,P06977,96.9,2,2,0,7,17.31,Apartment,No,No,Outskirts,866447,No
4520,P07092,207.8,4,2,3,5,11.71,Duplex,No,Yes,Suburban,3251076,Yes
4521,P01779,50,1,2,11,4,2.66,Apartment,Yes,No,Residential,1440498,Yes
4522,P02056,57.2,1,2,8,,2.74,Apartment,Yes,Yes,Residential,1669366,No
4523,P06909,66.9,2,2,10,40,18.8,Apartment,Yes,Yes,Outskirts,872612,No
4524,P02197,85.9,1,2,2,,2.87,Apartment,No,Yes,Downtown,3552759,Yes
4525,P08776,212.5,2,1,0,15,1.27,Villa,No,No,Downtown,4917261,Yes
4526,P03188,142.2,2,1,3,34,21.39,Apartment,No,No,Outskirts,1607847,No
4527,P01628,192.3,3,3,9,25,0.67,Duplex,No,Yes,Downtown,4180742,Yes
4528,P01332,143.8,1,2,15,36,4.27,Duplex,No,Yes,Residential,4105488,Yes
4529,P02227,195.9,3,3,11,4,11.11,Villa,No,Yes,Suburban,5381185,No
4530,P07296,137.5,3,3,0,30,15.85,Apartment,No,No,Outskirts,1572336,No
4531,P08114,86.1,1,1,7,20,10.31,Apartment,Yes,Yes,Suburban,1428476,No
4532,P04493,139.2,3,3,12,10,12.8,Duplex,No,Yes,Outskirts,2387295,Yes
4533,P00279,155.8,2,2,4,4,10.49,Duplex,No,No,Outskirts,2659746,No
4534,P05588,224.1,3,3,1,15,0.5,Villa,No,No,Residential,5696138,No
4535,P04147,106.3,3,2,11,0,1.57,Apartment,No,Yes,Downtown,3477960,Yes
4536,P05793,62,1,2,6,15,1.28,Apartment,Yes,No,Downtown,2256761,No
4537,P04519,139.8,3,2,2,3,13.93,Duplex,No,Yes,Suburban,3664856,Yes
4538,P05903,158.1,3,2,12,,1.84,Duplex,Yes,No,Downtown,2201203,Yes
4539,P01729,140,3,3,8,,0.5,Apartment,No,Yes,Downtown,2556231,Yes
4540,P00662,263.4,3,3,3,40,16.71,Villa,No,Yes,Outskirts,5605301,No
4541,P08618,123.2,3,2,15,5,6.31,Apartment,No,No,Suburban,2284026,No
4542,P06369,103.8,2,1,7,19,11.82,Apartment,No,Yes,Suburban,2320530,No
4543,P04159,210.4,3,3,4,2,2.03,Duplex,Yes,No,Residential,3373371,Yes
4544,P00435,199.9,2,2,15,3,0.77,Villa,No,Yes,Downtown,5972160,Yes
4545,P01272,,2,2,6,26,3.4,Apartment,No,No,Residential,2148988,Yes
4546,P00078,142.4,2,2,15,10,14.13,Apartment,Yes,No,Suburban,2681493,No
4547,P08296,221.2,5,3,1,10,2.07,Villa,Yes,No,Residential,6409750,Yes
4548,P01257,98,2,1,2,17,14.69,Apartment,No,Yes,Suburban,920289,No
4549,P01047,178.4,4,2,15,2,0.5,Duplex,Yes,Yes,Downtown,4388307,Yes
4550,P02939,154.5,2,1,2,19,2.28,Duplex,Yes,Yes,Residential,2949863,Yes
4551,P02744,227.5,5,3,12,21,13.03,Duplex,Yes,Yes,Suburban,5313703,Yes
4552,P05565,116,2,2,13,2,13.19,Apartment,No,Yes,Outskirts,1071674,No
4553,P03785,139,1,2,10,12,10.11,Duplex,No,Yes,Suburban,2314756,Yes
4554,P06670,100.9,1,1,8,2,11.88,Apartment,No,Yes,Outskirts,989621,No
4555,P00547,50,1,1,1,6,5.15,Apartment,No,Yes,Residential,1611384,Yes
4556,P05683,137.3,2,2,15,11,0.79,Duplex,No,No,Downtown,5935766,Yes
4557,P03832,61.7,1,2,4,13,8.26,Apartment,Yes,No,Suburban,1050831,Yes
4558,P03916,123.7,3,3,7,11,8.25,Apartment,Yes,Yes,Residential,3235257,Yes
4559,P07335,207.3,4,2,2,7,3.85,Duplex,Yes,No,Residential,4464258,Yes
4560,P04008,110.2,3,2,5,7,0.5,Apartment,Yes,No,Downtown,3877610,Yes
4561,P01125,144.2,3,2,8,10,5.87,Apartment,Yes,Yes,Residential,4422034,Yes
4562,P06484,133.8,2,1,10,12,6.94,Apartment,No,Yes,Suburban,2384051,Yes
4563,P00768,160.2,3,3,0,35,0.86,Duplex,No,Yes,Downtown,4452911,Yes
4564,P01175,104.9,1,2,13,12,10.69,Apartment,No,No,Suburban,1425374,No
4565,P07814,188.6,3,2,3,7,3.8,Villa,No,Yes,Residential,6483570,Yes
4566,P07438,84.5,1,1,1,3,7.96,Duplex,Yes,No,Residential,2414743,Yes
4567,P07023,125.8,3,2,3,27,8.7,Apartment,No,Yes,Residential,1561609,Yes
4568,P00263,214.9,2,2,13,17,3.12,Duplex,No,No,Residential,5844858,Yes
4569,P01020,182.9,4,3,5,40,1.71,Duplex,No,Yes,Residential,3176619,No
4570,P03875,107.5,2,2,8,13,16.71,Apartment,No,Yes,Outskirts,1306531,No
4571,P01013,136.9,2,2,15,3,5.77,Apartment,No,No,Residential,3208671,No
4572,P00737,137.8,2,2,2,12,4.84,Apartment,No,No,Residential,2893041,No
4573,P02241,145.1,2,1,1,5,3.16,Villa,No,Yes,Residential,5372416,Yes
4574,P04609,,2,2,3,27,0.5,Villa,Yes,Yes,Downtown,5000291,No
4575,P04693,126.8,1,2,12,5,12.12,Duplex,Yes,Yes,Suburban,2201254,Yes
4576,P04741,50,1,1,0,40,5.66,Apartment,Yes,Yes,Residential,365430,Yes
4577,P04457,64.3,1,2,14,10,1.23,Apartment,No,No,Downtown,1317670,Yes
4578,P03869,70,1,2,8,40,7.68,Apartment,No,No,Suburban,1281679,No
4579,P03110,93.5,1,1,2,15,14.38,Apartment,Yes,Yes,Outskirts,1778097,No
4580,P06331,117.8,3,2,10,14,4.71,Duplex,No,Yes,Residential,2966615,No
4581,P03007,156.5,1,2,0,0,15.47,Duplex,No,No,Suburban,2632583,Yes
4582,P05422,158.8,3,2,4,3,2.84,Duplex,No,Yes,Residential,4303037,Yes
4583,P02911,133,2,2,6,7,8.91,Apartment,No,No,Suburban,2256680,No
4584,P04558,147.8,3,3,5,40,10.91,Duplex,No,Yes,Suburban,3398728,No
4585,P03121,66.8,1,1,2,3,0.5,Apartment,Yes,Yes,Downtown,1216302,Yes
4586,P07067,214.8,3,2,1,5,13.32,Duplex,No,Yes,Suburban,2813958,Yes
4587,P05481,50,2,1,5,13,2.06,Apartment,No,No,Downtown,1450434,Yes
4588,P01506,82.7,1,2,11,11,13.04,Apartment,Yes,No,Suburban,1104920,No
4589,P05916,100,1,2,5,5,5.5,Apartment,No,No,Suburban,2146864,Yes
4590,P03241,,2,1,10,,22.06,Apartment,No,Yes,Outskirts,2275696,No
4591,P04520,162.5,4,2,14,12,6.63,Apartment,No,Yes,Residential,4374621,Yes
4592,P04236,217.1,5,4,8,3,0.5,Villa,No,Yes,Downtown,8071132,Yes
4593,P00415,118.2,3,3,2,6,0.53,Apartment,No,No,Downtown,2491369,Yes
4594,P05566,129,2,1,3,8,7.3,Apartment,No,Yes,Residential,1947234,Yes
4595,P07874,174.4,2,2,0,2,2.65,Duplex,No,Yes,Downtown,5474207,Yes
4596,P01424,69.1,1,1,5,4,5.73,Apartment,No,No,Residential,1653428,Yes
4597,P04883,78.9,1,2,4,2,7.58,Apartment,Yes,Yes,Suburban,1919964,No
4598,P04966,158.7,3,2,0,24,0.5,Duplex,No,Yes,Downtown,2854147,Yes
4599,P06441,149.9,1,2,2,2,2.09,Duplex,No,Yes,Residential,2232050,Yes
4600,P02300,127.7,2,1,15,4,9.4,Apartment,Yes,Yes,Suburban,1286128,Yes
4601,P07185,104.3,1,2,9,,0.99,Apartment,No,No,Downtown,3396472,Yes
4602,P04658,91.7,1,2,12,7,1.43,Apartment,No,No,Downtown,2684996,Yes
4603,P02509,121.1,2,2,9,32,6.18,Apartment,No,Yes,Suburban,1870144,No
4604,P00157,135.1,2,1,7,2,0.54,Duplex,No,No,Residential,3037220,Yes
4605,P06810,118.5,3,3,1,10,9.83,Duplex,Yes,Yes,Suburban,3080501,No
4606,P08977,97,1,1,8,15,0.5,Apartment,No,No,Downtown,3333410,No
4607,P05394,152,3,2,1,6,5.69,Duplex,No,Yes,Residential,4481602,No
4608,P02541,136.5,2,1,6,18,13.53,Duplex,No,No,Suburban,2276053,No
4609,P00670,92.9,1,1,1,28,8.26,Apartment,No,Yes,Residential,2115757,No
4610,P01023,,6,4,0,6,10.37,Villa,No,Yes,Outskirts,7087410,Yes
4611,P05298,124.6,1,1,12,35,4.17,Apartment,No,No,Residential,2053050,No
4612,P08384,123.6,3,3,11,24,3.82,Duplex,No,Yes,Residential,3890530,Yes
4613,P02321,76.3,1,1,7,35,1.88,Apartment,Yes,Yes,Downtown,1892976,Yes
4614,P01653,113.7,3,2,9,12,1.55,Duplex,No,Yes,Residential,3888527,Yes
4615,P00884,115.2,1,2,1,15,10.8,Duplex,Yes,Yes,Residential,966535,No
4616,P07927,162.6,3,2,5,18,1.49,Duplex,Yes,No,Downtown,2333589,Yes
4617,P04104,120.8,1,1,12,40,5,Apartment,Yes,No,Residential,1994602,Yes
4618,P08050,164.9,4,3,5,6,5.75,Duplex,Yes,Yes,Suburban,3034140,Yes
4619,P00669,,1,2,4,3,4.3,Apartment,No,No,Residential,1879011,No
4620,P08532,77.7,1,2,15,16,0.5,Apartment,No,No,Downtown,1637269,Yes
4621,P02609,218.3,5,3,0,4,7.74,Villa,Yes,Yes,Suburban,5311547,Yes
4622,P06926,191.1,3,3,2,1,1.46,Duplex,No,Yes,Downtown,5473977,Yes
4623,P01910,133.5,1,2,6,8,25,Apartment,No,No,Outskirts,2068848,No
4624,P05510,78.7,1,1,0,36,12.09,Apartment,No,Yes,Suburban,941190,No
4625,P04929,289.8,4,3,3,4,13.38,Villa,Yes,Yes,Suburban,3565195,Yes
4626,P05446,133.3,3,3,4,40,6.07,Villa,Yes,Yes,Residential,3414766,Yes
4627,P04172,150.5,3,2,2,34,9.36,Apartment,No,No,Suburban,2356438,Yes
4628,P02450,215.3,4,2,1,18,11.51,Villa,Yes,Yes,Suburban,2866503,Yes
4629,P03055,84.4,2,2,10,4,14.31,Apartment,No,Yes,Suburban,1415936,Yes
4630,P06579,99,1,2,15,10,16.24,Apartment,No,Yes,Outskirts,1148062,No
4631,P01494,100.7,1,1,11,3,9.55,Apartment,Yes,No,Suburban,2014918,Yes
4632,P01737,83.7,1,1,14,3,15.54,Apartment,Yes,Yes,Outskirts,876188,No
4633,P01880,110.3,3,2,13,15,14.86,Apartment,No,Yes,Suburban,2479136,No
4634,P00599,82.1,2,2,8,8,19.74,Apartment,Yes,Yes,Outskirts,1423515,No
4635,P08758,297.6,5,4,0,20,0.5,Villa,No,Yes,Downtown,10826498,Yes
4636,P01259,185.7,2,2,14,6,8.36,Duplex,No,Yes,Suburban,3630660,Yes
4637,P07083,161.6,4,3,14,14,9.26,Duplex,No,No,Suburban,4218078,Yes
4638,P03306,98.1,1,2,1,4,2.39,Apartment,Yes,No,Downtown,2090391,Yes
4639,P08499,147.2,3,3,14,23,11.48,Duplex,No,Yes,Suburban,2768410,No
4640,P05246,86.1,1,1,5,10,4.86,Apartment,No,Yes,Suburban,1370501,No
4641,P05890,,1,2,3,2,0.5,Apartment,No,Yes,Downtown,1717157,Yes
4642,P06084,230.6,4,2,1,20,0.5,Villa,Yes,Yes,Downtown,6673252,Yes
4643,P00790,111.6,1,1,8,17,15.67,Apartment,Yes,Yes,Suburban,1881297,No
4644,P02881,215.9,3,2,2,6,0.77,Duplex,No,Yes,Downtown,5144534,Yes
4645,P08201,,1,1,13,13,0.5,Apartment,Yes,Yes,Downtown,1909628,Yes
4646,P00295,175.8,2,1,5,2,16.23,Duplex,Yes,Yes,Outskirts,2519656,Yes
4647,P02958,136.3,3,2,15,8,0.5,Apartment,No,Yes,Downtown,4026660,Yes
4648,P07306,137.9,2,2,5,8,0.93,Apartment,No,No,Residential,3726578,Yes
4649,P06552,169.5,4,2,3,,4.24,Duplex,No,Yes,Residential,3073787,Yes
4650,P05985,191,4,2,4,1,9.61,Duplex,No,Yes,Suburban,4835698,Yes
4651,P07805,156.1,3,3,2,7,6.65,Duplex,Yes,Yes,Residential,4208100,Yes
4652,P05950,129.6,1,2,12,2,3.44,Duplex,No,Yes,Suburban,2406466,No
4653,P03174,155.2,1,2,4,8,16.42,Duplex,No,Yes,Outskirts,2305285,No
4654,P07028,195.1,2,2,14,6,5.19,Duplex,No,No,Residential,3908964,Yes
4655,P04880,101.7,1,2,3,9,2.9,Apartment,Yes,No,Residential,2673940,Yes
4656,P03085,59.1,2,1,3,5,14.06,Apartment,No,No,Suburban,905170,No
4657,P03829,145.7,3,2,5,6,18.87,Duplex,Yes,Yes,Outskirts,2002342,No
4658,P00945,134.1,3,2,11,17,4.73,Apartment,Yes,No,Residential,2165532,Yes
4659,P08266,290,6,4,4,5,19.63,Villa,No,Yes,Outskirts,2832983,No
4660,P06351,105.1,3,3,10,2,7.14,Apartment,Yes,Yes,Suburban,2219800,Yes
4661,P01146,104,1,1,2,24,5.36,Apartment,No,No,Residential,2424480,Yes
4662,P08460,117.4,2,2,10,2,10.09,Apartment,No,No,Suburban,2229878,No
4663,P06170,152.8,2,2,5,21,8.98,Duplex,No,Yes,Suburban,2680645,Yes
4664,P00003,120.5,2,1,12,4,22.56,Apartment,No,Yes,Outskirts,1390190,No
4665,P05018,104.3,1,2,10,20,3.91,Apartment,No,No,Residential,2144086,No
4666,P05012,155.2,2,1,4,3,10.97,Apartment,Yes,Yes,Suburban,1764487,No
4667,P08438,50,2,1,0,,14.98,Apartment,Yes,No,Suburban,1026564,No
4668,P02534,195.7,4,3,1,21,2.77,Duplex,No,Yes,Downtown,6335256,No
4669,P04706,199.4,4,2,0,29,0.95,Villa,No,No,Residential,5839022,Yes
4670,P00654,192.3,3,3,13,2,2.44,Duplex,No,No,Residential,5816597,Yes
4671,P05605,148.3,2,2,1,18,13.08,Duplex,Yes,Yes,Suburban,1531066,Yes
4672,P05971,130.2,3,2,3,3,7.33,Apartment,No,No,Residential,3001622,Yes
4673,P06301,282.9,6,4,1,5,6.84,Villa,No,Yes,Residential,7783277,Yes
4674,P08881,153.8,1,1,1,4,11.26,Villa,Yes,Yes,Suburban,4207929,No
4675,P06124,,2,2,7,23,7.02,Duplex,Yes,Yes,Residential,4253173,Yes
4676,P00745,78.2,2,2,2,0,10.39,Apartment,No,No,Suburban,1424682,Yes
4677,P06238,263.4,5,3,8,22,7.2,Villa,No,Yes,Suburban,5963146,No
4678,P04356,121.7,1,1,3,10,14.77,Apartment,No,No,Suburban,2109667,No
4679,P02590,86.5,2,2,2,7,8,Apartment,Yes,Yes,Residential,2591593,No
4680,P04630,241.2,5,4,14,40,4.02,Villa,No,Yes,Residential,6965520,Yes
4681,P05015,226.2,4,3,12,20,1.7,Villa,No,Yes,Downtown,8254155,No
4682,P02617,61.2,1,2,7,40,0.5,Apartment,No,Yes,Downtown,1034374,Yes
4683,P00634,249.6,3,3,3,9,6.5,Villa,Yes,Yes,Residential,5915019,Yes
4684,P06985,106.5,3,3,5,4,3.28,Apartment,No,No,Residential,3033006,No
4685,P02969,258.7,3,2,3,4,10.38,Villa,Yes,Yes,Suburban,8264991,No
4686,P03505,,2,1,8,5,11.42,Duplex,No,No,Suburban,1364690,No
4687,P07534,87.5,1,2,8,7,1.3,Apartment,No,No,Downtown,3052722,Yes
4688,P00591,66.3,1,1,1,3,21.91,Apartment,No,No,Outskirts,1021476,No
4689,P07215,82.1,2,1,10,10,19.28,Apartment,No,No,Outskirts,433643,Yes
4690,P04920,119,3,2,8,3,7.03,Apartment,Yes,No,Residential,3117911,Yes
4691,P00887,152.4,1,1,15,1,5.85,Duplex,No,No,Residential,2531064,Yes
4692,P03691,,3,2,4,23,1.44,Villa,Yes,Yes,Downtown,5899071,Yes
4693,P04083,51.9,1,2,8,9,16.45,Apartment,No,No,Suburban,537755,No
4694,P08020,168.2,3,3,9,3,14.62,Duplex,Yes,Yes,Suburban,1490909,Yes
4695,P03999,89.9,2,1,4,4,5.32,Apartment,No,No,Residential,1253067,Yes
4696,P04592,103.2,2,1,4,3,0.61,Duplex,No,Yes,Residential,2355038,Yes
4697,P03049,105.9,3,2,8,9,11.86,Apartment,Yes,Yes,Outskirts,1590404,No
4698,P08285,137.8,3,2,1,36,0.5,Duplex,No,No,Downtown,3371190,Yes
4699,P00363,53.7,2,2,11,27,0.5,Apartment,No,Yes,Downtown,1883764,No
4700,P02028,99.7,1,2,12,1,2.88,Apartment,Yes,No,Residential,2261838,Yes
4701,P06984,81.8,2,2,3,17,8.35,Apartment,Yes,Yes,Suburban,1234799,Yes
4702,P00829,178,3,3,8,28,11.77,Duplex,Yes,No,Outskirts,1014146,Yes
4703,P08907,94.5,1,2,5,15,7.1,Apartment,No,Yes,Residential,2027934,Yes
4704,P00644,157.8,1,2,15,35,3.04,Apartment,No,No,Residential,3013130,Yes
4705,P08576,144,1,1,13,33,12.92,Duplex,Yes,Yes,Suburban,3643739,No
4706,P05465,84.6,2,2,15,4,1.23,Apartment,No,No,Downtown,1997711,Yes
4707,P04764,91.8,1,1,6,1,7.61,Apartment,Yes,No,Suburban,1383867,Yes
4708,P01017,125.6,2,2,6,,9.66,Apartment,Yes,No,Suburban,3207681,No
4709,P00663,97.5,2,2,10,23,3.08,Apartment,No,Yes,Downtown,3671773,No
4710,P02083,195.7,3,2,15,1,10.25,Duplex,No,Yes,Suburban,3415661,Yes
4711,P02168,224.4,3,2,8,24,5.1,Villa,Yes,Yes,Residential,7949909,No
4712,P00071,110.6,2,2,13,7,8.06,Apartment,No,No,Residential,2209294,Yes
4713,P08524,211.9,2,2,7,3,7.79,Duplex,Yes,Yes,Residential,3209669,Yes
4714,P06507,142.9,3,2,5,37,13.67,Duplex,No,Yes,Outskirts,2298805,No
4715,P02627,125.3,2,2,1,40,4.12,Apartment,No,Yes,Suburban,2001621,Yes
4716,P08509,158.1,1,1,0,35,20.7,Duplex,No,Yes,Outskirts,2779912,No
4717,P03197,161.1,3,3,14,2,12.07,Duplex,Yes,Yes,Suburban,4650454,Yes
4718,P05611,97.9,2,2,12,14,2.47,Apartment,Yes,Yes,Downtown,1610097,Yes
4719,P02638,,1,1,5,16,6.4,Duplex,Yes,Yes,Residential,2959119,Yes
4720,P02222,146.7,3,3,3,28,6.96,Duplex,Yes,Yes,Residential,1705483,Yes
4721,P07887,57.6,1,1,3,2,4.58,Apartment,No,Yes,Residential,1177526,Yes
4722,P07741,238.1,3,3,15,29,13.8,Duplex,No,Yes,Suburban,4816619,No
4723,P07908,50,1,1,11,2,18.31,Apartment,No,No,Outskirts,491686,No
4724,P05871,73.3,1,1,11,0,12.57,Apartment,Yes,Yes,Suburban,1593024,No
4725,P02896,149.1,2,2,13,11,0.5,Duplex,No,Yes,Downtown,2223375,Yes
4726,P04059,207.1,4,3,4,28,5.66,Duplex,Yes,Yes,Residential,4554699,Yes
4727,P08925,170.4,4,2,5,14,7.25,Villa,No,Yes,Residential,3037367,Yes
4728,P06853,87.8,1,2,1,29,6.37,Apartment,No,Yes,Suburban,1421483,No
4729,P07135,77.5,1,1,7,2,4.73,Apartment,No,No,Residential,2052431,No
4730,P07423,128.6,2,1,7,10,8.24,Duplex,No,Yes,Residential,2521132,Yes
4731,P03413,105.3,2,1,1,10,17.3,Apartment,Yes,No,Suburban,1672071,No
4732,P07612,51.9,1,1,11,14,5.74,Apartment,No,Yes,Suburban,1378998,No
4733,P00010,206,2,2,1,40,4.3,Duplex,No,Yes,Residential,3319372,No
4734,P08109,89.2,1,1,13,28,10.02,Apartment,No,No,Suburban,1229875,No
4735,P05670,118.2,3,2,1,33,18.57,Apartment,No,Yes,Outskirts,1846819,Yes
4736,P02454,125.4,2,1,2,15,9.97,Apartment,Yes,Yes,Suburban,2826464,No
4737,P03066,183.3,4,2,3,2,5.02,Villa,No,Yes,Residential,4612088,Yes
4738,P05452,123.3,2,2,10,10,16.37,Apartment,Yes,Yes,Suburban,2239961,No
4739,P07385,102,1,2,7,15,1.32,Apartment,No,Yes,Downtown,3020060,Yes
4740,P07095,94.2,1,2,10,40,10.99,Apartment,Yes,No,Suburban,945784,Yes
4741,P06948,112.3,1,2,12,20,10.35,Apartment,No,No,Suburban,1519707,No
4742,P08952,141.4,3,3,8,28,12.06,Apartment,Yes,Yes,Suburban,2436814,Yes
4743,P08783,100.3,1,1,15,2,16.16,Duplex,Yes,Yes,Outskirts,1607585,No
4744,P08614,106.3,1,2,13,2,0.71,Apartment,Yes,No,Downtown,2655824,Yes
4745,P07822,59.6,2,1,7,27,2.75,Apartment,No,No,Suburban,787549,No
4746,P04245,144,1,1,2,10,11.96,Duplex,Yes,Yes,Suburban,4404280,No
4747,P06850,50,1,2,9,9,18.08,Apartment,Yes,Yes,Outskirts,409982,No
4748,P02731,50,1,1,14,23,0.99,Apartment,Yes,Yes,Downtown,1286706,Yes
4749,P07990,104.7,1,2,3,2,18.62,Apartment,No,Yes,Outskirts,1435548,No
4750,P07810,224.4,4,2,1,9,0.5,Villa,No,Yes,Downtown,7362523,Yes
4751,P04127,,3,3,0,5,9.65,Apartment,Yes,Yes,Suburban,2836674,No
4752,P05766,116,1,2,0,16,5.13,Apartment,Yes,Yes,Residential,3152914,Yes
4753,P00285,88.1,2,2,7,2,8.98,Apartment,Yes,No,Suburban,2918751,No
4754,P03418,98.2,2,2,13,18,10.4,Apartment,No,No,Suburban,1260999,No
4755,P02037,110.7,2,1,3,37,22.77,Apartment,No,Yes,Outskirts,1110481,No
4756,P00821,85.9,1,2,7,1,0.5,Apartment,No,No,Downtown,1235045,Yes
4757,P08664,119.7,1,1,10,40,11,Apartment,No,Yes,Outskirts,1463370,No
4758,P05455,115.7,1,2,12,19,17.21,Apartment,No,No,Outskirts,1402056,No
4759,P03877,141.6,1,2,2,0,0.5,Apartment,No,Yes,Downtown,4454677,Yes
4760,P04798,150.9,2,1,11,5,7.27,Duplex,No,Yes,Residential,3120218,Yes
4761,P07172,114.2,1,1,8,34,3.38,Apartment,No,Yes,Suburban,1155779,Yes
4762,P00525,95.2,1,2,9,7,1.73,Apartment,Yes,Yes,Downtown,2859224,Yes
4763,P00892,86.9,1,2,6,2,17.59,Apartment,No,Yes,Outskirts,824075,No
4764,P08097,81.1,2,1,12,40,2.11,Apartment,Yes,Yes,Downtown,2689113,No
4765,P05506,103.8,1,2,5,7,3.41,Apartment,No,Yes,Residential,1506300,Yes
4766,P04671,92.8,1,2,2,9,2.47,Apartment,Yes,No,Downtown,2780498,Yes
4767,P05548,99,2,2,0,11,14.9,Apartment,No,No,Suburban,1220296,Yes
4768,P08350,70.3,2,1,14,5,1.17,Apartment,No,No,Downtown,1174625,Yes
4769,P07616,77.1,2,2,7,5,25,Apartment,Yes,Yes,Outskirts,930349,No
4770,P02943,135.5,3,2,13,4,15.34,Apartment,Yes,Yes,Outskirts,2140693,Yes
4771,P00499,,1,2,15,13,6.53,Villa,No,Yes,Residential,3496653,Yes
4772,P02547,107,1,2,4,4,13.59,Apartment,No,Yes,Outskirts,1406278,Yes
4773,P02783,187,3,3,2,33,7.55,Duplex,No,No,Suburban,4245125,Yes
4774,P05220,100,2,1,4,29,0.58,Apartment,No,Yes,Downtown,1435291,Yes
4775,P04247,,2,2,12,36,10.24,Apartment,Yes,No,Outskirts,1078424,No
4776,P00380,111.6,3,3,13,19,14.23,Apartment,Yes,Yes,Suburban,2377263,No
4777,P02581,243.1,4,3,11,7,0.5,Duplex,No,No,Downtown,7098683,Yes
4778,P06088,109.8,1,1,6,5,4.03,Apartment,No,Yes,Residential,1550296,Yes
4779,P00191,126.5,3,2,15,7,20.08,Apartment,No,No,Outskirts,1427569,No
4780,P01721,235.3,4,3,3,10,0.5,Duplex,Yes,No,Downtown,8022843,No
4781,P05368,,1,1,0,1,10.62,Apartment,No,No,Suburban,1544660,Yes
4782,P00021,183.7,3,2,3,14,9.17,Villa,No,Yes,Suburban,4781901,Yes
4783,P08934,139.7,3,3,4,10,16.15,Duplex,Yes,No,Outskirts,3144827,No
4784,P05196,209.8,4,2,8,8,12.36,Villa,Yes,Yes,Outskirts,4085833,No
4785,P03889,110.6,2,1,13,20,12.86,Apartment,No,Yes,Outskirts,474251,Yes
4786,P02867,129.5,2,2,11,25,5.09,Apartment,Yes,Yes,Residential,2590425,Yes
4787,P02047,86.5,1,2,10,10,3.98,Apartment,No,Yes,Residential,1186654,Yes
4788,P07149,185.3,2,1,10,10,17.49,Duplex,Yes,Yes,Suburban,3217349,Yes
4789,P08112,62.1,1,2,3,27,4.86,Apartment,No,No,Residential,2043897,Yes
4790,P06024,212.9,2,2,9,3,22.31,Villa,No,Yes,Outskirts,3153630,Yes
4791,P06904,95.4,1,2,11,3,8.98,Duplex,No,Yes,Residential,1014874,Yes
4792,P07398,75.2,1,1,7,0,4.3,Apartment,Yes,Yes,Residential,1067390,Yes
4793,P08126,241.1,5,4,0,17,7.85,Villa,No,No,Residential,4828536,No
4794,P06856,300,4,3,10,5,9.2,Villa,No,Yes,Residential,8906290,Yes
4795,P00190,82.1,1,1,2,12,3.81,Apartment,No,Yes,Residential,1660321,Yes
4796,P06942,95,2,1,2,6,5.38,Apartment,No,Yes,Residential,1528472,Yes
4797,P00151,150.1,2,1,8,40,6.65,Duplex,No,Yes,Outskirts,1729658,No
4798,P08562,182,4,3,1,7,3.66,Duplex,Yes,Yes,Residential,5456658,Yes
4799,P00023,184.1,4,3,11,1,19.9,Duplex,Yes,Yes,Outskirts,3524952,Yes
4800,P07714,162.5,4,3,1,26,4.75,Duplex,No,Yes,Residential,4506784,No
4801,P08906,210,3,2,8,1,5.81,Duplex,Yes,Yes,Residential,3205354,Yes
4802,P05267,180.8,3,2,0,3,8.28,Duplex,No,Yes,Residential,3201583,Yes
4803,P05933,50,2,2,15,3,6.72,Apartment,No,No,Residential,1241288,No
4804,P07416,267.3,5,4,1,0,25,Villa,No,No,Outskirts,3413477,Yes
4805,P02356,,1,2,6,16,8.35,Apartment,No,No,Suburban,1543266,No
4806,P05895,116.9,3,2,13,18,1.24,Apartment,No,No,Downtown,2526587,Yes
4807,P05534,76,2,1,11,3,4.01,Apartment,No,No,Residential,2156553,No
4808,P01383,187.3,2,1,2,,9.44,Villa,Yes,No,Suburban,4928367,No
4809,P01808,189,3,2,10,26,4.69,Duplex,No,Yes,Residential,4876816,Yes
4810,P02799,172.5,2,1,8,9,15.86,Duplex,No,No,Suburban,2910682,No
4811,P00551,193,3,3,11,4,2.77,Duplex,No,Yes,Residential,5218427,Yes
4812,P07080,178.7,2,2,1,3,22.93,Duplex,No,No,Outskirts,2961767,No
4813,P02707,65.2,2,2,7,11,17.72,Apartment,No,No,Outskirts,392034,No
4814,P04899,114.9,1,1,15,1,22.4,Apartment,Yes,Yes,Outskirts,1285107,No
4815,P08312,50,2,2,5,10,4.09,Apartment,No,Yes,Residential,1034572,Yes
4816,P08599,112.5,2,1,4,13,3.1,Duplex,Yes,Yes,Residential,3769503,Yes
4817,P06713,160,3,2,8,15,5.86,Duplex,Yes,Yes,Residential,5141054,Yes
4818,P02818,117.7,1,1,5,1,7.22,Duplex,No,Yes,Suburban,1888254,Yes
4819,P06738,267.3,4,2,9,0,11.52,Villa,No,No,Suburban,5576099,Yes
4820,P06051,103,1,2,10,20,5,Apartment,No,Yes,Residential,774992,No
4821,P06589,112.8,1,1,11,1,22.61,Apartment,No,No,Outskirts,1486808,No
4822,P08564,62.9,1,2,6,4,6.76,Apartment,No,Yes,Residential,2017383,Yes
4823,P08398,166.8,2,1,9,11,12.32,Duplex,Yes,Yes,Suburban,2849121,Yes
4824,P02104,159,3,3,5,0,25,Duplex,No,No,Outskirts,2167502,No
4825,P04437,80.1,1,1,5,0,9.73,Apartment,Yes,Yes,Outskirts,1202532,Yes
4826,P02415,217.6,4,3,0,16,5.12,Villa,No,Yes,Residential,4377728,Yes
4827,P02830,56,1,2,13,2,11.23,Apartment,No,No,Suburban,1202115,No
4828,P07723,150.5,3,3,15,10,1.28,Duplex,No,No,Downtown,6173951,No
4829,P04517,225.3,5,3,9,6,6.54,Villa,No,Yes,Residential,5634440,Yes
4830,P03516,238.1,3,2,8,1,16.93,Villa,No,Yes,Suburban,5243845,No
4831,P02390,231.1,4,3,1,21,0.78,Villa,Yes,Yes,Downtown,6299704,Yes
4832,P06046,74.8,2,2,2,11,7.78,Apartment,Yes,No,Residential,2098809,No
4833,P05951,73.2,2,1,15,24,5.65,Apartment,No,Yes,Residential,1374331,Yes
4834,P00865,144.1,1,2,0,15,3.25,Villa,Yes,Yes,Downtown,1935879,Yes
4835,P01869,187.8,3,3,2,17,12.76,Villa,No,Yes,Suburban,2931809,Yes
4836,P04085,125,2,1,11,22,6.98,Apartment,No,Yes,Suburban,975320,Yes
4837,P00504,96.6,1,1,8,1,5.28,Apartment,No,No,Suburban,1889322,No
4838,P03442,96,2,2,9,7,1.99,Apartment,Yes,No,Downtown,2819464,No
4839,P03805,135.5,3,3,3,2,0.84,Apartment,No,Yes,Downtown,3356030,Yes
4840,P00770,100.7,2,1,9,6,1.82,Apartment,No,Yes,Suburban,1683179,No
4841,P00885,90.3,1,2,4,3,2.27,Apartment,No,Yes,Downtown,3284963,Yes
4842,P08916,81.3,1,1,4,7,5.54,Apartment,Yes,Yes,Residential,1350350,Yes
4843,P08250,91.5,2,2,8,4,0.5,Apartment,No,No,Downtown,2990353,Yes
4844,P07543,80.2,1,1,8,,12.25,Apartment,Yes,No,Suburban,1318265,Yes
4845,P02527,153.3,2,2,11,9,6.62,Duplex,No,Yes,Outskirts,2034707,No
4846,P08788,158.5,2,1,1,24,15.07,Villa,No,No,Suburban,1896320,Yes
4847,P07411,62.4,2,2,9,15,13.06,Apartment,Yes,Yes,Suburban,830574,No
4848,P04006,165.5,4,2,1,3,1.34,Duplex,No,Yes,Downtown,4202806,Yes
4849,P01287,205.9,3,2,7,20,8.46,Duplex,No,Yes,Residential,6623517,Yes
4850,P06855,55.4,1,1,14,4,0.91,Apartment,No,Yes,Downtown,2406208,No
4851,P03594,300,5,3,1,6,0.5,Villa,No,Yes,Downtown,11942496,Yes
4852,P00711,134.6,3,3,4,0,8.91,Duplex,Yes,No,Outskirts,3283102,No
4853,P02341,131.9,3,3,13,6,0.5,Apartment,No,No,Downtown,2806951,Yes
4854,P01867,268.2,4,2,3,19,20.41,Villa,No,Yes,Outskirts,3727020,No
4855,P00099,179.7,3,3,10,18,2.76,Villa,No,Yes,Downtown,2705388,Yes
4856,P08303,231,5,3,11,2,8.56,Duplex,No,Yes,Residential,6310332,Yes
4857,P01983,222.4,4,3,11,3,24.73,Duplex,No,No,Outskirts,4310830,No
4858,P07653,167.4,2,1,3,3,10.86,Apartment,No,No,Suburban,1793839,Yes
4859,P04354,55.2,1,1,1,5,0.71,Apartment,No,No,Downtown,1118559,Yes
4860,P02596,50,1,2,0,3,13.76,Apartment,Yes,Yes,Outskirts,657592,No
4861,P05288,176.6,4,3,2,10,6.05,Duplex,No,No,Suburban,5446912,No
4862,P01251,113,2,2,2,9,2.25,Duplex,No,Yes,Downtown,4673694,No
4863,P04674,57.3,1,2,6,,5.47,Apartment,No,No,Residential,1695348,Yes
4864,P01466,,1,1,0,32,12.33,Apartment,Yes,No,Suburban,920557,Yes
4865,P06910,111.5,3,2,5,18,5.88,Duplex,No,Yes,Residential,2020852,Yes
4866,P08697,238,5,4,12,3,0.79,Villa,Yes,Yes,Downtown,4827301,Yes
4867,P01399,151.3,3,2,8,3,10.72,Duplex,No,Yes,Suburban,3203290,Yes
4868,P04767,171.4,2,1,3,9,11.1,Duplex,Yes,Yes,Suburban,1689187,Yes
4869,P02762,83.3,1,1,3,9,17.07,Apartment,No,No,Outskirts,1551402,No
4870,P05190,99.7,2,1,3,1,4.8,Apartment,No,Yes,Suburban,2724813,Yes
4871,P05058,97.8,2,1,5,5,9.95,Apartment,No,Yes,Suburban,1660165,No
4872,P04368,90.8,1,2,15,18,9.29,Apartment,No,No,Suburban,2189066,No
4873,P02023,78.6,1,2,9,2,0.86,Apartment,No,Yes,Downtown,2133717,Yes
4874,P01197,114.6,3,3,5,31,6.59,Duplex,No,Yes,Residential,3150516,Yes
4875,P04513,250.6,5,4,1,38,25,Villa,No,No,Outskirts,4209529,No
4876,P06916,104.4,1,1,7,7,21.03,Villa,No,Yes,Outskirts,2187309,No
4877,P08855,60.8,1,2,4,7,10.8,Apartment,Yes,No,Suburban,1044604,Yes
4878,P07968,50,1,1,6,,23.52,Apartment,No,Yes,Outskirts,264581,No
4879,P05561,103.7,1,2,15,4,15.58,Apartment,No,No,Outskirts,1920692,No
4880,P03452,152.7,2,1,2,4,15.77,Apartment,No,Yes,Suburban,2215344,Yes
4881,P01012,107.3,3,2,11,5,6.31,Apartment,Yes,No,Suburban,1738084,No
4882,P02644,120.8,3,2,2,23,23.17,Duplex,No,Yes,Outskirts,2608401,No
4883,P05823,300,4,3,2,2,7.18,Villa,Yes,Yes,Suburban,10278264,No
4884,P08170,204.9,4,2,15,2,8.71,Villa,No,No,Residential,4515688,Yes
4885,P05859,120.1,3,3,2,2,13.68,Apartment,Yes,No,Suburban,1558513,No
4886,P01237,146.6,2,1,2,4,4.42,Duplex,Yes,Yes,Residential,1608273,Yes
4887,P06614,117.2,2,2,8,7,0.5,Apartment,Yes,Yes,Downtown,3194203,Yes
4888,P08560,122.6,2,2,10,4,17.06,Apartment,Yes,Yes,Outskirts,1939563,Yes
4889,P08756,95.7,2,1,0,4,5.04,Apartment,No,No,Residential,2068912,Yes
4890,P06387,107.7,1,1,11,5,3.84,Apartment,No,Yes,Residential,1961835,No
4891,P03447,220.6,4,2,10,5,13.83,Duplex,No,No,Suburban,2838154,Yes
4892,P04297,117.6,1,2,15,,3.41,Apartment,No,Yes,Residential,2312681,Yes
4893,P08192,231.4,5,4,0,40,23.74,Villa,No,Yes,Outskirts,2830711,No
4894,P01843,215.5,4,3,1,40,0.77,Villa,No,Yes,Downtown,6435544,Yes
4895,P00735,118.8,2,2,1,14,0.77,Apartment,Yes,No,Downtown,3179858,Yes
4896,P07103,50,1,2,6,15,7.64,Apartment,No,Yes,Suburban,946488,Yes
4897,P02740,50,1,1,11,40,11.38,Apartment,No,Yes,Suburban,856079,No
4898,P01207,220.4,5,4,3,19,10.78,Villa,No,No,Suburban,6221815,No
4899,P02320,248.2,4,3,2,35,23.67,Villa,Yes,No,Outskirts,3694753,No
4900,P03065,162.8,3,3,7,11,3.63,Duplex,No,Yes,Residential,4180715,Yes
4901,P00600,142,3,2,3,5,10.77,Apartment,Yes,Yes,Suburban,2770495,Yes
4902,P06727,251.6,5,3,0,11,0.86,Villa,No,No,Downtown,4391164,Yes
4903,P03352,166.7,3,3,13,6,1.12,Apartment,Yes,No,Downtown,2900420,Yes
4904,P08445,83.5,1,2,8,9,24.04,Apartment,Yes,No,Outskirts,792840,No
4905,P03545,,2,1,14,15,6.53,Duplex,Yes,Yes,Residential,2620211,Yes
4906,P00401,119.6,1,2,6,17,3.91,Duplex,Yes,Yes,Residential,3198598,Yes
4907,P03322,50,2,2,1,3,2.65,Apartment,Yes,Yes,Residential,2602284,Yes
4908,P05117,67.3,1,2,14,12,10.88,Apartment,No,No,Suburban,1032743,No
4909,P01777,76.8,1,1,0,8,10.4,Apartment,Yes,No,Suburban,1073593,Yes
4910,P08443,58.1,1,2,13,3,0.95,Apartment,No,No,Residential,794055,Yes
4911,P00515,120.2,1,1,15,3,3.74,Apartment,No,No,Residential,3275280,Yes
4912,P07698,53.4,2,1,15,4,22.27,Apartment,No,Yes,Outskirts,451415,No
4913,P05354,106.1,3,2,5,12,10.45,Apartment,Yes,Yes,Suburban,2122744,No
4914,P08434,214.6,2,2,5,15,4.04,Duplex,Yes,Yes,Suburban,4638977,Yes
4915,P02545,55.4,1,2,6,20,10.25,Apartment,No,Yes,Suburban,1030068,Yes
4916,P06148,80.6,1,2,11,13,6.91,Apartment,No,Yes,Residential,1805584,Yes
4917,P05873,100.3,1,2,14,,0.56,Apartment,No,No,Downtown,1438154,Yes
4918,P00815,,3,3,5,2,1.96,Villa,No,No,Downtown,4682808,Yes
4919,P06868,83.3,1,1,1,11,0.5,Duplex,No,Yes,Downtown,3328607,No
4920,P07760,99.1,2,2,5,3,12.28,Apartment,Yes,No,Suburban,1435591,Yes
4921,P02207,112.7,1,2,12,10,16.75,Apartment,No,No,Suburban,1959973,No
4922,P02753,176.6,4,2,4,2,23.94,Duplex,Yes,No,Outskirts,3077360,Yes
4923,P08174,166.1,2,2,6,3,8.75,Duplex,No,Yes,Suburban,3743013,Yes
4924,P00704,149,3,3,4,10,18.49,Apartment,Yes,Yes,Outskirts,2770517,Yes
4925,P07430,155.8,2,1,15,12,17.71,Duplex,Yes,Yes,Outskirts,2557306,No
4926,P05275,50,1,1,11,40,5.05,Apartment,No,Yes,Residential,712249,Yes
4927,P01036,105.1,1,2,8,6,21.73,Apartment,No,Yes,Suburban,1275288,No
4928,P06154,114.2,2,2,15,15,5.37,Apartment,Yes,Yes,Residential,2162921,Yes
4929,P00220,96.4,1,1,13,6,1.63,Duplex,No,Yes,Residential,2356461,Yes
4930,P06192,134.5,2,1,12,30,1.37,Apartment,No,No,Downtown,3158753,Yes
4931,P03549,93.2,2,2,3,6,0.61,Apartment,Yes,No,Downtown,2985950,No
4932,P05768,136,1,1,10,3,17.55,Apartment,No,Yes,Suburban,1748259,No
4933,P08125,50,1,1,8,1,15.4,Apartment,No,No,Outskirts,380421,No
4934,P06381,,2,2,4,4,5.34,Apartment,Yes,Yes,Suburban,1724232,Yes
4935,P08177,,2,2,6,1,12.14,Duplex,No,Yes,Suburban,1867666,Yes
4936,P00017,53.9,2,2,5,2,8.38,Apartment,No,Yes,Suburban,1111307,Yes
4937,P08471,265.7,4,3,0,26,7.83,Villa,No,Yes,Residential,8804319,No
4938,P03644,300,4,2,3,14,0.5,Villa,Yes,Yes,Downtown,8362520,Yes
4939,P02787,112.6,1,1,14,2,12.98,Apartment,Yes,Yes,Suburban,1881147,No
4940,P00822,86.9,2,2,2,15,13.32,Apartment,Yes,Yes,Suburban,937271,No
4941,P04624,77.2,1,2,0,2,14.6,Duplex,Yes,Yes,Outskirts,996798,No
4942,P02678,172.3,4,3,1,3,8.79,Duplex,No,Yes,Outskirts,2254924,Yes
4943,P04009,66,2,2,9,7,0.5,Apartment,No,Yes,Downtown,632551,Yes
4944,P00517,201.2,2,2,2,4,4.74,Villa,No,Yes,Residential,5357780,Yes
4945,P08939,73.6,2,1,0,28,5.55,Apartment,No,No,Residential,1302582,Yes
4946,P02049,200.2,4,2,2,25,1.42,Duplex,No,Yes,Downtown,5175136,Yes
4947,P08679,51.5,1,1,2,23,17.11,Apartment,No,No,Suburban,701657,Yes
4948,P06296,286,4,3,15,2,12.36,Villa,Yes,Yes,Suburban,3095083,No
4949,P08099,117.5,2,1,0,0,5.75,Apartment,No,Yes,Residential,2975860,No
4950,P00601,85.3,2,1,12,0,4.38,Apartment,No,No,Residential,2366035,Yes
4951,P02750,64.9,2,2,1,2,2.49,Apartment,No,Yes,Downtown,1999485,Yes
4952,P07808,78.7,1,1,15,10,8.5,Apartment,No,Yes,Residential,386567,Yes
4953,P03256,108.5,3,3,1,1,17.74,Apartment,No,No,Outskirts,1151906,No
4954,P05769,113.6,1,1,5,8,4.38,Duplex,No,Yes,Residential,1629915,Yes
4955,P05813,157,2,2,11,0,14.58,Duplex,No,Yes,Suburban,2978200,Yes
4956,P02840,201.1,2,1,10,9,0.5,Duplex,No,Yes,Downtown,6458225,Yes
4957,P05575,113.5,2,2,3,3,4.09,Apartment,Yes,No,Residential,2714703,No
4958,P03236,184.9,2,2,3,35,1.86,Villa,No,No,Downtown,7379108,No
4959,P08066,74.8,1,2,2,,1.47,Apartment,No,Yes,Downtown,1906567,Yes
4960,P03840,174.4,4,3,6,18,3.54,Duplex,Yes,Yes,Residential,3250414,Yes
4961,P07703,207.5,3,3,2,2,11.84,Villa,No,Yes,Suburban,5080310,No
4962,P05744,72.4,2,2,2,10,25,Apartment,No,Yes,Outskirts,545466,Yes
4963,P08579,54.2,1,2,3,6,12.99,Apartment,No,Yes,Suburban,1026510,No
4964,P03037,116.4,2,1,1,20,15.38,Duplex,No,Yes,Suburban,3671393,Yes
4965,P04951,162.6,3,3,15,23,3.76,Duplex,No,Yes,Residential,2995258,Yes
4966,P00488,154.7,3,3,14,11,3.07,Villa,No,No,Residential,4391712,Yes
4967,P04967,247,3,3,3,2,5.88,Villa,No,Yes,Residential,5031712,Yes
4968,P00593,138.5,2,2,0,4,5.55,Duplex,No,Yes,Residential,3603039,Yes
4969,P01609,223.3,4,2,1,5,5.14,Villa,Yes,Yes,Residential,8289959,Yes
4970,P07013,293.7,6,4,0,10,1.29,Villa,No,No,Downtown,8321039,Yes
4971,P05286,166,4,2,5,9,0.67,Duplex,No,No,Downtown,2949227,Yes
4972,P04196,87.3,1,2,7,5,6.14,Apartment,No,No,Suburban,1278589,Yes
4973,P05758,55.3,1,2,13,20,5.41,Apartment,Yes,No,Residential,1547502,Yes
4974,P07528,198.6,3,2,12,11,10.34,Duplex,No,Yes,Suburban,4012433,No
4975,P02075,81,1,1,15,3,9.1,Apartment,No,Yes,Residential,1131527,Yes
4976,P08654,,2,1,10,5,0.9,Apartment,No,Yes,Downtown,2604179,Yes
4977,P00358,64.4,1,2,10,4,7.7,Apartment,Yes,Yes,Suburban,1372081,Yes
4978,P02850,169.6,3,2,8,2,5.29,Duplex,No,Yes,Residential,3161546,Yes
4979,P04849,235.3,3,3,9,7,0.5,Villa,No,No,Downtown,7786711,Yes
4980,P03366,71.6,1,1,15,8,7.54,Apartment,Yes,No,Residential,832594,Yes
4981,P07397,154.3,1,1,1,3,1.48,Duplex,Yes,No,Residential,3898002,Yes
4982,P03315,99.6,2,1,2,24,5.06,Apartment,No,Yes,Residential,1780844,No
4983,P03131,193.5,3,3,3,12,5.12,Duplex,No,Yes,Residential,5051985,Yes
4984,P00254,115.9,3,3,4,6,3.97,Apartment,Yes,No,Residential,1685675,Yes
4985,P07737,159.6,2,1,9,,9.53,Villa,Yes,Yes,Suburban,4726226,Yes
4986,P01962,85.9,1,1,15,30,1.26,Apartment,Yes,Yes,Residential,2351843,Yes
4987,P04300,107.5,3,2,8,19,13.09,Duplex,No,Yes,Suburban,2199301,No
4988,P04133,,1,1,9,30,2.98,Apartment,Yes,No,Residential,1560004,Yes
4989,P03405,126.9,3,2,15,7,25,Apartment,Yes,Yes,Outskirts,2191426,No
4990,P00436,175.2,3,2,10,10,3.46,Duplex,No,Yes,Residential,5933791,Yes
4991,P00590,269.1,3,2,0,7,1.25,Villa,No,Yes,Downtown,5555935,Yes
4992,P04002,50,1,1,9,3,3.43,Apartment,No,Yes,Residential,1012686,Yes
4993,P03123,151.6,2,2,1,0,0.87,Duplex,Yes,Yes,Residential,3101521,Yes
4994,P05538,134.1,1,1,13,13,8.55,Apartment,Yes,No,Suburban,2955783,No
4995,P07220,245.7,4,3,13,7,0.5,Villa,No,Yes,Downtown,6162403,Yes
4996,P00013,68.1,1,2,9,9,10.33,Apartment,Yes,Yes,Suburban,1700371,No
4997,P04753,94.4,2,1,8,2,1.73,Apartment,Yes,No,Residential,2665818,Yes
4998,P03804,102.1,1,2,0,,0.5,Apartment,No,No,Downtown,2481603,Yes
4999,P08033,96.2,1,2,9,2,14.82,Apartment,No,No,Suburban,1278020,Yes
5000,P01531,126.7,1,1,6,3,4.93,Apartment,No,Yes,Residential,3084228,Yes
5001,P04637,202.7,2,2,12,6,4.15,Duplex,No,Yes,Residential,3663175,Yes
5002,P03263,103.7,1,1,4,1,3.61,Apartment,Yes,Yes,Downtown,3222315,Yes
5003,P05248,50,2,2,1,9,6.07,Apartment,No,No,Residential,563889,Yes
5004,P08222,146.9,2,1,7,2,12.85,Apartment,Yes,No,Suburban,2480786,Yes
5005,P03580,82.1,1,2,12,6,1.74,Apartment,No,No,Downtown,971454,Yes
5006,P01221,178.9,3,2,14,40,1.87,Apartment,No,No,Downtown,4365676,Yes
5007,P05090,108.5,2,2,8,28,7.83,Apartment,No,Yes,Residential,2105446,Yes
5008,P01496,185.2,4,3,1,40,11.56,Villa,No,No,Suburban,4487614,No
5009,P04616,94.1,1,2,2,26,2.37,Apartment,No,No,Residential,1685425,Yes
5010,P07773,136.2,3,2,10,4,1.23,Apartment,No,No,Downtown,3115659,No
5011,P07702,137.2,3,3,3,7,11.52,Villa,No,Yes,Suburban,3230463,No
5012,P05258,126.6,3,2,4,7,3.59,Apartment,No,No,Residential,4702294,No
5013,P04108,300,6,4,0,1,9.58,Villa,Yes,No,Suburban,6331299,Yes
5014,P02528,,2,2,5,8,10.94,Duplex,No,No,Outskirts,4185983,No
5015,P07549,149.1,2,2,2,0,0.5,Apartment,Yes,No,Downtown,3145356,Yes
5016,P06566,87,1,1,10,11,8.24,Apartment,No,Yes,Suburban,1191611,No
5017,P06308,61.1,1,2,2,4,16.93,Apartment,No,Yes,Outskirts,788798,No
5018,P03386,196.1,4,2,0,9,11.91,Duplex,Yes,Yes,Suburban,4870058,No
5019,P05958,81.9,1,1,11,5,0.5,Duplex,Yes,Yes,Downtown,3275342,Yes
5020,P01879,144.1,3,3,10,4,17.44,Apartment,No,Yes,Suburban,1497859,No
5021,P03149,213.5,2,2,1,,18.89,Villa,No,Yes,Outskirts,5323609,No
5022,P07806,98.3,2,2,7,11,10.92,Apartment,No,Yes,Suburban,1994605,No
5023,P04131,203.3,3,2,8,2,8.7,Duplex,Yes,Yes,Suburban,5637849,Yes
5024,P03170,113.6,2,2,13,0,11.55,Apartment,Yes,Yes,Suburban,2307653,Yes
5025,P04802,115,1,1,6,3,5.07,Apartment,Yes,Yes,Residential,3020146,Yes
5026,P01845,104.8,2,2,9,23,1.02,Apartment,No,Yes,Downtown,3748276,Yes
5027,P07096,200.9,3,3,6,15,5.39,Duplex,Yes,Yes,Residential,2498137,Yes
5028,P06419,129.4,1,2,10,5,12.08,Duplex,No,Yes,Outskirts,1929798,No
5029,P01981,96.2,1,1,11,3,20.89,Duplex,No,No,Outskirts,1503202,No
5030,P04536,96.4,1,2,10,27,0.5,Apartment,No,Yes,Downtown,3611071,Yes
5031,P02118,61.9,1,1,14,17,1.07,Apartment,No,Yes,Downtown,1423309,No
5032,P02640,219,4,2,13,3,1.7,Villa,No,Yes,Downtown,7044975,Yes
5033,P05021,184.5,4,2,4,1,15.81,Apartment,No,Yes,Outskirts,2602465,No
5034,P03715,139.1,2,1,7,31,17.73,Apartment,No,Yes,Outskirts,1293015,No
5035,P01689,125,3,3,0,31,9.11,Villa,Yes,Yes,Suburban,3236220,Yes
5036,P00903,141.8,1,2,4,13,1.62,Duplex,No,No,Downtown,3506553,Yes
5037,P01135,196.9,4,2,10,1,21.92,Villa,No,Yes,Outskirts,2794172,No
5038,P07214,103.3,1,2,11,2,10.75,Apartment,No,No,Suburban,2240595,No
5039,P01109,139.5,2,1,4,31,24.87,Apartment,No,No,Outskirts,1173200,No
5040,P04974,84.8,1,2,8,40,24.74,Apartment,Yes,Yes,Outskirts,1150794,No
5041,P03060,219,5,3,14,40,3.53,Villa,No,Yes,Residential,8105792,No
5042,P05367,52,2,1,3,1,4.57,Apartment,Yes,Yes,Residential,1229160,Yes
5043,P08014,110.2,2,1,5,0,7.68,Apartment,No,Yes,Residential,3300433,Yes
5044,P00769,211.7,4,2,14,9,0.58,Villa,No,Yes,Downtown,6915261,Yes
5045,P04850,239.3,4,2,0,20,8.59,Duplex,Yes,Yes,Suburban,4768350,Yes
5046,P08861,112.1,2,2,7,1,4.45,Apartment,No,No,Residential,2091170,Yes
5047,P00618,212.2,3,3,6,9,1.86,Villa,No,Yes,Residential,3248314,Yes
5048,P02139,156.5,2,1,7,9,11.13,Duplex,Yes,Yes,Suburban,3141525,Yes
5049,P06152,141.6,3,2,10,15,7.4,Apartment,Yes,Yes,Suburban,3550063,Yes
5050,P00796,135.3,2,1,1,7,5.2,Duplex,No,Yes,Residential,4555813,Yes
5051,P04912,98.1,1,1,7,40,2.24,Apartment,Yes,Yes,Residential,1626348,Yes
5052,P03838,192.1,3,3,1,2,2.33,Duplex,Yes,No,Downtown,5731553,Yes
5053,P05645,82.3,1,2,5,4,10.53,Apartment,Yes,No,Suburban,1322114,No
5054,P06700,205.8,4,2,1,28,9.09,Villa,No,Yes,Suburban,5183896,Yes
5055,P03876,179.1,4,2,3,6,9.47,Villa,Yes,Yes,Residential,5808760,No
5056,P04734,198.9,3,3,0,12,8.2,Villa,No,Yes,Residential,5787073,Yes
5057,P07169,169.1,2,1,3,15,13.13,Duplex,No,Yes,Suburban,2898611,No
5058,P06558,110.5,3,3,12,3,1.27,Apartment,No,No,Downtown,3884863,Yes
5059,P03841,217.5,4,2,3,3,13.1,Duplex,Yes,Yes,Suburban,5743747,Yes
5060,P05656,,4,3,0,40,3.5,Villa,No,No,Residential,5768925,Yes
5061,P01326,108.2,1,1,8,10,14.78,Apartment,No,No,Outskirts,1091859,No
5062,P08729,90.3,1,1,13,16,0.77,Apartment,No,No,Downtown,1537317,Yes
5063,P02165,116.4,3,2,3,9,15.12,Apartment,No,No,Outskirts,1533024,No
5064,P05437,229.9,5,4,8,3,16.25,Villa,No,Yes,Outskirts,4110377,No
5065,P03757,121.7,3,2,4,10,3.35,Apartment,No,Yes,Residential,3198090,Yes
5066,P02111,128.5,2,1,10,4,10.29,Apartment,Yes,Yes,Suburban,513888,Yes
5067,P07636,159.8,1,1,8,6,0.5,Apartment,No,Yes,Downtown,4728278,Yes
5068,P04078,160.1,4,3,6,36,12.41,Duplex,Yes,Yes,Suburban,3433780,No
5069,P04254,174.1,3,2,14,40,8.63,Duplex,Yes,Yes,Suburban,2618360,No
5070,P04535,105.3,3,2,12,29,10.59,Apartment,Yes,Yes,Suburban,1871445,No
5071,P05462,171.8,3,3,14,40,2.46,Apartment,Yes,Yes,Downtown,3702189,No
5072,P05427,85,1,1,8,6,16.53,Apartment,No,No,Outskirts,657892,No
5073,P06132,55.6,1,2,15,0,10.17,Apartment,No,Yes,Suburban,1396805,No
5074,P01570,122.7,1,1,6,5,8.25,Apartment,Yes,No,Residential,1961072,Yes
5075,P07820,158.9,2,1,1,23,5.67,Duplex,Yes,Yes,Residential,2648764,No
5076,P01238,166.9,3,3,3,5,1.82,Villa,No,Yes,Residential,6750551,Yes
5077,P08217,54,2,1,10,16,19.69,Apartment,Yes,No,Outskirts,550502,No
5078,P02305,180,3,3,4,10,3.92,Duplex,Yes,Yes,Residential,3355830,Yes
5079,P08508,110.7,1,1,4,18,5.88,Apartment,No,No,Residential,1739366,No
5080,P01604,183.6,3,3,15,12,14.85,Duplex,No,Yes,Outskirts,4279151,No
5081,P06161,229,3,3,2,1,13.41,Villa,Yes,Yes,Suburban,3738816,No
5082,P07981,203.4,4,2,5,0,6.27,Duplex,No,Yes,Residential,2347996,Yes
5083,P06938,84.6,2,1,10,3,9.52,Apartment,No,Yes,Suburban,2259280,Yes
5084,P05949,244.8,4,2,1,4,4.55,Villa,Yes,Yes,Residential,4480482,Yes
5085,P05100,157.6,3,3,9,1,22.19,Duplex,No,Yes,Outskirts,2859013,No
5086,P04975,82.8,2,2,0,2,13.73,Apartment,No,No,Suburban,1748636,No
5087,P01540,59.3,2,1,3,2,4.66,Apartment,No,Yes,Residential,1447038,Yes
5088,P00909,123.8,1,1,0,13,4.88,Duplex,No,Yes,Residential,4453454,Yes
5089,P00848,211.1,4,2,13,1,9.2,Villa,No,Yes,Suburban,4153200,Yes
5090,P00462,280.6,5,3,3,1,0.5,Villa,No,Yes,Downtown,8257121,Yes
5091,P05867,55.5,2,2,15,5,25,Apartment,Yes,Yes,Outskirts,637806,No
5092,P00814,190.2,2,1,1,2,11.38,Villa,No,Yes,Suburban,3833873,Yes
5093,P01523,201.1,2,2,1,0,16.83,Villa,Yes,Yes,Outskirts,4158285,No
5094,P01055,69.1,1,1,9,5,3.61,Apartment,No,No,Residential,1491909,No
5095,P05112,257.2,4,3,0,6,15.37,Villa,Yes,Yes,Suburban,7981359,No
5096,P02219,178.9,2,1,9,3,14.21,Duplex,Yes,Yes,Outskirts,4618928,No
5097,P01807,142.1,2,2,1,3,1.3,Villa,No,Yes,Downtown,5680592,Yes
5098,P08414,183.4,3,2,8,7,3.16,Duplex,No,Yes,Residential,4145699,Yes
5099,P08077,244.1,5,3,5,11,1.97,Villa,No,No,Downtown,6811397,Yes
5100,P04140,65.1,1,2,0,6,13.16,Apartment,No,Yes,Suburban,1573712,No
5101,P06736,50,1,2,12,21,22.56,Apartment,No,No,Outskirts,459638,No
5102,P03261,,1,2,11,40,0.5,Apartment,No,Yes,Downtown,2464016,Yes
5103,P02158,81.7,1,2,15,4,4.88,Apartment,Yes,No,Residential,1685672,Yes
5104,P04833,142.3,1,1,7,1,11.68,Duplex,Yes,No,Suburban,3784294,No
5105,P00777,77.7,2,2,11,11,3.68,Apartment,Yes,No,Suburban,843069,No
5106,P06876,61.4,1,1,14,1,13.75,Apartment,No,Yes,Suburban,1374607,Yes
5107,P08456,219.1,4,2,2,2,0.5,Villa,Yes,No,Downtown,8328951,Yes
5108,P08745,58.8,1,1,8,17,15.94,Apartment,Yes,Yes,Suburban,928896,No
5109,P05767,69.3,1,2,7,5,3.87,Apartment,No,No,Residential,923271,Yes
5110,P04786,50,1,1,5,9,17.51,Apartment,No,Yes,Outskirts,742002,Yes
5111,P03599,209.4,4,3,10,17,25,Duplex,Yes,Yes,Outskirts,1707674,Yes
5112,P05980,83.9,2,2,3,12,12.7,Apartment,No,Yes,Suburban,1937429,No
5113,P01534,89.4,2,2,9,,15.07,Apartment,No,Yes,Suburban,1878620,No
5114,P04288,165,3,2,3,1,4.41,Villa,Yes,Yes,Residential,5998091,Yes
5115,P02274,233,5,3,3,14,19.37,Villa,No,No,Outskirts,3670733,Yes
5116,P04749,99.5,1,1,7,33,16.09,Apartment,No,No,Outskirts,636423,No
5117,P07580,117.5,3,3,1,14,8.05,Apartment,No,No,Residential,2573644,Yes
5118,P03344,134.4,1,1,13,8,0.5,Duplex,No,Yes,Downtown,2261720,Yes
5119,P04434,95,1,2,12,6,4.31,Apartment,No,Yes,Residential,1626667,Yes
5120,P01943,252,3,3,15,2,4.74,Villa,No,Yes,Residential,5463662,Yes
5121,P04992,96.6,1,2,10,3,14.43,Apartment,Yes,No,Outskirts,1845105,No
5122,P07245,55.3,1,2,6,7,4.44,Apartment,Yes,Yes,Residential,1443912,Yes
5123,P01733,177,2,1,9,8,12.3,Duplex,No,Yes,Suburban,3532171,Yes
5124,P01504,124.3,1,2,1,3,4.48,Apartment,No,No,Residential,3681186,Yes
5125,P08154,179.5,4,3,7,3,24.3,Duplex,Yes,Yes,Outskirts,2463605,No
5126,P06842,113.8,1,1,11,2,12.64,Apartment,No,Yes,Outskirts,2197217,No
5127,P04224,87.9,1,1,9,5,1.47,Apartment,No,Yes,Downtown,2198735,Yes
5128,P02166,50,1,2,12,18,8.19,Apartment,No,No,Residential,1358072,No
5129,P05349,171.7,3,3,14,,8.86,Villa,No,No,Suburban,2269737,Yes
5130,P08980,150.9,2,2,8,25,11.24,Duplex,No,Yes,Suburban,2066826,No
5131,P00820,97.5,2,1,3,24,4.66,Apartment,No,Yes,Residential,1968983,Yes
5132,P08079,175.3,2,2,11,12,15.54,Apartment,No,Yes,Outskirts,2840777,No
5133,P06619,153.7,2,2,6,2,3.6,Apartment,No,No,Residential,4189589,Yes
5134,P05961,121.5,2,2,13,2,1.21,Apartment,No,No,Downtown,2746771,Yes
5135,P08253,89.3,1,2,11,5,9.75,Apartment,No,Yes,Suburban,1254987,Yes
5136,P07261,137.3,3,2,1,,16.8,Duplex,Yes,Yes,Outskirts,1783498,No
5137,P00031,264.7,3,2,3,29,13.62,Villa,No,No,Suburban,4409229,No
5138,P05143,109.5,1,1,14,11,6.98,Duplex,No,Yes,Residential,2645875,Yes
5139,P04014,249.9,5,3,3,17,1.01,Villa,No,No,Downtown,7223240,Yes
5140,P01655,69.6,2,2,11,5,14.44,Apartment,No,Yes,Outskirts,515245,Yes
5141,P08164,268.8,3,3,13,2,2.42,Villa,No,Yes,Residential,6942451,Yes
5142,P05580,156.9,3,2,2,14,7.15,Apartment,Yes,No,Suburban,3916845,No
5143,P01469,146,3,3,10,34,13.81,Duplex,No,No,Suburban,2889873,No
5144,P05474,259,5,3,1,1,5.54,Villa,No,Yes,Residential,6709147,Yes
5145,P01227,137.6,3,2,0,3,5.38,Duplex,No,Yes,Residential,4467973,Yes
5146,P03279,,1,1,10,40,3.86,Duplex,No,No,Residential,3486797,No
5147,P06034,115.8,2,2,11,5,2.46,Apartment,No,No,Downtown,1452477,Yes
5148,P03563,150.4,3,2,15,21,12.27,Villa,No,Yes,Outskirts,3093630,No
5149,P03800,146.8,2,1,5,1,7.68,Apartment,Yes,No,Residential,2843766,Yes
5150,P08019,,1,1,11,40,4.31,Apartment,Yes,No,Residential,3860505,No
5151,P06319,125.8,1,1,5,38,6.4,Apartment,Yes,Yes,Residential,2939345,No
5152,P05024,103.7,1,1,5,2,10.3,Apartment,No,No,Suburban,2019619,No
5153,P00863,56.1,2,2,6,19,13.58,Apartment,No,Yes,Suburban,590013,No
5154,P08366,50,1,1,11,1,15,Apartment,No,Yes,Outskirts,721560,Yes
5155,P08850,132.5,3,2,1,39,23.7,Apartment,No,Yes,Outskirts,992373,No
5156,P00451,71,2,1,1,15,0.5,Apartment,Yes,Yes,Downtown,1917194,Yes
5157,P02914,174.4,3,2,6,4,13.4,Duplex,Yes,No,Suburban,2668546,No
5158,P08472,64.4,2,2,4,3,19.68,Apartment,No,No,Outskirts,1050073,No
5159,P01120,141.8,2,2,10,4,16.9,Duplex,No,No,Outskirts,3204155,No
5160,P01914,118.8,3,3,0,16,14.48,Duplex,Yes,Yes,Suburban,1755352,No
5161,P01787,116.8,1,1,9,9,7.55,Apartment,Yes,No,Residential,1445924,Yes
5162,P04421,,2,1,7,28,6.4,Duplex,Yes,Yes,Residential,3348719,Yes
5163,P00092,74.2,1,1,6,7,10.75,Apartment,Yes,No,Suburban,1410610,Yes
5164,P07359,174.9,3,3,6,2,4.47,Duplex,Yes,Yes,Residential,5216505,Yes
5165,P08487,50,2,2,13,3,15.49,Apartment,Yes,No,Outskirts,624281,No
5166,P05473,50,1,1,2,3,16.55,Apartment,No,Yes,Outskirts,698848,No
5167,P04553,208.7,4,3,8,16,1.38,Duplex,Yes,Yes,Downtown,7315625,Yes
5168,P01354,137.4,3,2,4,34,4.12,Apartment,No,Yes,Residential,3093797,No
5169,P08004,268.4,5,4,12,4,0.5,Villa,Yes,Yes,Downtown,8394592,Yes
5170,P08442,169.5,4,2,10,8,2.25,Duplex,Yes,Yes,Residential,4013552,Yes
5171,P00431,224.7,5,3,15,,16.16,Villa,No,Yes,Outskirts,4034524,No
5172,P03155,119.9,2,2,13,6,1.06,Apartment,Yes,Yes,Downtown,3751735,Yes
5173,P08666,66.6,1,2,2,12,14.16,Apartment,Yes,Yes,Suburban,726589,No
5174,P06520,83.8,2,1,7,1,3.64,Apartment,No,Yes,Residential,2855776,Yes
5175,P08634,50,2,1,8,,9.29,Apartment,No,No,Suburban,779894,No
5176,P06156,59.5,1,2,5,25,0.5,Apartment,No,Yes,Downtown,1649533,Yes
5177,P02063,243.1,3,2,3,8,10.74,Villa,No,Yes,Suburban,7040594,Yes
5178,P00410,82.9,2,2,15,4,13.24,Apartment,No,Yes,Outskirts,1452695,No
5179,P00137,118,2,2,3,4,17.99,Apartment,No,No,Outskirts,1726975,No
5180,P03678,130.9,1,2,10,1,6.3,Apartment,Yes,Yes,Suburban,1642890,Yes
5181,P02926,64.6,1,2,5,13,9.11,Apartment,No,Yes,Suburban,1520469,Yes
5182,P08987,110.2,2,1,4,6,6.21,Apartment,No,Yes,Residential,1758350,Yes
5183,P03721,176.6,2,2,2,13,17,Villa,Yes,Yes,Suburban,3564144,No
5184,P08254,96.4,1,1,10,36,13.8,Apartment,No,No,Outskirts,1417966,No
5185,P04898,189.5,3,3,9,2,15.2,Villa,Yes,No,Suburban,6061889,No
5186,P07888,75,1,1,5,3,5,Apartment,No,No,Residential,1347919,Yes
5187,P08193,124.7,1,1,8,4,0.8,Duplex,No,No,Downtown,2821165,Yes
5188,P02901,113.4,2,2,7,10,7.9,Duplex,No,Yes,Residential,3949509,No
5189,P00533,146.7,2,2,14,6,2.17,Apartment,No,Yes,Residential,1919605,Yes
5190,P02281,168.7,2,2,3,6,5.69,Villa,No,Yes,Residential,3422378,Yes
5191,P05825,,2,2,15,20,6.2,Apartment,No,No,Residential,2062616,No
5192,P06297,116.8,3,2,8,8,20.73,Apartment,No,No,Outskirts,1043038,No
5193,P03892,108.8,1,2,3,5,9.69,Duplex,Yes,Yes,Suburban,2512401,Yes
5194,P00340,158,3,2,8,10,22.29,Duplex,Yes,Yes,Outskirts,2623888,Yes
5195,P04636,63,2,1,13,1,2.36,Apartment,No,Yes,Downtown,1484369,Yes
5196,P03598,258.1,4,3,13,2,19.79,Villa,Yes,Yes,Outskirts,5390343,No
5197,P07249,103,1,2,8,9,9.04,Apartment,No,Yes,Suburban,2507390,Yes
5198,P06201,62.6,2,2,9,15,14.66,Apartment,No,Yes,Suburban,726561,No
5199,P07048,203.3,2,2,10,40,7.96,Villa,Yes,No,Residential,3418395,Yes
5200,P06953,95.9,1,1,2,5,1.66,Apartment,No,No,Downtown,3586449,Yes
5201,P00035,108.8,1,2,2,20,6.52,Apartment,Yes,Yes,Residential,1784606,Yes
5202,P07986,217.6,4,2,1,16,6.98,Villa,No,Yes,Residential,5722951,No
5203,P08594,115.5,2,1,10,10,4.63,Apartment,No,Yes,Residential,2545257,Yes
5204,P05000,137.3,3,3,1,38,7.51,Duplex,No,Yes,Suburban,2638891,Yes
5205,P06536,,2,1,3,16,2.36,Duplex,No,Yes,Downtown,5110201,Yes
5206,P04359,181.7,4,2,11,5,3.77,Duplex,Yes,Yes,Residential,5241755,Yes
5207,P01917,130.8,1,2,6,0,3.52,Duplex,Yes,Yes,Suburban,2756992,Yes
5208,P05699,118.8,2,1,0,4,15.55,Apartment,No,No,Outskirts,1194227,No
5209,P05449,108,2,1,9,0,11.37,Apartment,No,No,Suburban,2157312,No
5210,P07599,75.8,2,2,3,7,0.5,Apartment,No,Yes,Residential,1466068,Yes
5211,P05241,215.6,4,3,8,0,1.77,Duplex,Yes,No,Downtown,5714327,Yes
5212,P07522,225.8,3,2,2,2,2.96,Villa,No,Yes,Residential,6809402,Yes
5213,P05616,89.7,1,1,13,0,4.7,Apartment,No,Yes,Residential,1920762,Yes
5214,P02838,155,1,1,13,13,4.55,Apartment,No,No,Residential,2606943,Yes
5215,P03769,172,3,3,13,3,12.49,Duplex,No,No,Suburban,3818157,No
5216,P03681,99.8,1,2,4,6,9.37,Duplex,Yes,No,Suburban,1714416,Yes
5217,P00498,50,2,1,14,21,7.38,Apartment,Yes,No,Suburban,769606,Yes
5218,P01860,74.7,2,2,10,1,1.65,Apartment,No,Yes,Residential,910732,Yes
5219,P02479,185.2,4,3,8,38,0.5,Duplex,Yes,Yes,Residential,6306759,No
5220,P05104,215.6,4,2,12,12,8.6,Villa,No,Yes,Suburban,5024262,Yes
5221,P05122,97.2,1,2,11,31,6.98,Apartment,Yes,Yes,Residential,1431118,Yes
5222,P06958,112.1,3,2,12,8,12.96,Apartment,Yes,No,Suburban,2244372,Yes
5223,P06216,262.5,5,4,1,20,1.28,Villa,Yes,Yes,Downtown,8070951,Yes
5224,P03080,255.3,4,3,0,2,4.38,Villa,No,No,Residential,7215090,Yes
5225,P00998,142.3,3,3,3,15,1.2,Villa,No,Yes,Downtown,4947400,Yes
5226,P05450,146,1,1,9,19,3.72,Duplex,No,Yes,Residential,5108355,Yes
5227,P03684,179.2,4,3,7,9,6.55,Duplex,No,Yes,Residential,6746913,No
5228,P01663,103,2,1,9,31,11.95,Apartment,No,Yes,Suburban,1718189,No
5229,P03717,107.8,1,2,8,13,9.3,Apartment,Yes,Yes,Suburban,2559429,No
5230,P07994,127.8,3,2,3,2,15.74,Apartment,Yes,No,Outskirts,1782860,No
5231,P00235,177.5,3,3,14,2,23.18,Apartment,No,Yes,Outskirts,2879766,No
5232,P03524,120.6,3,3,7,6,3.66,Apartment,No,No,Residential,2067118,Yes
5233,P02082,57.7,1,2,6,2,2.37,Apartment,No,No,Residential,1440642,Yes
5234,P08406,179.4,2,2,6,5,25,Duplex,No,Yes,Outskirts,2245842,Yes
5235,P01118,139.2,1,1,14,0,15.32,Apartment,No,No,Suburban,3027806,Yes
5236,P04047,116.5,2,2,7,7,3.92,Apartment,No,No,Residential,2205194,Yes
5237,P00199,242.7,4,3,12,8,0.5,Duplex,No,Yes,Downtown,8056603,Yes
5238,P07738,208.2,3,2,5,11,7.64,Duplex,No,No,Residential,6348405,Yes
5239,P08556,119.6,2,2,12,4,0.86,Apartment,No,No,Downtown,3052680,Yes
5240,P05974,78.8,1,1,5,10,21.2,Apartment,Yes,No,Outskirts,559603,No
5241,P03669,97.2,1,1,14,29,4.92,Apartment,Yes,Yes,Residential,2432989,Yes
5242,P00548,222.6,5,4,3,17,0.5,Villa,Yes,Yes,Downtown,7322410,Yes
5243,P06758,61.3,1,2,10,10,23.47,Apartment,No,Yes,Outskirts,937830,No
5244,P04038,100.6,1,2,10,9,16.78,Apartment,No,No,Outskirts,1192104,No
5245,P06605,167.6,4,3,4,6,17.85,Villa,No,Yes,Suburban,3374681,Yes
5246,P07900,229.9,4,3,13,16,5.43,Villa,Yes,Yes,Residential,6999014,No
5247,P07354,88.4,1,2,7,13,9.45,Apartment,No,No,Suburban,1510979,Yes
5248,P00565,114.2,2,2,12,7,7.41,Apartment,No,No,Suburban,2278676,Yes
5249,P04791,100.9,1,2,9,3,6.23,Apartment,No,Yes,Residential,2359622,Yes
5250,P07353,121.1,1,2,5,22,17.33,Apartment,Yes,Yes,Outskirts,1371623,No
5251,P03162,,3,3,0,40,20.4,Villa,Yes,No,Outskirts,2819368,No
5252,P02797,81.2,2,1,15,5,4.92,Apartment,Yes,No,Suburban,1959436,Yes
5253,P00238,116.7,2,2,15,8,8.47,Duplex,No,Yes,Suburban,2328573,No
5254,P01051,100,2,1,4,8,10.18,Apartment,No,No,Suburban,1739496,Yes
5255,P07944,232.6,4,3,1,13,12.38,Villa,No,Yes,Suburban,3601014,No
5256,P04801,53.9,1,1,10,40,5.07,Apartment,Yes,Yes,Residential,831024,Yes
5257,P08825,178.2,2,2,8,16,17.52,Duplex,Yes,Yes,Outskirts,2339829,Yes
5258,P03396,84.8,1,2,11,11,20.77,Apartment,Yes,Yes,Outskirts,899910,No
5259,P08251,84.8,1,1,1,3,5.59,Apartment,Yes,No,Residential,2115539,Yes
5260,P03848,108.9,3,3,11,14,10.22,Apartment,No,Yes,Suburban,2588905,No
5261,P00299,183.4,3,2,8,5,5.03,Duplex,No,Yes,Suburban,3762885,Yes
5262,P03558,159.2,2,1,6,4,20.13,Duplex,No,No,Outskirts,2455662,No
5263,P01117,175.1,4,2,5,6,0.94,Apartment,No,No,Downtown,5781685,Yes
5264,P01804,174.1,2,2,1,11,13.02,Duplex,Yes,Yes,Suburban,4635139,No
5265,P08698,215.1,4,2,2,3,3.64,Villa,No,Yes,Residential,4823532,No
5266,P01439,163.1,3,3,3,0,10.64,Villa,No,No,Outskirts,2567779,Yes
5267,P02979,162,4,2,10,14,8.25,Duplex,Yes,Yes,Suburban,2373278,Yes
5268,P04337,171.8,2,2,1,16,1.15,Villa,Yes,Yes,Downtown,7329726,Yes
5269,P08010,104,2,2,12,0,11.48,Apartment,No,No,Suburban,1229092,No
5270,P05255,182.3,3,2,11,24,9.12,Duplex,No,No,Suburban,4867865,No
5271,P07570,205.5,2,1,15,11,18.98,Villa,No,Yes,Outskirts,4457929,No
5272,P00456,141.3,2,1,7,17,0.51,Apartment,No,Yes,Downtown,2903311,Yes
5273,P07948,195.8,4,3,1,1,7.23,Villa,No,Yes,Residential,5707479,Yes
5274,P05498,167.7,3,2,12,15,4.62,Duplex,No,Yes,Residential,2605877,Yes
5275,P05690,107,2,1,8,26,23.12,Duplex,No,Yes,Outskirts,2264865,No
5276,P00106,277.6,4,3,2,5,15.44,Villa,No,Yes,Suburban,5657197,No
5277,P01894,170,3,3,12,17,1.72,Duplex,No,No,Downtown,5829116,No
5278,P04824,160.2,2,1,8,0,9.62,Duplex,No,Yes,Suburban,2270624,No
5279,P03379,57.9,1,2,1,3,3.43,Apartment,Yes,No,Residential,590444,Yes
5280,P05885,151.7,2,2,3,25,4.86,Duplex,Yes,Yes,Residential,4397603,No
5281,P07294,115.2,2,2,4,4,0.5,Apartment,No,Yes,Downtown,4732586,Yes
5282,P06322,70.3,2,2,14,2,7.51,Apartment,No,Yes,Residential,2261474,Yes
5283,P00823,149.5,2,2,11,20,6.56,Duplex,No,Yes,Residential,4958881,Yes
5284,P01006,204.4,3,2,3,6,4.6,Villa,Yes,Yes,Residential,4156253,Yes
5285,P04293,172.9,3,3,5,15,1.26,Duplex,No,Yes,Downtown,5143593,Yes
5286,P08433,77.4,1,2,5,11,22.67,Apartment,Yes,No,Outskirts,658871,No
5287,P02654,118.7,3,3,8,2,15.84,Apartment,Yes,Yes,Suburban,2206698,No
5288,P05429,250.3,4,3,0,18,19.14,Villa,No,Yes,Outskirts,5622944,No
5289,P06858,211.3,2,1,2,5,6.66,Villa,No,No,Residential,3229872,Yes
5290,P06208,220.2,3,2,4,1,2.57,Duplex,No,No,Residential,3019154,Yes
5291,P08784,161.3,2,2,1,0,4.52,Duplex,Yes,No,Residential,3669602,No
5292,P05932,83.9,1,1,4,20,6.73,Apartment,Yes,No,Residential,1980654,Yes
5293,P00627,87.7,1,2,7,35,10.31,Apartment,No,No,Suburban,1453135,Yes
5294,P01365,184.9,2,1,2,28,5.43,Villa,No,Yes,Residential,5424656,No
5295,P03830,114.2,2,1,9,3,9.76,Apartment,Yes,Yes,Suburban,2273301,No
5296,P00024,,3,2,3,10,20.39,Villa,No,Yes,Outskirts,4389783,Yes
5297,P08420,172,4,3,14,22,1.35,Duplex,Yes,Yes,Downtown,4846658,Yes
5298,P08955,132.3,3,3,11,11,9.35,Apartment,No,Yes,Residential,2928173,Yes
5299,P01944,141.6,1,1,5,0,3.32,Duplex,No,Yes,Downtown,3718401,Yes
5300,P07837,114.7,1,2,14,7,2.11,Apartment,No,Yes,Residential,2686890,Yes
5301,P04527,264.2,3,2,3,4,11.59,Villa,Yes,No,Suburban,5177719,No
5302,P00721,,1,2,15,9,12.09,Apartment,No,Yes,Suburban,2141738,Yes
5303,P02844,67.4,2,1,3,12,5.35,Apartment,No,No,Residential,1527151,Yes
5304,P03947,117.4,1,1,14,17,8.9,Apartment,No,No,Residential,1954823,No
5305,P08961,89.4,2,2,13,14,3.46,Apartment,No,No,Residential,1982743,Yes
5306,P02878,128.8,1,1,11,8,4.39,Apartment,No,No,Residential,3719355,Yes
5307,P04168,208.6,2,1,12,3,4.64,Duplex,Yes,No,Residential,6266215,Yes
5308,P03910,93.6,1,2,14,1,16.33,Apartment,Yes,No,Outskirts,1338209,No
5309,P01211,,3,2,6,15,11.62,Duplex,No,Yes,Suburban,3421489,No
5310,P00179,206.9,4,2,3,0,19.62,Villa,No,Yes,Outskirts,5578886,No
5311,P08182,81.6,1,2,13,,12.8,Apartment,No,No,Suburban,1120366,No
5312,P00620,139.3,3,2,8,39,0.5,Apartment,No,Yes,Downtown,4572695,Yes
5313,P06473,110.5,2,1,4,22,10.73,Duplex,No,No,Outskirts,1441370,No
5314,P02624,89.4,2,2,14,15,14.06,Apartment,No,No,Outskirts,1023083,No
5315,P02561,95,2,1,15,25,9.99,Apartment,No,No,Suburban,1853608,No
5316,P07591,208.6,3,3,1,8,6.47,Villa,No,Yes,Residential,4455635,Yes
5317,P07453,92.8,1,2,12,20,7.22,Apartment,No,Yes,Residential,2624132,No
5318,P04190,300,6,4,15,20,2.83,Villa,No,Yes,Residential,8582288,Yes
5319,P00311,230.7,4,2,0,17,7.91,Villa,No,Yes,Residential,7427363,No
5320,P05596,60.6,1,2,2,15,10.68,Apartment,Yes,Yes,Suburban,1302439,Yes
5321,P04239,126.1,1,1,12,5,9.57,Apartment,Yes,Yes,Suburban,1966576,Yes
5322,P07819,59.2,1,1,10,0,22.17,Apartment,No,No,Outskirts,384683,No
5323,P08225,192.7,4,3,6,11,6.44,Duplex,No,No,Residential,2920086,Yes
5324,P05346,170.6,2,2,1,,1.01,Apartment,No,Yes,Downtown,4077933,Yes
5325,P07542,177.9,2,1,4,6,6.04,Duplex,Yes,Yes,Residential,1825227,Yes
5326,P01933,194.2,3,3,1,8,12.46,Duplex,No,Yes,Suburban,2662713,Yes
5327,P03036,87.9,1,2,9,22,6.75,Apartment,No,No,Suburban,1066997,No
5328,P08585,106.9,1,1,11,18,21.49,Duplex,Yes,Yes,Outskirts,1307391,No
5329,P06085,84.7,2,2,5,13,1.33,Apartment,No,Yes,Downtown,2268381,Yes
5330,P07114,173.7,3,2,5,4,13.25,Duplex,No,Yes,Suburban,2234138,No
5331,P08657,182.5,3,3,0,18,1.61,Villa,Yes,Yes,Downtown,5688414,Yes
5332,P00041,,1,1,7,25,1.65,Apartment,No,Yes,Residential,2043996,Yes
5333,P00827,182,2,1,11,11,13.17,Villa,No,No,Suburban,3754918,No
5334,P04814,221.6,4,3,11,15,22.39,Duplex,No,Yes,Outskirts,3516870,No
5335,P03133,102.9,2,2,4,14,1.27,Apartment,No,Yes,Downtown,2153617,Yes
5336,P06397,,1,2,8,40,15.64,Apartment,No,No,Suburban,3005221,No
5337,P07396,234.8,5,4,2,30,20.74,Villa,No,No,Outskirts,4135874,No
5338,P07287,109.6,1,1,11,15,9.43,Apartment,No,Yes,Suburban,2285386,No
5339,P06913,93.3,1,2,12,2,9.81,Apartment,No,Yes,Suburban,1439528,No
5340,P08018,203.1,2,2,8,9,10.22,Duplex,No,No,Suburban,5201427,No
5341,P08902,174.1,3,2,10,5,15.32,Duplex,Yes,Yes,Outskirts,1161428,Yes
5342,P00528,52.3,2,2,7,1,15.43,Apartment,No,No,Outskirts,665314,Yes
5343,P03490,284.6,4,3,13,2,8.71,Villa,No,Yes,Residential,4838725,Yes
5344,P03296,50,1,2,5,,16.95,Apartment,No,Yes,Outskirts,443195,Yes
5345,P02319,150.8,3,3,3,8,6.57,Villa,No,Yes,Residential,2458636,Yes
5346,P02692,196.2,4,3,5,4,2.84,Duplex,Yes,Yes,Residential,5196231,Yes
5347,P04449,179.4,3,2,6,4,16.47,Duplex,No,Yes,Suburban,3304009,Yes
5348,P00895,57.7,1,2,5,6,8.36,Apartment,No,No,Suburban,1049765,No
5349,P04586,58.7,1,2,9,11,4.29,Apartment,No,Yes,Suburban,882877,Yes
5350,P04621,62.5,2,2,6,23,6.93,Apartment,No,No,Residential,1077264,Yes
5351,P03972,91.9,2,2,6,2,0.5,Apartment,No,Yes,Downtown,2310192,Yes
5352,P06081,79,1,1,2,12,0.5,Apartment,Yes,Yes,Downtown,1840535,Yes
5353,P00911,50,1,1,1,6,9.14,Apartment,No,No,Suburban,1117888,No
5354,P02542,189.4,2,1,2,13,1.79,Villa,Yes,Yes,Residential,5287744,Yes
5355,P02006,252.7,5,4,6,3,12.44,Villa,Yes,Yes,Outskirts,5084346,No
5356,P04600,105,1,1,11,3,3.34,Apartment,No,No,Residential,2510015,Yes
5357,P00559,129.2,3,3,6,0,10.03,Apartment,No,Yes,Suburban,2672031,Yes
5358,P00125,64.1,1,2,9,3,2.06,Villa,No,Yes,Downtown,3877401,No
5359,P01471,188.9,2,2,6,4,11.7,Duplex,No,Yes,Outskirts,2034195,No
5360,P07631,163.3,3,2,12,13,11.17,Villa,No,Yes,Suburban,2541700,Yes
5361,P06020,59.3,1,1,8,,19.18,Apartment,Yes,No,Outskirts,841809,No
5362,P05191,108.9,2,2,5,5,9.55,Apartment,No,No,Suburban,1785004,Yes
5363,P07207,149.4,3,3,1,11,16.09,Villa,No,No,Suburban,3653165,No
5364,P01775,115.4,1,2,13,2,2.84,Apartment,Yes,Yes,Suburban,3343126,Yes
5365,P01213,68,1,1,9,8,5.85,Apartment,No,No,Suburban,704744,Yes
5366,P01184,261.2,3,2,15,1,0.5,Duplex,Yes,Yes,Downtown,8150916,Yes
5367,P00225,93.5,1,2,4,30,7.96,Apartment,No,No,Residential,740770,No
5368,P06031,281.6,5,3,10,1,2.02,Villa,No,No,Residential,4080460,Yes
5369,P01952,159.6,1,2,14,7,0.82,Apartment,No,Yes,Downtown,4828745,Yes
5370,P05860,165.5,4,3,1,5,5.49,Duplex,Yes,Yes,Residential,4474557,Yes
5371,P05137,118.6,1,2,0,0,1.3,Apartment,No,No,Downtown,1983510,Yes
5372,P00429,,3,2,9,12,1.15,Duplex,No,Yes,Downtown,6213611,Yes
5373,P08924,123.3,3,3,1,14,3.82,Apartment,No,Yes,Residential,2884297,Yes
5374,P01372,62.9,2,1,14,14,14.77,Apartment,Yes,Yes,Outskirts,506019,No
5375,P04781,110.1,2,1,14,20,5.35,Apartment,Yes,No,Residential,1684662,Yes
5376,P08809,210.5,3,3,5,8,18.83,Villa,No,No,Outskirts,4710114,No
5377,P03252,71.2,1,1,10,9,13,Apartment,Yes,No,Suburban,513446,Yes
5378,P00828,92.8,2,2,1,1,5.46,Apartment,Yes,No,Residential,1239876,Yes
5379,P03310,119.3,3,2,14,15,0.5,Apartment,Yes,Yes,Downtown,3349094,Yes
5380,P04729,54.7,1,2,0,40,13.99,Apartment,No,Yes,Suburban,767822,No
5381,P03745,155.7,2,1,3,11,2.08,Duplex,No,Yes,Downtown,5952611,Yes
5382,P05338,97.6,2,2,6,1,12.9,Apartment,No,Yes,Suburban,1814256,No
5383,P02526,102.5,1,2,13,20,0.87,Apartment,No,Yes,Downtown,2024089,Yes
5384,P01672,118.3,1,1,2,40,9.23,Apartment,No,No,Suburban,1641968,No
5385,P02859,114.5,1,1,11,34,6.03,Apartment,No,No,Suburban,1283528,Yes
5386,P01278,71.2,1,1,2,32,0.5,Apartment,No,Yes,Downtown,1702207,Yes
5387,P00746,161.2,4,3,3,14,8.22,Duplex,Yes,Yes,Residential,5785487,Yes
5388,P07331,77.9,1,1,4,6,1.39,Apartment,No,Yes,Residential,2210467,No
5389,P04694,223,5,3,5,3,13.24,Villa,Yes,No,Outskirts,4157970,No
5390,P00142,107.2,1,2,2,5,2.16,Apartment,No,Yes,Residential,1972479,Yes
5391,P07156,58.6,1,2,2,8,10.98,Apartment,No,Yes,Suburban,852975,Yes
5392,P04901,95.9,2,2,0,3,4.88,Apartment,Yes,Yes,Residential,2013255,Yes
5393,P05302,125.2,2,1,7,40,3.47,Duplex,No,No,Suburban,1250778,No
5394,P06355,168.4,3,2,0,2,4.03,Duplex,No,No,Residential,3760407,Yes
5395,P07950,89.7,2,2,4,7,23.56,Apartment,No,No,Outskirts,871655,Yes
5396,P02249,117.9,1,1,15,13,4.76,Apartment,No,No,Residential,2089895,Yes
5397,P00455,130.9,2,1,10,19,0.98,Apartment,Yes,No,Downtown,2790554,No
5398,P04869,64.9,1,2,9,2,4.7,Apartment,No,Yes,Residential,1495937,Yes
5399,P05540,67.4,1,2,5,23,0.88,Apartment,No,Yes,Downtown,1349693,Yes
5400,P00507,168.1,2,1,12,26,4.99,Duplex,No,No,Residential,5015942,Yes
5401,P07189,73.7,1,1,4,33,0.69,Apartment,No,No,Downtown,774944,Yes
5402,P03652,92.4,2,2,10,13,5.97,Apartment,No,No,Residential,1828615,Yes
5403,P00441,234.9,4,2,0,4,19.95,Villa,No,Yes,Outskirts,3860780,No
5404,P03251,187.8,4,2,1,22,15.46,Duplex,Yes,No,Outskirts,3088681,No
5405,P01828,113.7,2,1,8,40,3.15,Apartment,Yes,Yes,Residential,2450669,No
5406,P00111,77.8,2,2,1,2,9.22,Apartment,No,No,Residential,1203863,Yes
5407,P06298,,1,1,15,7,9.41,Apartment,No,No,Suburban,1155022,Yes
5408,P02997,70.7,1,2,10,19,4.96,Apartment,No,No,Suburban,1254254,Yes
5409,P07389,144.4,1,1,9,5,0.5,Duplex,No,Yes,Downtown,4682216,Yes
5410,P06830,290.2,4,3,4,14,12.66,Duplex,Yes,No,Suburban,7120276,Yes
5411,P01518,90.8,1,1,14,3,16.07,Apartment,No,Yes,Outskirts,1657629,No
5412,P00985,133.8,3,3,14,4,0.78,Villa,No,Yes,Downtown,3265997,Yes
5413,P08088,65.5,1,1,4,13,0.92,Apartment,No,Yes,Downtown,1628435,Yes
5414,P01746,198.1,3,2,10,6,16,Villa,Yes,Yes,Suburban,3420464,No
5415,P01583,141.7,3,2,10,22,2.26,Apartment,Yes,No,Residential,2556544,Yes
5416,P05067,124.4,1,1,1,13,12.74,Duplex,No,No,Suburban,2151856,Yes
5417,P02448,167.8,3,3,12,1,3.01,Duplex,Yes,Yes,Residential,5349621,No
5418,P05722,102.3,2,1,10,7,0.5,Apartment,No,No,Downtown,3050185,Yes
5419,P06437,65.7,1,1,3,9,7.97,Apartment,No,No,Suburban,853176,Yes
5420,P03099,146.8,1,2,15,13,5.15,Apartment,No,No,Residential,2451898,Yes
5421,P08053,113.8,3,3,4,7,14.32,Apartment,No,Yes,Outskirts,2008583,Yes
5422,P00377,97.4,2,1,9,27,14.05,Apartment,No,No,Outskirts,1079388,No
5423,P08718,123.9,3,3,6,9,1.02,Duplex,No,Yes,Downtown,3030017,Yes
5424,P00206,203.1,2,1,15,4,6.79,Duplex,Yes,No,Residential,4216686,Yes
5425,P02195,206.2,4,2,13,13,7.49,Duplex,Yes,Yes,Suburban,4797842,No
5426,P06116,118.3,3,3,4,5,9.36,Duplex,No,Yes,Suburban,3254263,No
5427,P06150,92.9,1,1,11,25,1.84,Apartment,Yes,Yes,Suburban,988419,Yes
5428,P07381,91.1,2,1,8,11,4.75,Apartment,No,Yes,Residential,2044787,Yes
5429,P02179,151,2,2,12,10,3.68,Duplex,No,Yes,Residential,4209865,Yes
5430,P03702,242.2,5,3,0,6,3.65,Villa,No,Yes,Residential,5894800,Yes
5431,P03529,72.1,1,1,10,33,13.69,Apartment,No,No,Outskirts,1121909,No
5432,P00419,82.4,1,1,13,2,0.5,Apartment,No,Yes,Downtown,2568772,Yes
5433,P00284,238.8,4,2,11,1,7.12,Duplex,No,Yes,Residential,6430967,Yes
5434,P03551,118.5,2,1,3,7,14.7,Duplex,Yes,Yes,Outskirts,1514033,Yes
5435,P04075,135.8,1,1,0,11,2.99,Duplex,No,Yes,Downtown,2279743,Yes
5436,P00872,,1,2,3,11,1.13,Apartment,No,Yes,Downtown,2145180,Yes
5437,P02146,134.5,1,2,2,22,10.14,Apartment,Yes,No,Outskirts,1960792,No
5438,P06235,250.4,3,3,10,4,6.32,Villa,No,Yes,Residential,5163375,Yes
5439,P00355,80.1,1,2,7,4,7.17,Apartment,No,Yes,Residential,1561308,Yes
5440,P06624,190.9,4,2,6,,3.02,Duplex,Yes,Yes,Residential,3543503,No
5441,P02363,150.8,3,2,8,12,3.98,Duplex,Yes,Yes,Residential,3982804,Yes
5442,P08993,84.9,2,1,4,3,0.5,Apartment,No,Yes,Downtown,2358964,Yes
5443,P08332,131.8,3,2,6,8,8.06,Apartment,Yes,No,Suburban,2578232,No
5444,P07485,206.4,3,2,7,18,7.04,Villa,No,Yes,Residential,7316845,Yes
5445,P05262,,3,3,7,18,9.19,Apartment,No,Yes,Suburban,3295655,No
5446,P01141,130.7,2,2,6,1,1.92,Duplex,No,Yes,Residential,2388139,Yes
5447,P05520,93.6,1,2,10,3,11.04,Apartment,Yes,Yes,Suburban,2433413,Yes
5448,P08817,96,1,1,4,,16.3,Apartment,Yes,No,Outskirts,1761409,No
5449,P04187,208.2,4,3,15,21,1.37,Duplex,No,Yes,Downtown,3944502,Yes
5450,P04555,98.1,1,1,0,7,2.48,Apartment,Yes,No,Residential,3521607,No
5451,P02024,93,1,2,2,4,9.32,Apartment,Yes,No,Residential,2265424,No
5452,P08151,199.5,4,2,11,3,11.17,Duplex,No,Yes,Suburban,5009006,Yes
5453,P01639,235.5,5,4,8,4,6.24,Villa,Yes,No,Residential,7070086,Yes
5454,P00779,51.5,1,1,5,8,13.22,Apartment,No,Yes,Suburban,964525,No
5455,P04522,117.1,1,2,1,9,4.97,Villa,Yes,No,Residential,3395801,No
5456,P07258,100.6,2,1,9,26,14.17,Apartment,Yes,No,Outskirts,1291065,No
5457,P00376,269,3,2,2,1,1.47,Villa,Yes,Yes,Downtown,11277408,Yes
5458,P02423,156.1,2,1,12,3,18.65,Apartment,Yes,No,Suburban,2205681,Yes
5459,P04980,131.9,2,1,8,2,17.49,Duplex,No,Yes,Outskirts,2182631,Yes
5460,P04788,66.3,2,1,15,20,12.23,Apartment,No,No,Suburban,1003370,No
5461,P08582,103.2,1,1,0,8,2.22,Apartment,No,Yes,Residential,1997617,Yes
5462,P07725,74.9,1,1,0,21,18.09,Apartment,Yes,No,Outskirts,1238237,No
5463,P06409,265.1,4,2,2,13,13.19,Villa,No,No,Suburban,5937360,No
5464,P05620,243.7,3,3,5,32,0.94,Villa,Yes,Yes,Downtown,5605326,Yes
5465,P04414,254,3,2,1,1,0.65,Villa,Yes,Yes,Downtown,5217707,Yes
5466,P03347,53.8,1,1,13,8,11.38,Apartment,Yes,No,Suburban,796301,No
5467,P01169,77,1,1,13,2,14.48,Apartment,Yes,Yes,Outskirts,952135,Yes
5468,P08340,174.9,2,2,6,6,10.78,Villa,No,Yes,Suburban,4432868,Yes
5469,P01903,119.5,3,2,2,1,21.23,Apartment,No,No,Outskirts,1826718,No
5470,P00631,84.8,1,2,4,11,14.28,Apartment,Yes,Yes,Outskirts,1372095,No
5471,P04605,170.3,2,1,0,5,11.13,Villa,No,Yes,Suburban,2106298,Yes
5472,P04330,135.5,3,3,6,6,12.24,Duplex,No,Yes,Outskirts,1687784,Yes
5473,P08606,170.7,4,3,0,8,5.12,Apartment,Yes,Yes,Residential,3691990,Yes
5474,P03209,,5,3,5,0,0.5,Villa,No,Yes,Downtown,8259050,Yes
5475,P02595,100.7,2,1,10,23,2.25,Apartment,Yes,No,Residential,1084064,Yes
5476,P00177,61.5,1,2,5,2,4.33,Apartment,No,No,Residential,1247240,Yes
5477,P07343,69.2,1,2,7,11,11.75,Apartment,No,Yes,Outskirts,603979,No
5478,P03898,156.5,2,2,0,13,4.6,Duplex,No,No,Residential,4049799,Yes
5479,P08785,187,2,1,3,11,12.24,Duplex,Yes,Yes,Suburban,2647888,Yes
5480,P05553,133.8,2,2,10,19,4.72,Apartment,No,Yes,Residential,2386430,Yes
5481,P08751,76.4,1,2,7,7,9.07,Apartment,No,Yes,Suburban,1228462,No
5482,P04851,117.3,2,2,14,1,3.64,Apartment,No,Yes,Residential,3309171,Yes
5483,P04888,87.6,1,1,15,,8.51,Apartment,No,Yes,Suburban,1096581,No
5484,P07115,122.8,2,1,13,40,17.5,Apartment,No,No,Outskirts,926701,No
5485,P03934,184.1,3,3,4,15,1.69,Duplex,No,No,Downtown,5019343,No
5486,P01551,74.6,1,2,14,3,1.85,Apartment,No,No,Downtown,1893868,Yes
5487,P08237,50,1,2,3,34,7.26,Apartment,Yes,No,Outskirts,910307,No
5488,P08138,58.9,1,2,0,19,1.02,Apartment,No,Yes,Downtown,1284955,Yes
5489,P00126,70.9,1,2,2,9,4.68,Apartment,Yes,Yes,Residential,2365055,No
5490,P03782,113.5,2,2,12,4,19.88,Apartment,No,Yes,Outskirts,2331122,No
5491,P03367,124.6,2,1,11,32,10.14,Duplex,No,Yes,Suburban,2035649,No
5492,P08985,202.2,3,2,11,29,11.85,Villa,No,Yes,Suburban,5047316,Yes
5493,P01600,143.6,3,2,15,2,6.58,Apartment,Yes,No,Residential,3916307,Yes
5494,P01503,143.9,2,2,10,12,6.99,Duplex,No,Yes,Residential,5549163,Yes
5495,P07498,82.1,1,1,2,24,11.82,Apartment,No,No,Suburban,1052860,Yes
5496,P02015,111.1,1,2,2,34,4.05,Apartment,No,Yes,Residential,3581708,No
5497,P03206,209.6,4,3,3,5,5.57,Villa,No,Yes,Residential,4935657,Yes
5498,P05541,125.6,1,1,5,15,24.27,Apartment,Yes,Yes,Outskirts,2278700,No
5499,P07794,227,5,3,2,10,7.02,Villa,No,No,Residential,4737034,No
5500,P02440,267.8,5,4,0,24,5.7,Villa,Yes,No,Suburban,5349836,Yes
5501,P05515,145.3,3,2,9,23,0.5,Apartment,No,No,Downtown,3345542,Yes
5502,P06833,77.9,2,1,11,5,6.31,Apartment,Yes,Yes,Residential,1776810,Yes
5503,P01417,207.7,3,3,0,17,10.14,Villa,No,Yes,Suburban,4576269,No
5504,P05261,280.7,6,4,3,11,11.28,Villa,No,No,Suburban,4881497,No
5505,P06229,193.2,2,2,4,10,7.88,Duplex,No,Yes,Residential,6200913,Yes
5506,P05862,95.5,2,2,8,10,0.5,Apartment,No,No,Downtown,3282189,Yes
5507,P05265,122.5,3,3,11,,5.96,Apartment,No,No,Residential,3102741,Yes
5508,P01416,82.4,1,2,12,19,8.19,Apartment,Yes,No,Suburban,1582233,No
5509,P05004,248.8,5,3,3,2,1.73,Villa,No,Yes,Downtown,9848002,Yes
5510,P04332,56.3,2,1,0,0,19.86,Apartment,No,Yes,Outskirts,868896,No
5511,P04397,86.2,1,2,11,3,1.11,Apartment,No,No,Downtown,1863864,Yes
5512,P02741,178.7,3,2,12,2,1.38,Duplex,No,Yes,Downtown,4198464,Yes
5513,P06256,189,4,2,11,14,22.92,Villa,Yes,No,Outskirts,2500768,No
5514,P08243,74.5,1,2,13,3,15.46,Apartment,No,No,Outskirts,627898,No
5515,P04531,218.6,4,2,0,19,9.91,Villa,No,Yes,Suburban,4417397,Yes
5516,P01830,91.2,1,1,5,40,5.58,Apartment,No,No,Residential,2296858,No
5517,P07052,161.5,3,3,2,27,7.88,Villa,No,Yes,Residential,2744386,Yes
5518,P06982,128.3,2,2,1,3,6.64,Apartment,Yes,No,Outskirts,2795378,Yes
5519,P08766,157.5,2,2,3,4,5.24,Apartment,No,No,Residential,2310532,Yes
5520,P04959,107.2,1,1,15,36,4.97,Apartment,No,Yes,Residential,2834184,Yes
5521,P07284,86.5,1,1,6,1,2.33,Apartment,Yes,Yes,Downtown,2542161,Yes
5522,P05237,97.9,2,2,14,7,3.48,Apartment,No,Yes,Downtown,3787395,Yes
5523,P07700,197.6,2,2,8,21,7.63,Duplex,Yes,Yes,Suburban,2937758,Yes
5524,P00936,112.5,2,1,1,1,1.48,Duplex,No,Yes,Residential,3337960,Yes
5525,P06360,88.6,1,1,14,18,5.73,Apartment,Yes,Yes,Residential,2629574,Yes
5526,P08786,56.2,1,2,0,40,4.61,Duplex,Yes,Yes,Residential,1731689,No
5527,P02746,138.4,1,2,11,1,17.59,Apartment,No,No,Suburban,1310948,No
5528,P07520,66.7,1,1,8,33,2.01,Apartment,Yes,No,Downtown,1635630,Yes
5529,P01934,219.8,4,2,11,10,13.66,Villa,No,No,Outskirts,4185945,No
5530,P07606,180.5,4,3,15,16,9.9,Duplex,Yes,Yes,Outskirts,2633767,No
5531,P07469,104.4,2,2,12,9,12.85,Apartment,No,Yes,Suburban,1633919,Yes
5532,P00929,107.7,3,2,15,1,12.61,Apartment,Yes,No,Suburban,1812716,Yes
5533,P06240,189.3,2,2,7,14,11.72,Duplex,No,Yes,Suburban,4180571,Yes
5534,P03863,116.4,2,2,10,15,9.99,Apartment,No,No,Suburban,2452467,No
5535,P04378,59.4,1,1,9,6,1.14,Apartment,Yes,Yes,Downtown,1370980,Yes
5536,P08295,,2,2,6,32,9.7,Apartment,No,Yes,Suburban,1046488,Yes
5537,P03002,81.7,1,1,6,10,5.04,Apartment,No,Yes,Suburban,1839005,No
5538,P06215,104.4,1,2,1,36,5.83,Apartment,No,Yes,Residential,2359719,Yes
5539,P01579,50,1,1,13,1,25,Apartment,Yes,Yes,Outskirts,321130,No
5540,P04436,99.7,1,2,14,21,8.79,Apartment,Yes,Yes,Suburban,1310695,No
5541,P02510,159.7,1,2,1,4,14.96,Villa,No,Yes,Suburban,3188749,Yes
5542,P00898,131.1,2,2,14,6,0.91,Duplex,No,Yes,Residential,2525792,Yes
5543,P06347,203,2,1,14,11,24.99,Duplex,No,No,Outskirts,3265339,No
5544,P03957,149.8,3,2,15,40,17.46,Duplex,Yes,Yes,Outskirts,1900957,No
5545,P04492,50,1,1,6,19,11.56,Apartment,No,No,Outskirts,350764,No
5546,P04275,154.7,3,3,8,14,3.41,Duplex,No,No,Residential,4549789,Yes
5547,P07559,184.4,2,2,1,16,19.17,Duplex,No,Yes,Outskirts,1866194,No
5548,P07995,167.8,4,3,11,5,1.65,Duplex,No,Yes,Downtown,2464975,Yes
5549,P03019,177.8,2,1,8,3,6.33,Duplex,No,No,Residential,6385482,Yes
5550,P05164,58.9,2,1,14,13,3.61,Apartment,No,No,Residential,1017427,Yes
5551,P00803,66.1,2,2,4,19,20.13,Apartment,No,No,Outskirts,670062,No
5552,P01919,205.6,4,2,12,30,12.92,Duplex,No,No,Suburban,5094734,No
5553,P06325,174.5,2,2,7,25,13.53,Duplex,Yes,Yes,Suburban,4424878,No
5554,P06019,124.3,2,1,0,4,11.66,Duplex,No,Yes,Suburban,2344163,No
5555,P00207,114.6,1,1,5,4,0.5,Apartment,Yes,Yes,Downtown,3670452,Yes
5556,P03100,231.9,4,3,7,1,3.11,Duplex,No,Yes,Downtown,3366708,Yes
5557,P04548,88.8,1,1,8,34,1.38,Apartment,No,Yes,Residential,2205314,No
5558,P08262,143,1,1,11,11,0.5,Duplex,No,Yes,Downtown,2371358,Yes
5559,P02988,92.8,2,2,6,26,10.53,Apartment,No,No,Suburban,1369985,No
5560,P00070,120.8,3,2,3,22,2.64,Apartment,Yes,Yes,Residential,3382256,Yes
5561,P02386,50,2,2,14,2,8.38,Apartment,No,No,Suburban,1119927,No
5562,P08268,259.7,3,3,3,35,0.5,Villa,No,No,Downtown,7570345,Yes
5563,P06177,57.1,1,2,4,40,5.89,Apartment,No,Yes,Suburban,250000,Yes
5564,P00993,151.7,1,1,8,0,11.95,Duplex,No,Yes,Suburban,3855729,Yes
5565,P03320,253.5,4,2,2,3,9.15,Villa,Yes,Yes,Residential,4438175,Yes
5566,P03374,72.9,1,2,12,3,0.5,Apartment,No,Yes,Downtown,1960108,Yes
5567,P03665,168.3,3,2,5,9,3.13,Duplex,No,Yes,Residential,3416662,Yes
5568,P02167,149.9,1,2,13,7,18.2,Duplex,No,Yes,Outskirts,2608319,No
5569,P05316,120.4,1,1,12,29,1.51,Villa,No,Yes,Residential,3012801,Yes
5570,P04031,94.2,1,1,11,0,5.54,Apartment,No,No,Suburban,1440259,Yes
5571,P00859,104.1,2,2,8,13,2.25,Apartment,Yes,Yes,Residential,2344534,Yes
5572,P00466,103.3,2,1,1,13,6.59,Apartment,No,No,Suburban,1468789,Yes
5573,P08922,85,2,2,1,13,14.29,Apartment,No,Yes,Suburban,1644189,No
5574,P00297,110.5,1,1,8,10,15.4,Apartment,No,Yes,Outskirts,1425026,Yes
5575,P06884,131.5,3,2,10,16,23.7,Duplex,No,Yes,Outskirts,1745311,No
5576,P01359,64,2,2,14,5,11.64,Apartment,Yes,No,Suburban,962510,Yes
5577,P06681,76.9,1,1,13,18,17.19,Apartment,No,Yes,Suburban,1073726,Yes
5578,P08910,74.3,1,2,5,,3.74,Duplex,Yes,Yes,Residential,2594898,Yes
5579,P06981,92.6,2,2,12,40,11.76,Apartment,No,No,Outskirts,789990,No
5580,P04676,265.6,3,2,3,1,1.7,Villa,Yes,Yes,Downtown,11758038,Yes
5581,P08851,257.9,5,3,7,40,5.56,Villa,No,Yes,Residential,7491787,No
5582,P07042,126.7,1,2,11,7,1.22,Apartment,No,Yes,Downtown,3809996,Yes
5583,P08960,160.1,4,2,13,1,9.41,Duplex,No,Yes,Suburban,2139440,No
5584,P02544,127,2,1,6,13,5.08,Duplex,No,Yes,Residential,2433957,Yes
5585,P05731,50,1,1,8,7,9.31,Apartment,No,No,Residential,262916,Yes
5586,P02091,128.4,3,2,4,2,4.06,Duplex,No,Yes,Residential,3481174,Yes
5587,P05970,50,1,2,11,28,12.03,Apartment,Yes,Yes,Suburban,1206206,No
5588,P01256,193.4,3,3,13,6,10.65,Duplex,No,Yes,Outskirts,3276211,No
5589,P02155,201.5,4,2,3,24,6.05,Villa,No,Yes,Suburban,5546238,Yes
5590,P01288,65,2,2,11,11,8.05,Apartment,No,Yes,Residential,1448122,No
5591,P02873,215.2,4,3,8,7,0.61,Villa,No,Yes,Downtown,4395031,Yes
5592,P06499,100.8,2,2,13,13,1.5,Apartment,No,Yes,Residential,855223,Yes
5593,P08169,190.7,2,2,1,22,6.23,Villa,Yes,No,Residential,8311336,No
5594,P02184,121.2,3,3,10,40,2.5,Duplex,No,Yes,Downtown,4103458,Yes
5595,P03026,118.7,1,2,6,40,0.93,Apartment,Yes,Yes,Downtown,3830761,No
5596,P08981,218.9,3,3,9,0,17.19,Villa,No,Yes,Suburban,3536043,Yes
5597,P08610,93.4,2,1,0,20,0.5,Apartment,No,No,Downtown,887989,Yes
5598,P08324,50,1,2,1,18,16.56,Apartment,Yes,Yes,Outskirts,463052,No
5599,P08098,256,3,3,12,2,11.33,Duplex,No,No,Suburban,3665402,Yes
5600,P07711,,2,1,12,30,4.81,Apartment,No,Yes,Residential,1265608,Yes
5601,P07263,199.4,2,1,5,1,16.65,Duplex,Yes,Yes,Suburban,2899859,Yes
5602,P04036,103.9,1,1,4,1,6.57,Apartment,No,Yes,Residential,3370282,No
5603,P06354,199.1,3,3,8,40,7.61,Villa,No,Yes,Residential,6899574,No
5604,P06672,114.9,3,2,9,33,7.86,Apartment,No,Yes,Residential,3655109,No
5605,P08665,100,1,1,0,17,0.5,Apartment,No,No,Downtown,2443611,Yes
5606,P03896,93.2,1,2,7,21,5.45,Apartment,No,No,Suburban,1948516,No
5607,P00837,107.9,3,3,7,5,1.47,Apartment,No,Yes,Suburban,2788834,Yes
5608,P05476,82,2,1,0,1,0.5,Apartment,No,No,Downtown,1889540,Yes
5609,P00546,128.5,2,2,12,40,1.13,Apartment,No,No,Residential,3131734,No
5610,P04612,77.9,1,1,8,2,1.7,Apartment,No,No,Residential,2048597,No
5611,P02410,50,1,1,13,7,18.44,Apartment,Yes,No,Outskirts,698416,No
5612,P03210,121.8,3,3,2,4,0.5,Duplex,No,Yes,Downtown,4254886,Yes
5613,P07094,143.8,3,3,7,35,9.47,Duplex,No,Yes,Suburban,3440182,Yes
5614,P00430,238.9,5,4,2,3,15.73,Villa,Yes,No,Outskirts,4391403,No
5615,P04900,83.8,2,2,8,2,8.38,Apartment,No,No,Suburban,1055870,Yes
5616,P08514,295.5,5,4,1,9,14.77,Villa,Yes,Yes,Outskirts,5603720,No
5617,P08870,109.3,1,1,9,5,15.98,Duplex,No,No,Suburban,3119918,Yes
5618,P08601,89.3,1,1,11,1,9.73,Apartment,No,No,Suburban,1306013,No
5619,P01980,181.8,4,3,15,40,5.7,Duplex,Yes,Yes,Residential,4562518,No
5620,P07166,294.8,5,3,1,4,2.76,Villa,No,Yes,Residential,7744238,Yes
5621,P06404,63.4,1,2,10,14,16.48,Apartment,No,No,Suburban,1103110,No
5622,P06903,50,2,1,11,20,8.63,Apartment,No,No,Suburban,917733,Yes
5623,P00269,83.2,1,2,15,24,0.88,Apartment,No,Yes,Downtown,2654687,No
5624,P03932,187,4,3,11,13,7.05,Duplex,No,Yes,Suburban,6092630,No
5625,P08690,197.3,2,2,14,12,22.35,Duplex,Yes,Yes,Outskirts,1886395,No
5626,P00018,123.7,2,2,14,1,0.74,Apartment,No,Yes,Downtown,3209114,Yes
5627,P01152,50,1,1,15,3,14.36,Apartment,No,Yes,Outskirts,389192,Yes
5628,P04875,103.6,1,1,1,14,14.57,Apartment,No,No,Suburban,1314637,No
5629,P06444,53.8,1,1,1,13,16.41,Apartment,No,No,Outskirts,450869,No
5630,P00253,199,3,3,2,6,2.69,Duplex,No,Yes,Residential,5153687,Yes
5631,P04740,93.6,1,1,0,22,9.2,Apartment,No,Yes,Suburban,1847882,Yes
5632,P01505,88.3,1,2,11,13,18.79,Apartment,No,Yes,Outskirts,977977,No
5633,P03470,121.1,2,2,14,19,16.33,Apartment,No,Yes,Outskirts,1803866,No
5634,P04193,112.3,1,1,3,5,16.41,Duplex,No,No,Suburban,3143858,No
5635,P06924,169.7,2,2,15,8,19,Duplex,Yes,Yes,Suburban,2157486,No
5636,P06112,152,3,3,0,22,2.7,Duplex,Yes,No,Residential,4644243,No
5637,P07072,154.2,3,3,1,1,7.78,Duplex,No,No,Residential,3937006,Yes
5638,P03536,139.7,1,2,14,1,8.12,Apartment,No,Yes,Suburban,2945375,No
5639,P02161,,3,3,7,14,6.69,Apartment,Yes,Yes,Residential,2280353,Yes
5640,P07182,109.4,2,1,4,33,3.88,Apartment,Yes,Yes,Residential,1398903,No
5641,P05608,128.1,2,2,3,7,11.48,Apartment,No,No,Suburban,1455230,Yes
5642,P06934,75.6,2,2,14,9,9.85,Apartment,Yes,No,Suburban,1922109,Yes
5643,P00077,269.8,3,3,12,5,7.79,Villa,No,Yes,Residential,7361359,Yes
5644,P05998,203.1,4,2,8,10,14.56,Villa,No,Yes,Outskirts,3720768,No
5645,P04985,238.3,4,2,0,6,3.75,Duplex,Yes,No,Residential,6533555,Yes
5646,P08609,231.9,3,2,2,2,7.72,Duplex,No,Yes,Residential,4463513,Yes
5647,P07427,84.4,1,2,2,40,13.83,Apartment,No,No,Outskirts,557167,No
5648,P03093,67.4,1,1,7,9,23.18,Apartment,Yes,Yes,Outskirts,807984,No
5649,P03958,198.5,3,2,15,13,18.49,Villa,Yes,Yes,Outskirts,5010684,Yes
5650,P08372,63.8,2,2,4,5,15.2,Apartment,No,Yes,Suburban,1264408,Yes
5651,P05486,142.5,2,1,13,20,20.37,Duplex,Yes,Yes,Outskirts,2262984,No
5652,P03500,168.4,4,2,15,4,25,Apartment,No,Yes,Outskirts,1361109,No
5653,P01080,221.8,4,3,1,6,2.59,Villa,Yes,Yes,Residential,4943656,Yes
5654,P03915,200,4,3,5,13,3.34,Duplex,No,Yes,Residential,4738767,Yes
5655,P04944,59,1,2,12,18,23.63,Apartment,Yes,Yes,Outskirts,664116,No
5656,P06402,98,2,1,11,34,4.92,Apartment,No,Yes,Residential,1723438,Yes
5657,P08494,177.6,4,2,2,2,25,Apartment,Yes,No,Outskirts,3221183,No
5658,P00561,121.4,3,2,14,19,2.59,Apartment,Yes,Yes,Downtown,1422598,No
5659,P07882,158.4,1,1,6,8,0.64,Duplex,No,Yes,Downtown,7197088,No
5660,P06802,68.9,1,1,11,8,11.11,Apartment,No,Yes,Suburban,902350,No
5661,P03514,117.8,3,2,13,4,25,Duplex,Yes,No,Outskirts,1825014,No
5662,P04118,248,3,2,14,13,21.26,Villa,No,Yes,Outskirts,4393929,No
5663,P04539,208.4,3,2,2,2,0.66,Villa,Yes,No,Downtown,4206622,Yes
5664,P02123,69,2,1,4,13,8.49,Apartment,No,No,Residential,1383225,Yes
5665,P07412,167.4,2,2,0,26,15.26,Duplex,No,No,Suburban,2464478,Yes
5666,P08311,140.7,1,1,6,6,18.83,Duplex,No,Yes,Outskirts,2273264,Yes
5667,P08806,,5,4,8,11,14.5,Villa,No,Yes,Suburban,5095491,Yes
5668,P00908,233.5,4,2,3,15,1.96,Villa,No,Yes,Downtown,8406349,Yes
5669,P01977,162.8,2,2,11,5,5.7,Apartment,Yes,Yes,Residential,2650421,Yes
5670,P03825,105.9,2,2,2,12,14.1,Apartment,Yes,Yes,Suburban,1501497,No
5671,P04331,88,1,1,5,2,1.52,Apartment,No,No,Downtown,2371637,Yes
5672,P02198,175.7,4,3,1,11,10.99,Duplex,No,Yes,Suburban,4369121,Yes
5673,P03968,52.9,2,1,1,3,0.5,Apartment,No,Yes,Downtown,1392028,Yes
5674,P02229,77.6,1,1,5,15,2.13,Apartment,No,Yes,Downtown,1327943,Yes
5675,P06516,65.9,2,2,5,14,5.78,Apartment,No,No,Residential,1960791,No
5676,P06093,140,2,2,10,,13.87,Duplex,No,Yes,Suburban,1835617,Yes
5677,P03280,94.9,2,1,0,15,3.14,Apartment,No,Yes,Downtown,3445641,No
5678,P08682,96.6,2,2,10,40,13.23,Apartment,No,Yes,Suburban,1643248,No
5679,P03860,145.6,3,3,7,8,1.13,Duplex,No,Yes,Downtown,3554319,Yes
5680,P08832,101.6,1,2,1,34,7.52,Apartment,No,No,Suburban,1293356,No
5681,P05706,154.8,2,2,1,40,6.94,Villa,No,Yes,Residential,3289222,No
5682,P06561,134.8,3,3,10,8,6.01,Apartment,No,Yes,Residential,5136025,Yes
5683,P08188,179,4,2,2,3,4.94,Villa,No,Yes,Residential,5158416,No
5684,P01636,62.5,1,1,0,7,2.96,Apartment,No,No,Residential,1228716,No
5685,P02062,178.5,3,3,0,5,9.79,Duplex,Yes,Yes,Residential,4644374,Yes
5686,P04154,,5,4,0,3,4.58,Villa,No,Yes,Residential,7432929,Yes
5687,P03761,124,2,2,9,0,14.68,Apartment,Yes,Yes,Outskirts,2497814,No
5688,P07669,92.6,1,2,5,,7.03,Apartment,No,No,Suburban,1071281,Yes
5689,P02193,194.6,2,2,7,12,10.37,Duplex,No,No,Suburban,2249936,No
5690,P01473,92,1,1,15,8,0.94,Apartment,No,No,Downtown,2740420,No
5691,P08282,230.9,3,3,12,7,12.08,Villa,Yes,Yes,Suburban,5363682,Yes
5692,P01204,137.3,3,3,2,18,13.44,Apartment,No,Yes,Suburban,3821320,Yes
5693,P07239,61.6,2,2,4,4,8.22,Apartment,Yes,Yes,Residential,1641001,Yes
5694,P00647,171.8,2,2,4,8,0.5,Villa,No,Yes,Downtown,2110175,Yes
5695,P07295,244.7,4,3,0,5,13.86,Villa,Yes,Yes,Suburban,4954884,Yes
5696,P08798,206.4,2,1,2,4,19.7,Villa,Yes,Yes,Suburban,4296261,Yes
5697,P05665,145.8,3,3,11,2,4.84,Duplex,No,Yes,Residential,3365176,Yes
5698,P03076,200.3,2,1,2,40,17.09,Duplex,No,No,Outskirts,2354769,No
5699,P06907,86.2,2,2,5,12,9.95,Apartment,No,Yes,Suburban,2200907,No
5700,P03072,173.9,2,1,13,24,19.76,Duplex,Yes,Yes,Outskirts,2480618,No
5701,P05686,59.1,1,1,15,,1.9,Apartment,Yes,Yes,Downtown,2329798,Yes
5702,P03603,93.4,2,2,2,38,8.3,Duplex,Yes,Yes,Suburban,2528536,No
5703,P05105,224.2,4,2,2,19,23.72,Villa,No,Yes,Outskirts,3213977,No
5704,P08975,262,5,3,0,7,4.62,Villa,Yes,Yes,Residential,7190120,Yes
5705,P01580,175.1,2,1,4,6,17.93,Duplex,No,Yes,Outskirts,3224666,Yes
5706,P01305,198.1,4,3,11,2,21.5,Villa,No,Yes,Outskirts,2160376,Yes
5707,P05392,115.5,1,1,14,6,2.86,Apartment,No,No,Residential,2364881,Yes
5708,P00347,153.3,1,1,1,7,16.26,Apartment,Yes,Yes,Outskirts,1912359,No
5709,P04599,134.7,1,2,4,11,6.88,Apartment,No,No,Residential,1377007,Yes
5710,P05329,98.9,1,1,14,13,3.83,Apartment,Yes,Yes,Residential,2093883,Yes
5711,P01644,113.9,1,1,12,6,3.66,Apartment,No,No,Residential,1994638,Yes
5712,P02991,120.8,1,2,1,31,15.66,Apartment,No,Yes,Suburban,1079370,No
5713,P00834,217.2,5,4,10,4,12.65,Duplex,No,Yes,Suburban,4018089,No
5714,P08668,180.6,2,1,3,12,9.79,Duplex,No,No,Suburban,3642801,No
5715,P07920,99.1,1,2,3,11,6.44,Apartment,No,No,Residential,3008154,No
5716,P01165,50,1,2,6,13,0.5,Apartment,No,Yes,Downtown,1581396,Yes
5717,P03596,76.4,1,1,10,22,20.7,Apartment,Yes,Yes,Outskirts,861356,No
5718,P06662,143.9,3,2,0,8,25,Apartment,No,Yes,Outskirts,642809,Yes
5719,P05522,224,4,2,3,28,2.5,Villa,No,Yes,Residential,4023701,Yes
5720,P04639,50,2,2,10,35,2.71,Apartment,No,Yes,Downtown,1471177,No
5721,P01492,222.3,5,4,0,12,14.1,Villa,No,Yes,Outskirts,2405334,No
5722,P08921,144.4,1,1,10,2,8.22,Apartment,Yes,No,Residential,2862851,Yes
5723,P03051,111.7,2,2,6,4,18.7,Apartment,No,No,Outskirts,2112606,No
5724,P08005,173.7,4,2,13,8,6.26,Villa,No,Yes,Suburban,2799282,Yes
5725,P04662,71,1,2,5,6,14.63,Apartment,No,Yes,Outskirts,746326,Yes
5726,P00264,231.1,3,3,2,9,1.47,Villa,No,Yes,Downtown,6438902,Yes
5727,P08545,189.3,4,3,2,3,6.65,Villa,Yes,Yes,Residential,586996,Yes
5728,P05421,208.1,2,2,1,15,5.36,Villa,Yes,No,Residential,4954759,Yes
5729,P00382,,2,1,14,4,17.37,Apartment,No,No,Outskirts,759842,No
5730,P04500,99.3,2,1,14,12,13.9,Apartment,No,Yes,Suburban,1221461,Yes
5731,P00614,260.2,5,3,1,,20.94,Villa,Yes,Yes,Outskirts,4434724,Yes
5732,P04135,118.2,3,3,8,4,8.96,Apartment,No,Yes,Suburban,2101033,No
5733,P00216,146.7,2,2,7,4,20.55,Duplex,No,Yes,Suburban,2193301,No
5734,P08462,74.7,1,2,6,6,10.02,Apartment,Yes,Yes,Suburban,1642412,Yes
5735,P05199,66.7,2,1,5,15,7.37,Apartment,Yes,Yes,Suburban,1207313,Yes
5736,P06496,86.7,1,2,11,5,0.66,Apartment,No,No,Downtown,2105912,Yes
5737,P03427,120.6,2,1,2,1,0.55,Apartment,No,No,Downtown,3810205,Yes
5738,P02866,238.1,3,3,3,23,1.26,Villa,No,Yes,Downtown,5991101,Yes
5739,P03387,120.5,1,1,11,14,9.09,Apartment,No,Yes,Suburban,1760099,Yes
5740,P01113,107.9,3,2,1,40,14.77,Apartment,Yes,Yes,Suburban,2374946,No
5741,P03404,136.1,3,3,3,2,21.62,Villa,No,Yes,Outskirts,2651831,No
5742,P07959,74.5,1,2,13,5,0.5,Apartment,No,Yes,Downtown,1613918,Yes
5743,P07127,196.7,2,1,4,11,6.44,Villa,No,No,Residential,6565872,Yes
5744,P01694,98.6,1,1,10,8,8.24,Apartment,No,Yes,Suburban,1840069,Yes
5745,P05714,95.1,2,1,14,19,5.27,Apartment,No,No,Suburban,1033705,Yes
5746,P08694,197.3,2,2,2,3,0.9,Duplex,Yes,No,Downtown,2864412,Yes
5747,P03056,246.4,5,3,0,0,4.14,Villa,No,No,Residential,6753851,Yes
5748,P00033,152.5,1,1,12,17,4.45,Duplex,No,Yes,Residential,3577711,No
5749,P00115,63.7,1,1,3,7,2.62,Apartment,Yes,Yes,Downtown,2501127,Yes
5750,P04812,55.1,2,2,14,1,14.85,Apartment,No,No,Suburban,1040956,No
5751,P06931,135.8,1,2,0,2,5.92,Apartment,No,No,Residential,3665180,Yes
5752,P04917,136.2,1,1,14,1,8.43,Duplex,No,Yes,Suburban,4130232,No
5753,P07628,145.9,3,3,0,23,16.69,Villa,Yes,Yes,Outskirts,1758408,No
5754,P03272,156,3,3,11,40,6.98,Duplex,No,Yes,Suburban,5364382,No
5755,P00587,117.7,3,3,14,12,0.5,Apartment,Yes,Yes,Downtown,3299801,Yes
5756,P01348,91.2,1,1,11,12,4.87,Apartment,No,Yes,Residential,866223,Yes
5757,P06653,254.1,4,2,1,20,6.07,Villa,No,Yes,Suburban,3759615,Yes
5758,P01099,199.1,4,2,2,35,13.29,Duplex,No,Yes,Outskirts,2400168,No
5759,P05460,271.8,4,3,3,19,0.5,Villa,No,Yes,Downtown,5953110,Yes
5760,P00394,112.9,2,1,3,15,16.5,Villa,Yes,No,Suburban,3283212,No
5761,P08571,190.2,2,2,0,6,6.38,Villa,No,Yes,Suburban,5084214,Yes
5762,P06898,214.1,2,2,8,17,2.25,Duplex,No,Yes,Downtown,6393734,Yes
5763,P00725,117,2,2,15,4,0.54,Apartment,No,No,Downtown,2517071,Yes
5764,P05796,139.5,1,2,5,12,7.98,Apartment,No,Yes,Suburban,2892040,Yes
5765,P02446,50.6,2,1,11,12,9.94,Apartment,Yes,Yes,Suburban,1320658,Yes
5766,P03478,108,3,3,0,2,13.93,Apartment,No,Yes,Outskirts,1222592,Yes
5767,P05619,99,1,1,4,7,11.12,Apartment,No,No,Suburban,709701,No
5768,P02329,281.4,5,4,12,12,9.24,Villa,No,Yes,Suburban,6432669,No
5769,P04314,,1,1,9,7,18.13,Apartment,Yes,No,Outskirts,411843,No
5770,P07238,50,1,1,13,7,13.81,Apartment,Yes,No,Suburban,488808,No
5771,P01710,69.1,1,1,15,14,1.33,Apartment,Yes,No,Residential,1620651,Yes
5772,P00984,81.1,1,1,1,9,6.04,Apartment,No,No,Residential,1612121,Yes
5773,P04286,165.1,3,3,5,1,2.4,Duplex,Yes,No,Downtown,2627725,Yes
5774,P08529,219.2,4,3,3,21,9.61,Villa,Yes,Yes,Suburban,4667439,No
5775,P08248,267.3,5,4,2,23,0.5,Villa,Yes,Yes,Downtown,8843611,Yes
5776,P05718,74.1,1,2,12,11,16.26,Apartment,Yes,Yes,Outskirts,1114980,No
5777,P00554,220.6,3,2,11,5,15.03,Villa,No,No,Outskirts,4692926,No
5778,P00544,131.3,2,1,11,12,15.88,Apartment,No,Yes,Outskirts,1472634,No
5779,P06883,172.9,4,3,8,8,2.58,Duplex,No,No,Residential,1625865,Yes
5780,P03308,241.1,5,4,0,12,1.09,Duplex,No,No,Downtown,5732198,Yes
5781,P07586,143.1,1,1,1,1,4.3,Apartment,No,No,Residential,3985809,Yes
5782,P05477,65.7,1,2,6,7,2.48,Apartment,Yes,No,Residential,1491031,No
5783,P01254,98.6,1,2,0,40,18.49,Apartment,No,Yes,Suburban,1632466,No
5784,P04787,96.5,2,2,5,11,3.89,Apartment,No,Yes,Residential,2693378,Yes
5785,P05978,73.8,2,1,4,12,3.94,Apartment,No,Yes,Residential,1865686,Yes
5786,P04946,244.7,5,3,1,5,18.93,Villa,Yes,Yes,Outskirts,3976258,No
5787,P07282,117.6,2,2,13,8,2.14,Apartment,No,No,Downtown,1573293,Yes
5788,P07027,218.3,4,2,10,25,6.56,Duplex,Yes,No,Suburban,4688854,Yes
5789,P02788,214.7,3,3,3,34,9.56,Villa,Yes,Yes,Suburban,6092304,No
5790,P06038,174.1,3,2,2,8,3.94,Duplex,Yes,Yes,Residential,5097530,Yes
5791,P06949,172.9,4,2,2,8,8.44,Villa,No,Yes,Suburban,3425729,No
5792,P04501,104.7,2,2,15,21,0.5,Apartment,No,No,Downtown,3031449,Yes
5793,P00667,106.2,2,2,12,9,16.1,Duplex,Yes,Yes,Outskirts,1291396,No
5794,P06345,190,4,3,4,10,7.77,Villa,No,Yes,Residential,6860712,No
5795,P02680,78.8,1,1,8,7,3.16,Apartment,No,Yes,Residential,1813683,Yes
5796,P01414,169.9,2,1,8,13,7.14,Villa,No,No,Outskirts,3379069,No
5797,P06327,99.3,1,2,1,10,19.72,Apartment,No,Yes,Outskirts,1392950,No
5798,P00529,211.4,4,3,15,2,13.23,Duplex,No,Yes,Suburban,4712439,No
5799,P07712,56.4,1,2,1,3,15.93,Apartment,Yes,Yes,Suburban,1121331,No
5800,P08465,104.7,1,1,2,13,11.98,Apartment,Yes,No,Suburban,2285392,No
5801,P07982,185.2,3,2,2,8,10.94,Villa,Yes,Yes,Outskirts,4084662,Yes
5802,P07330,92.8,1,1,9,1,1.89,Apartment,No,Yes,Residential,2116127,Yes
5803,P02061,94.4,2,2,12,10,22.69,Apartment,Yes,No,Outskirts,1090782,No
5804,P00486,63.1,1,2,3,8,7.21,Apartment,No,No,Residential,1018853,Yes
5805,P03592,93.8,2,1,5,,3.7,Apartment,Yes,Yes,Residential,1572308,Yes
5806,P08513,93.4,1,2,4,7,10.31,Duplex,No,Yes,Suburban,2087805,No
5807,P03858,,3,3,12,13,5.15,Apartment,No,Yes,Residential,5642713,No
5808,P08309,235.7,3,3,3,1,6.77,Villa,No,No,Residential,5977283,No
5809,P06965,254.2,5,4,1,4,0.5,Villa,No,Yes,Downtown,7012267,Yes
5810,P02782,236.1,4,2,12,4,1.45,Villa,No,Yes,Downtown,8920507,Yes
5811,P07490,204.6,2,1,4,1,1.08,Duplex,No,Yes,Downtown,5270201,Yes
5812,P03864,190.4,2,1,10,5,6.16,Duplex,No,Yes,Residential,4659769,Yes
5813,P02918,129.2,1,1,12,2,15.02,Apartment,Yes,No,Outskirts,1321254,No
5814,P08264,121.5,2,2,5,4,25,Apartment,No,Yes,Outskirts,1295043,No
5815,P07701,103.9,1,1,4,4,3.08,Apartment,No,Yes,Downtown,2603712,Yes
5816,P01549,115.3,3,2,11,12,4.83,Duplex,No,Yes,Residential,2925494,Yes
5817,P01598,143,2,2,4,23,1.08,Duplex,No,Yes,Downtown,3958195,Yes
5818,P08281,79.5,1,2,5,7,4,Apartment,No,Yes,Residential,1832760,No
5819,P04255,215.4,4,2,1,1,14.27,Villa,Yes,Yes,Outskirts,5895025,No
5820,P06011,150.8,1,2,7,6,12.48,Apartment,No,Yes,Suburban,4446332,No
5821,P01468,187.9,2,1,10,11,9,Villa,No,Yes,Residential,5637864,Yes
5822,P00338,300,5,3,0,7,10.89,Villa,No,Yes,Suburban,8214411,No
5823,P03289,149.1,2,1,1,10,0.5,Duplex,Yes,Yes,Downtown,6312521,Yes
5824,P07375,264,5,3,5,20,12.8,Villa,No,No,Suburban,4649865,No
5825,P06249,180.9,2,1,1,17,16.09,Villa,Yes,Yes,Suburban,2804615,No
5826,P06879,159.3,3,3,0,1,12.3,Villa,No,Yes,Suburban,4559295,No
5827,P06697,58.7,2,1,2,8,7.7,Apartment,No,Yes,Residential,1083360,Yes
5828,P01124,166.3,3,2,2,9,1.44,Villa,Yes,Yes,Downtown,4650869,Yes
5829,P08720,183,3,3,0,5,1.76,Duplex,No,Yes,Downtown,4058196,Yes
5830,P00227,122.9,3,2,11,2,0.6,Apartment,Yes,Yes,Downtown,3648131,Yes
5831,P01029,110.5,2,1,15,0,10.04,Apartment,Yes,Yes,Suburban,1975261,No
5832,P03670,263.1,4,2,0,28,7.86,Villa,No,Yes,Suburban,4993840,Yes
5833,P03904,159.6,3,3,1,29,6.52,Duplex,No,Yes,Suburban,2789221,Yes
5834,P06283,140.6,3,3,11,7,7.01,Apartment,Yes,Yes,Residential,4319389,Yes
5835,P08439,247.2,5,3,13,11,25,Villa,Yes,Yes,Outskirts,6387924,No
5836,P00556,67.8,2,1,14,1,4.69,Apartment,No,No,Residential,889510,Yes
5837,P02138,121.2,3,2,5,5,9.56,Duplex,No,No,Suburban,4423146,No
5838,P07148,300,5,3,1,20,10.72,Villa,Yes,Yes,Suburban,6685639,Yes
5839,P08859,256.2,5,4,2,0,4.99,Villa,No,Yes,Residential,9364721,Yes
5840,P03687,65,1,1,3,14,3.09,Apartment,No,No,Residential,1200164,Yes
5841,P02880,111.1,3,3,2,37,0.69,Apartment,No,No,Downtown,2289772,No
5842,P07716,115.8,1,1,15,39,0.5,Apartment,No,No,Downtown,1713714,Yes
5843,P00708,256.5,5,3,12,16,17.48,Villa,Yes,Yes,Suburban,5021476,Yes
5844,P08272,160.7,3,2,4,2,2.64,Duplex,No,Yes,Downtown,6260129,Yes
5845,P08713,,2,2,2,5,16.06,Apartment,No,No,Suburban,926321,No
5846,P07728,92.5,1,2,11,1,3.94,Duplex,No,No,Residential,728146,No
5847,P03729,186.5,2,1,11,4,10.37,Apartment,No,Yes,Suburban,3890092,Yes
5848,P04416,,3,3,4,0,14.61,Duplex,Yes,Yes,Suburban,3185643,Yes
5849,P03659,161.2,4,2,14,10,19.02,Duplex,No,Yes,Outskirts,1974630,No
5850,P00292,251,5,3,14,38,0.73,Duplex,No,No,Downtown,7273774,Yes
5851,P06905,217,5,3,0,16,5.25,Villa,No,Yes,Residential,4411553,Yes
5852,P01172,115.4,1,2,13,12,10.04,Duplex,Yes,Yes,Suburban,2303411,Yes
5853,P03277,89.3,1,2,0,33,1.91,Apartment,Yes,No,Residential,1523712,Yes
5854,P05552,124.7,1,1,8,6,0.51,Duplex,Yes,Yes,Downtown,4726734,Yes
5855,P02777,101.8,1,1,13,9,11.66,Apartment,Yes,No,Suburban,946898,Yes
5856,P08801,186.6,2,2,4,6,0.99,Villa,Yes,Yes,Downtown,5898618,Yes
5857,P07255,142.7,2,2,1,2,10.95,Apartment,No,No,Suburban,1992897,Yes
5858,P05507,198.6,3,3,1,1,0.5,Villa,No,Yes,Downtown,6156908,Yes
5859,P02677,100.8,2,2,13,40,2.52,Apartment,Yes,No,Residential,1268645,No
5860,P06943,106,2,2,5,8,10.1,Apartment,No,Yes,Suburban,797032,Yes
5861,P07158,50,1,1,14,2,17.12,Apartment,No,No,Outskirts,677104,Yes
5862,P04423,87,1,1,3,8,14.01,Apartment,Yes,Yes,Suburban,1259989,Yes
5863,P08701,119.4,3,2,1,0,8.13,Villa,No,Yes,Residential,3651559,Yes
5864,P00477,196,4,2,5,1,0.94,Duplex,No,Yes,Residential,3126336,Yes
5865,P06455,68.3,1,1,3,0,10.26,Apartment,Yes,No,Suburban,971938,No
5866,P08045,170.7,4,3,0,20,16.55,Villa,Yes,Yes,Outskirts,3821637,Yes
5867,P06450,191.8,4,2,0,8,15.04,Duplex,No,No,Suburban,3738377,Yes
5868,P02513,191.1,4,3,0,18,1.4,Duplex,Yes,Yes,Downtown,6498517,Yes
5869,P02066,206.7,2,1,2,4,21.13,Villa,Yes,Yes,Outskirts,3003272,No
5870,P00104,74.8,2,1,13,6,21.2,Apartment,No,No,Outskirts,901706,No
5871,P06679,125.4,1,1,10,4,0.5,Apartment,Yes,Yes,Downtown,4394110,Yes
5872,P08211,90.7,1,2,12,3,5.94,Duplex,Yes,No,Residential,2370363,Yes
5873,P04632,174.6,2,2,0,3,2.38,Duplex,No,Yes,Residential,2392507,Yes
5874,P06386,107.1,3,2,6,27,17.54,Apartment,No,Yes,Outskirts,1376070,No
5875,P04635,145,1,1,0,13,13.82,Duplex,No,No,Suburban,2713324,No
5876,P00524,210,2,1,3,10,10.16,Villa,Yes,Yes,Suburban,4116106,Yes
5877,P05089,,3,3,9,7,20.84,Apartment,No,Yes,Outskirts,1202207,No
5878,P05703,141.4,1,1,7,3,1.32,Duplex,Yes,Yes,Downtown,3160774,Yes
5879,P04827,222,4,3,7,31,0.5,Villa,No,Yes,Downtown,5960793,Yes
5880,P00067,217.3,5,4,8,4,6.98,Villa,Yes,Yes,Suburban,3794786,Yes
5881,P06411,137.2,1,2,13,14,0.5,Duplex,Yes,Yes,Downtown,4207010,Yes
5882,P07556,,2,1,10,11,11.39,Duplex,No,Yes,Outskirts,1984773,No
5883,P06714,78.7,1,2,13,12,14.29,Apartment,No,Yes,Suburban,1888592,Yes
5884,P04336,195,2,2,8,7,1.15,Duplex,No,Yes,Downtown,4855060,Yes
5885,P03900,214.6,2,1,10,0,0.5,Duplex,No,Yes,Downtown,3626274,Yes
5886,P01940,128.3,1,1,14,8,0.5,Apartment,No,No,Downtown,3222417,Yes
5887,P02667,88.7,2,1,15,10,15.18,Apartment,Yes,No,Outskirts,856391,No
5888,P01397,150.4,2,1,5,3,14.1,Duplex,Yes,Yes,Suburban,3490703,No
5889,P02869,51.4,2,1,12,10,18.81,Apartment,No,Yes,Outskirts,250000,Yes
5890,P00752,137.1,3,2,1,3,3.74,Apartment,No,No,Residential,2162469,Yes
5891,P07376,167.1,3,2,5,4,0.81,Duplex,Yes,Yes,Downtown,1635311,Yes
5892,P07611,156.4,3,2,6,16,13.81,Duplex,No,No,Suburban,4065702,No
5893,P04585,143.9,3,2,10,29,15.32,Duplex,No,Yes,Suburban,2129849,Yes
5894,P04066,162.5,3,2,9,29,15.34,Duplex,No,Yes,Suburban,4393824,No
5895,P05934,237.2,3,3,1,10,5.39,Villa,No,Yes,Residential,4101838,Yes
5896,P05113,73,1,1,4,2,13.53,Apartment,No,Yes,Suburban,925956,Yes
5897,P02107,154.6,3,2,6,25,8.91,Duplex,No,No,Suburban,2740224,No
5898,P07180,90.3,2,2,3,5,5.66,Apartment,No,Yes,Residential,1367552,Yes
5899,P08135,198.3,3,2,1,3,5,Duplex,Yes,No,Residential,5711960,Yes
5900,P08750,169.2,2,2,0,10,10.17,Duplex,Yes,No,Suburban,4426246,No
5901,P02004,137.7,1,2,0,9,11.22,Apartment,No,No,Suburban,1999904,No
5902,P06970,165.2,4,2,11,4,12.85,Duplex,No,Yes,Suburban,1600479,No
5903,P03556,108.4,1,2,2,7,14.18,Apartment,Yes,No,Suburban,1866102,Yes
5904,P00703,89.7,1,1,10,17,0.5,Apartment,No,No,Downtown,1881096,Yes
5905,P08605,184.7,3,2,4,15,10.7,Duplex,No,Yes,Suburban,4554610,No
5906,P05821,142.4,3,2,4,24,10.02,Duplex,Yes,Yes,Suburban,1217064,No
5907,P00011,63.2,1,1,3,,6.53,Apartment,No,No,Residential,1374468,Yes
5908,P06464,90.3,2,2,10,40,5.23,Apartment,Yes,Yes,Residential,1484942,No
5909,P02201,87.7,1,1,4,6,1.64,Apartment,No,No,Downtown,1979887,Yes
5910,P02098,119.1,1,1,12,7,1.58,Apartment,Yes,Yes,Residential,3082688,Yes
5911,P05075,191,4,2,1,2,18.29,Villa,Yes,Yes,Outskirts,3650892,No
5912,P02273,83.1,1,1,1,28,21.6,Apartment,No,Yes,Suburban,836291,No
5913,P00775,221,3,3,11,3,0.5,Villa,No,Yes,Downtown,5021199,Yes
5914,P00760,288.9,6,4,2,18,4.07,Villa,No,Yes,Residential,7600799,Yes
5915,P05708,64.6,1,2,14,7,13.66,Apartment,Yes,Yes,Outskirts,911784,Yes
5916,P07683,90.9,1,2,15,4,4.51,Apartment,No,Yes,Residential,2355309,Yes
5917,P06716,72.9,2,2,2,13,25,Apartment,Yes,Yes,Outskirts,927632,No
5918,P05139,,1,1,0,6,4.71,Apartment,No,Yes,Residential,3394425,Yes
5919,P04207,117.7,2,2,6,9,0.5,Apartment,No,No,Downtown,2891318,Yes
5920,P08129,97.4,1,2,15,1,10.36,Apartment,Yes,Yes,Suburban,1756956,Yes
5921,P04948,97,1,2,10,9,7.84,Apartment,No,No,Suburban,2231881,No
5922,P00491,237.9,4,2,10,7,6.56,Villa,No,Yes,Suburban,5576863,Yes
5923,P01191,172.8,2,2,11,13,2.44,Duplex,Yes,Yes,Residential,4244894,Yes
5924,P04003,221,4,3,0,40,20.12,Villa,No,Yes,Outskirts,2247954,No
5925,P01090,86.3,1,2,3,17,8.02,Apartment,No,Yes,Residential,1676035,Yes
5926,P04243,76,1,2,5,10,6.31,Apartment,Yes,No,Residential,2012541,No
5927,P01480,156,1,1,12,8,6.27,Duplex,No,Yes,Residential,3847456,Yes
5928,P05896,194.2,2,1,5,9,12.15,Duplex,No,Yes,Suburban,4084695,Yes
5929,P03202,75.2,1,2,9,2,12.93,Apartment,No,Yes,Outskirts,848899,Yes
5930,P08455,98.1,1,2,0,26,1.55,Duplex,Yes,No,Downtown,2450951,Yes
5931,P05395,125.1,1,1,12,13,3.65,Apartment,Yes,No,Residential,2452120,Yes
5932,P02073,92.6,1,1,5,10,3.63,Apartment,Yes,Yes,Residential,1948698,Yes
5933,P07326,85,2,1,8,1,5.79,Apartment,No,Yes,Residential,1839329,No
5934,P00072,116,3,2,11,5,5.92,Apartment,Yes,Yes,Residential,3384371,No
5935,P07518,50,1,1,13,15,15.48,Apartment,Yes,No,Suburban,436444,No
5936,P05239,97.8,1,1,14,1,2.75,Apartment,No,No,Residential,1753495,Yes
5937,P01853,299.8,4,2,2,5,8.03,Villa,No,No,Suburban,5226970,Yes
5938,P02728,190.8,4,3,3,5,1.58,Villa,No,Yes,Downtown,7612808,Yes
5939,P08896,152.6,2,2,5,3,1.74,Villa,No,No,Downtown,6012955,No
5940,P06211,164.5,3,3,5,5,1.93,Duplex,No,Yes,Downtown,5942010,Yes
5941,P04281,140.1,1,1,6,40,0.53,Apartment,No,Yes,Downtown,4554539,Yes
5942,P03849,130.1,3,2,10,15,1.09,Apartment,No,No,Residential,2232540,No
5943,P00825,120.2,3,2,14,11,23.77,Duplex,Yes,Yes,Outskirts,2564774,No
5944,P00387,58.7,2,2,14,1,10.78,Apartment,Yes,Yes,Suburban,1057148,Yes
5945,P05816,191.6,4,2,1,2,8.68,Duplex,Yes,No,Suburban,4598612,No
5946,P00348,82.8,1,1,8,18,4.79,Apartment,No,Yes,Residential,892145,Yes
5947,P03673,224.7,5,4,1,27,5.59,Villa,Yes,Yes,Residential,5711466,No
5948,P02808,127,2,2,3,0,6.54,Apartment,No,Yes,Suburban,1994526,Yes
5949,P06279,288,6,4,0,12,9.51,Villa,No,No,Suburban,3773294,Yes
5950,P07459,219.2,4,3,6,6,0.5,Villa,Yes,No,Downtown,5615576,Yes
5951,P00469,122,3,2,5,4,0.5,Apartment,No,Yes,Downtown,2668736,Yes
5952,P01419,113.5,1,1,2,26,17.36,Apartment,Yes,No,Outskirts,1553783,No
5953,P06935,169.5,4,3,8,8,9.17,Duplex,Yes,No,Suburban,4007696,No
5954,P04633,203.9,4,3,0,16,7.49,Villa,No,Yes,Residential,2899604,Yes
5955,P04846,103.4,1,2,0,40,8.86,Apartment,No,Yes,Residential,2642067,No
5956,P00342,90.2,2,1,1,8,14.34,Apartment,No,Yes,Outskirts,850424,Yes
5957,P01300,105.2,2,2,5,2,3.15,Apartment,No,Yes,Residential,1086026,Yes
5958,P07850,50,2,1,4,20,9.13,Apartment,No,No,Suburban,998071,No
5959,P02228,290.6,4,2,11,29,0.82,Villa,Yes,No,Downtown,7171848,Yes
5960,P01620,178.3,4,2,15,9,1.3,Duplex,No,Yes,Downtown,4209941,Yes
5961,P05083,120.3,3,3,12,3,3.58,Apartment,No,Yes,Residential,3926479,Yes
5962,P06343,106.4,3,3,2,1,22.96,Apartment,No,No,Outskirts,1198429,No
5963,P02491,133.1,3,2,7,6,16.85,Apartment,No,No,Outskirts,1356222,No
5964,P06796,99.9,1,1,13,4,9,Apartment,No,Yes,Suburban,1752150,Yes
5965,P03176,153.8,2,2,9,37,1.34,Duplex,Yes,Yes,Downtown,6309885,Yes
5966,P08128,94.3,1,2,15,4,12.05,Apartment,No,No,Suburban,1476723,No
5967,P08920,158.5,2,1,13,17,8.98,Duplex,Yes,Yes,Suburban,2237430,Yes
5968,P01928,81,1,1,5,2,12.61,Apartment,Yes,Yes,Suburban,1408652,No
5969,P06356,100.2,2,2,14,29,4.92,Duplex,Yes,Yes,Residential,2211965,Yes
5970,P00720,259.6,5,4,2,6,22.98,Villa,No,Yes,Outskirts,4140713,No
5971,P02834,179.1,2,1,3,40,23.59,Duplex,No,Yes,Outskirts,2829284,No
5972,P05180,117.2,1,1,5,9,2.04,Apartment,No,No,Suburban,2397717,Yes
5973,P06187,233.8,5,3,2,9,12.02,Villa,No,No,Suburban,3648288,Yes
5974,P04013,193.3,3,3,13,16,14.96,Duplex,Yes,Yes,Outskirts,4492938,Yes
5975,P03181,94.5,1,1,14,3,19.04,Duplex,No,Yes,Outskirts,1067415,No
5976,P06491,84.7,2,2,11,3,3.71,Apartment,No,Yes,Residential,1790728,Yes
5977,P01654,153,1,1,10,11,0.5,Duplex,Yes,Yes,Downtown,3954321,Yes
5978,P00750,111.7,3,3,9,40,19.82,Apartment,Yes,Yes,Outskirts,1343375,No
5979,P00689,262.4,5,3,2,40,20.01,Villa,No,No,Suburban,6008019,No
5980,P07614,128.1,3,2,13,0,5.25,Duplex,No,Yes,Residential,1608910,Yes
5981,P02862,119.8,3,2,6,0,12.82,Apartment,No,No,Suburban,2540209,Yes
5982,P08950,136.3,1,1,13,40,2.53,Apartment,Yes,No,Downtown,3902783,Yes
5983,P03373,116.8,2,1,1,5,15.37,Apartment,No,No,Outskirts,1737463,No
5984,P03097,179.8,4,3,6,4,1.23,Duplex,No,No,Downtown,4774729,Yes
5985,P01559,123.5,3,3,12,12,17.2,Apartment,Yes,No,Suburban,2287496,No
5986,P01082,101.5,1,1,4,7,19.04,Apartment,No,Yes,Outskirts,797981,Yes
5987,P05017,207.4,3,3,3,4,8.57,Villa,No,Yes,Suburban,5903343,No
5988,P03472,174.1,4,2,10,10,5.05,Duplex,No,No,Residential,6426965,Yes
5989,P01854,,2,1,0,19,11.57,Apartment,No,Yes,Suburban,1393969,No
5990,P04958,145.1,3,3,10,0,5.76,Apartment,No,No,Residential,2280740,Yes
5991,P05311,130.8,1,2,12,9,2.79,Apartment,No,Yes,Residential,1942563,Yes
5992,P04945,235.9,5,3,11,26,11.27,Duplex,No,Yes,Suburban,6578932,Yes
5993,P08560,122.6,2,2,10,4,17.06,Apartment,Yes,Yes,Outskirts,1939563,Yes
5994,P04272,140.2,3,2,9,21,6.36,Apartment,Yes,Yes,Residential,1676867,Yes
5995,P08559,51.3,1,1,6,9,7.85,Apartment,No,No,Residential,775517,Yes
5996,P06009,131.5,3,3,4,12,8.52,Duplex,No,Yes,Suburban,2918701,Yes
5997,P05613,154.1,2,2,8,8,2.57,Apartment,No,No,Residential,2226063,Yes
5998,P08452,99.8,1,1,4,7,0.77,Apartment,No,No,Downtown,2654378,Yes
5999,P07415,75.2,1,1,1,14,10.84,Apartment,Yes,Yes,Suburban,1828508,No
6000,P08535,103.9,1,2,10,9,11.14,Apartment,No,Yes,Suburban,2036285,No
6001,P08860,170.3,4,3,7,3,2.18,Duplex,No,No,Residential,3653954,Yes
6002,P05123,146.5,1,1,1,8,5.11,Duplex,No,Yes,Residential,2268731,Yes
6003,P02660,184.7,2,1,9,37,3.86,Villa,No,Yes,Residential,6369930,No
6004,P08877,,1,2,2,2,23.48,Apartment,Yes,Yes,Outskirts,1315133,No
6005,P05391,107,1,2,7,14,7.06,Apartment,No,Yes,Suburban,2127497,Yes
6006,P02190,118,1,1,3,9,18.13,Villa,No,Yes,Outskirts,2534391,No
6007,P03990,97.5,1,1,8,15,23.01,Apartment,No,Yes,Outskirts,653477,No
6008,P01532,120.4,3,3,11,4,0.65,Apartment,No,No,Downtown,3891047,Yes
6009,P07199,133.2,2,1,10,4,5.15,Apartment,No,No,Suburban,2776439,Yes
6010,P02661,116,2,2,11,38,25,Apartment,No,Yes,Outskirts,1782167,No
6011,P05484,138.3,2,2,11,1,0.5,Apartment,No,Yes,Residential,4941907,Yes
6012,P00339,117.6,1,2,3,2,1.6,Apartment,Yes,Yes,Downtown,3789134,Yes
6013,P02348,125.9,2,1,7,32,16.73,Apartment,No,Yes,Outskirts,1738610,No
6014,P07907,91.9,2,2,3,40,5.95,Apartment,Yes,Yes,Suburban,1320324,No
6015,P01252,137.4,2,1,1,3,2.54,Apartment,No,Yes,Downtown,3688339,Yes
6016,P01893,158,1,1,3,4,11.02,Villa,No,No,Suburban,4889920,Yes
6017,P04053,197.3,4,2,1,2,11.61,Villa,Yes,Yes,Suburban,2430293,Yes
6018,P03671,128.5,2,1,9,12,4.27,Apartment,Yes,Yes,Residential,2621126,Yes
6019,P00569,92.4,1,2,15,10,5.77,Apartment,Yes,No,Residential,2116445,Yes
6020,P03454,137.1,2,2,12,6,0.5,Duplex,Yes,Yes,Downtown,1839481,Yes
6021,P07143,86.1,2,1,8,7,7.21,Apartment,No,Yes,Suburban,1425783,Yes
6022,P00437,95.4,1,2,14,12,0.5,Apartment,Yes,Yes,Downtown,1769514,Yes
6023,P01560,272.5,4,2,1,17,18.65,Villa,No,No,Outskirts,1918366,No
6024,P06998,195.7,3,3,1,21,4.13,Villa,Yes,Yes,Residential,8193837,Yes
6025,P00656,138.7,2,1,7,24,6.06,Duplex,Yes,Yes,Residential,3826885,No
6026,P00555,105.4,3,3,12,4,0.53,Duplex,No,No,Downtown,2752812,Yes
6027,P04877,112.4,2,2,12,18,4.23,Duplex,Yes,Yes,Residential,1889240,Yes
6028,P06729,,1,1,8,7,6.6,Duplex,Yes,Yes,Suburban,4212515,No
6029,P02043,71.7,1,1,11,6,7.77,Apartment,No,No,Suburban,1183344,Yes
6030,P05294,90.4,1,1,3,9,14.35,Apartment,Yes,Yes,Suburban,1490423,No
6031,P06518,125.6,2,1,7,6,6.9,Duplex,No,No,Suburban,3046690,No
6032,P07202,89.6,1,1,11,20,7.39,Apartment,No,No,Residential,2340524,No
6033,P06257,194.2,2,2,2,18,9.01,Villa,No,Yes,Suburban,2846388,Yes
6034,P04942,205.4,4,3,10,16,0.5,Villa,No,No,Downtown,6425835,Yes
6035,P00603,108.5,2,2,4,14,11.07,Apartment,Yes,No,Outskirts,1332844,Yes
6036,P00612,73,1,2,0,7,14.09,Apartment,No,No,Suburban,1523168,No
6037,P06997,233.1,3,2,15,5,14.48,Duplex,Yes,Yes,Suburban,3900500,Yes
6038,P02358,158,1,1,1,34,11.36,Duplex,Yes,No,Suburban,2257137,No
6039,P04205,142.8,2,1,12,14,13.18,Duplex,No,No,Suburban,2457900,Yes
6040,P04327,123.2,1,1,10,19,2.02,Apartment,Yes,No,Downtown,2361503,Yes
6041,P04040,,1,1,6,14,20.48,Apartment,No,No,Outskirts,424011,No
6042,P02472,219.2,3,2,15,4,19.19,Duplex,No,No,Outskirts,1748812,No
6043,P01734,165.2,4,3,3,14,2.87,Duplex,No,Yes,Residential,4024836,Yes
6044,P08919,161,2,1,7,5,14.5,Apartment,No,Yes,Outskirts,1387558,Yes
6045,P06527,119.8,3,3,5,20,5.54,Apartment,No,No,Residential,4423951,Yes
6046,P05399,186.4,4,3,1,38,8.47,Villa,Yes,Yes,Suburban,5476772,No
6047,P04925,190.2,2,2,2,29,3.48,Villa,No,Yes,Residential,4781460,No
6048,P00152,105,2,2,0,5,17.68,Apartment,No,Yes,Outskirts,1071485,No
6049,P08613,53.2,1,1,3,6,9.75,Apartment,No,Yes,Suburban,850843,Yes
6050,P04934,154.6,1,1,14,30,4.52,Duplex,Yes,Yes,Residential,1710837,Yes
6051,P06621,66.3,1,2,10,40,18.77,Apartment,No,No,Outskirts,372243,No
6052,P07878,157.8,3,3,12,4,11.94,Duplex,No,No,Suburban,3502597,No
6053,P04266,92.7,2,1,6,3,8.77,Apartment,No,No,Suburban,1051358,No
6054,P05962,160.6,2,1,5,2,0.5,Duplex,Yes,No,Downtown,4228809,Yes
6055,P02074,108,1,2,14,4,23.35,Apartment,Yes,Yes,Outskirts,1620649,No
6056,P00783,50,1,1,0,19,4.52,Apartment,Yes,Yes,Residential,938406,No
6057,P04494,108.6,3,2,0,17,1.44,Apartment,Yes,Yes,Downtown,3106596,Yes
6058,P03054,155.7,2,1,8,33,16.08,Apartment,No,Yes,Suburban,3079044,No
6059,P00167,97.4,1,1,0,5,8.7,Villa,No,Yes,Outskirts,2389507,No
6060,P03790,170.6,4,3,5,5,14.07,Duplex,No,Yes,Suburban,3249539,Yes
6061,P07796,,2,1,13,1,7.63,Apartment,No,Yes,Suburban,1600396,No
6062,P03459,65.5,1,1,5,,0.5,Apartment,Yes,Yes,Downtown,2155421,Yes
6063,P08234,133.4,1,1,12,1,14.37,Apartment,No,No,Suburban,2128777,No
6064,P05322,119.3,3,2,15,3,13.07,Apartment,No,No,Suburban,1839411,Yes
6065,P05893,138.4,1,2,11,7,11.87,Apartment,No,Yes,Suburban,2350484,No
6066,P08429,164.6,4,2,9,6,19.93,Duplex,Yes,No,Outskirts,1915647,No
6067,P05739,121.7,2,1,2,21,21.81,Apartment,Yes,No,Outskirts,1810657,No
6068,P00143,58.2,2,2,11,16,13.53,Apartment,No,No,Outskirts,879437,No
6069,P05337,148.6,1,1,3,2,8.65,Duplex,No,Yes,Suburban,2494529,Yes
6070,P01987,211.3,3,3,9,3,4.02,Duplex,No,Yes,Residential,6123204,Yes
6071,P06671,126.8,2,1,3,7,3.75,Apartment,Yes,No,Residential,3610358,Yes
6072,P07815,65.2,1,2,6,23,8.54,Apartment,Yes,Yes,Suburban,1227901,Yes
6073,P08649,108.8,2,2,7,1,9.34,Duplex,No,Yes,Residential,3379854,Yes
6074,P04060,96.7,1,1,6,0,23.24,Apartment,Yes,No,Outskirts,1607639,No
6075,P03444,124.1,3,3,10,5,3.14,Apartment,Yes,Yes,Residential,2852952,Yes
6076,P03982,94.9,1,2,0,8,4.59,Apartment,Yes,No,Residential,1950922,Yes
6077,P02694,156,2,2,1,6,14.44,Duplex,Yes,Yes,Outskirts,2791543,No
6078,P04334,92.5,1,2,8,0,4.4,Apartment,No,Yes,Residential,2389305,Yes
6079,P00990,198.7,4,2,1,31,4.6,Villa,No,No,Suburban,3895391,No
6080,P03423,160.8,3,3,6,10,7.54,Duplex,No,Yes,Suburban,3659661,Yes
6081,P08374,89.1,2,1,6,10,0.5,Apartment,Yes,Yes,Residential,1360400,Yes
6082,P01759,257.3,3,3,11,11,13.31,Duplex,No,No,Outskirts,3905421,No
6083,P02370,174.3,2,1,13,2,14.26,Apartment,Yes,No,Suburban,2126114,Yes
6084,P01022,61.4,1,2,14,17,5.75,Apartment,No,No,Suburban,1440698,No
6085,P08190,95.2,1,1,4,2,13.82,Apartment,No,Yes,Outskirts,1768880,No
6086,P00867,111.6,3,2,13,20,15.91,Apartment,No,No,Outskirts,1584236,No
6087,P03021,91.2,2,1,5,7,10.11,Apartment,No,No,Residential,1563948,Yes
6088,P08570,118.8,2,2,4,4,8.26,Apartment,No,No,Suburban,1903991,Yes
6089,P08493,,5,4,1,23,2.18,Villa,No,Yes,Residential,4096620,Yes
6090,P06947,126.4,3,3,13,7,9.48,Duplex,Yes,Yes,Suburban,2441770,Yes
6091,P05416,161,2,2,3,0,6.35,Villa,Yes,No,Residential,5214416,Yes
6092,P06274,94.3,1,2,3,2,2.28,Duplex,No,Yes,Downtown,3511896,Yes
6093,P01698,92,2,2,15,5,14.94,Apartment,No,No,Suburban,989769,No
6094,P06232,107.3,3,2,2,8,4.79,Apartment,Yes,No,Residential,2814458,Yes
6095,P00328,,4,3,3,19,0.5,Villa,No,Yes,Suburban,4089475,Yes
6096,P07720,157.2,1,2,3,40,4.42,Apartment,No,Yes,Residential,1672603,Yes
6097,P05897,137.9,1,2,10,11,0.53,Apartment,No,Yes,Downtown,4684539,Yes
6098,P05679,141.6,3,3,15,4,11.6,Apartment,No,No,Suburban,1984865,Yes
6099,P00804,191.4,3,2,15,23,10.9,Villa,No,No,Suburban,4297125,No
6100,P07036,172.7,2,1,9,22,11.62,Apartment,No,Yes,Suburban,2939436,No
6101,P06896,158.3,2,1,0,10,0.5,Duplex,No,Yes,Downtown,5931910,Yes
6102,P05323,108.9,1,2,4,1,23.16,Duplex,Yes,Yes,Outskirts,2100051,No
6103,P05300,106.3,2,2,9,4,2.88,Duplex,No,No,Downtown,2576975,Yes
6104,P01805,105.1,2,2,7,9,8.63,Apartment,No,No,Suburban,2299227,Yes
6105,P02904,127.7,1,2,8,16,25,Duplex,No,Yes,Outskirts,2118589,No
6106,P07119,98.7,2,2,6,12,7.18,Apartment,Yes,Yes,Residential,1898309,No
6107,P06794,174.9,3,3,3,40,8.53,Villa,Yes,No,Suburban,3309431,No
6108,P08865,158.6,1,1,11,17,0.59,Duplex,No,Yes,Downtown,3669068,Yes
6109,P04162,64,2,1,4,14,4.16,Apartment,No,Yes,Residential,1299394,Yes
6110,P06668,,1,2,4,21,3.84,Apartment,No,Yes,Residential,1816632,Yes
6111,P00402,69.1,1,1,14,20,9.16,Apartment,No,No,Outskirts,500191,No
6112,P05984,190.2,4,2,13,26,2.86,Duplex,No,Yes,Residential,4492593,Yes
6113,P03414,148.2,1,1,5,3,0.5,Apartment,No,Yes,Downtown,2563767,Yes
6114,P01347,114.7,1,2,2,2,2.99,Villa,No,Yes,Residential,3768150,Yes
6115,P02392,55.5,2,1,12,2,7.95,Apartment,No,Yes,Suburban,1040286,No
6116,P01268,260.3,4,2,13,2,12.39,Villa,No,Yes,Outskirts,3183530,Yes
6117,P04902,227.9,3,3,3,7,4.1,Villa,No,Yes,Residential,4289322,Yes
6118,P01444,231.2,5,3,11,,2.01,Villa,No,No,Downtown,7775756,Yes
6119,P05056,71.6,1,1,10,6,6.87,Apartment,No,No,Residential,1567831,No
6120,P01393,133.5,3,3,14,22,2.07,Duplex,Yes,Yes,Downtown,6469710,No
6121,P00186,99.3,1,1,7,12,16.76,Villa,No,No,Suburban,2352919,No
6122,P06692,217.9,3,2,7,0,2.47,Duplex,No,Yes,Downtown,7273988,Yes
6123,P05848,63.7,2,1,3,13,6.64,Apartment,Yes,No,Residential,1494145,Yes
6124,P02086,72,1,1,0,,4.28,Duplex,No,Yes,Residential,2064418,Yes
6125,P00097,88.7,2,2,13,3,4.68,Apartment,No,No,Residential,1449649,Yes
6126,P06640,233.7,3,2,14,40,8,Duplex,No,Yes,Residential,5049860,Yes
6127,P02011,50,1,2,6,4,1.03,Apartment,No,Yes,Downtown,1557445,Yes
6128,P02120,84.3,1,1,8,9,0.98,Apartment,No,Yes,Residential,1772864,Yes
6129,P07089,170.9,4,3,9,40,2.75,Villa,No,No,Downtown,4587995,No
6130,P07679,117.6,1,1,8,9,24.08,Apartment,No,Yes,Outskirts,1688093,No
6131,P07769,117.6,2,2,14,3,13.69,Apartment,No,No,Outskirts,1403494,No
6132,P04766,114.5,3,2,13,4,4.13,Apartment,No,Yes,Residential,2685043,Yes
6133,P01753,141.5,2,1,1,4,17.5,Apartment,No,Yes,Outskirts,1983842,No
6134,P00470,157.3,1,1,2,4,8.48,Duplex,Yes,Yes,Suburban,5111819,Yes
6135,P07973,110.9,2,2,6,24,17.4,Apartment,No,Yes,Suburban,1995825,No
6136,P06715,172.7,4,2,11,2,14.05,Duplex,No,No,Suburban,2734640,No
6137,P01660,125.8,3,3,0,5,1.96,Apartment,No,Yes,Downtown,2726807,Yes
6138,P03763,79.5,1,1,2,15,1.53,Apartment,Yes,Yes,Downtown,2870467,Yes
6139,P03239,88.9,1,2,2,18,2.56,Apartment,Yes,No,Residential,1616904,Yes
6140,P03826,240.6,4,2,1,4,10.73,Villa,Yes,Yes,Suburban,4672775,Yes
6141,P01477,146.9,3,2,1,3,6.06,Apartment,No,Yes,Residential,4537353,Yes
6142,P00261,289.1,4,2,3,3,0.5,Villa,No,Yes,Downtown,9716458,Yes
6143,P03159,50,1,2,9,5,15.08,Apartment,No,Yes,Outskirts,562904,No
6144,P04026,242,5,3,5,5,19.76,Villa,No,Yes,Outskirts,3650339,No
6145,P06590,122.1,1,2,11,,11.4,Apartment,No,No,Suburban,1275363,Yes
6146,P08901,128.4,2,2,8,1,1.75,Apartment,No,No,Downtown,3703064,Yes
6147,P01378,142.8,1,1,7,28,17.04,Duplex,Yes,No,Outskirts,2460864,No
6148,P03042,240.3,4,3,7,2,8.12,Villa,No,Yes,Outskirts,3883299,Yes
6149,P05720,235.4,4,3,11,10,0.56,Villa,No,Yes,Downtown,2334138,Yes
6150,P07106,69.2,1,2,10,5,0.5,Apartment,No,No,Downtown,1164903,Yes
6151,P01222,118.3,1,1,6,40,4.61,Apartment,No,Yes,Residential,3427141,Yes
6152,P06420,112.7,2,2,6,40,12.49,Apartment,No,Yes,Suburban,1757731,Yes
6153,P00536,257.9,4,2,0,10,8.35,Villa,No,Yes,Residential,4659101,Yes
6154,P07444,300,5,3,4,12,0.64,Villa,Yes,Yes,Downtown,10167875,Yes
6155,P02213,101.6,1,2,6,20,19.22,Apartment,Yes,No,Outskirts,1388653,No
6156,P04058,,3,3,6,19,21.44,Duplex,Yes,Yes,Outskirts,2960497,No
6157,P00944,92.3,1,1,4,1,5.08,Apartment,Yes,Yes,Residential,3932000,No
6158,P04503,50,1,1,7,28,9.72,Apartment,No,Yes,Suburban,379409,No
6159,P00242,230.8,3,2,0,2,19.43,Villa,No,Yes,Suburban,6781760,Yes
6160,P05886,179.6,2,1,0,4,0.5,Duplex,No,Yes,Downtown,3995978,Yes
6161,P01927,164.6,3,2,10,5,6.05,Duplex,No,No,Residential,3374279,Yes
6162,P02604,97.4,1,2,3,14,7.94,Apartment,Yes,Yes,Suburban,2057606,Yes
6163,P00527,87.4,1,2,10,4,15.61,Apartment,Yes,Yes,Outskirts,1284275,Yes
6164,P03786,177.3,2,1,3,9,19.84,Villa,No,Yes,Outskirts,1701758,Yes
6165,P05749,130.2,3,3,8,19,25,Apartment,No,Yes,Outskirts,2288801,No
6166,P01160,118.5,1,2,15,12,9.42,Duplex,No,Yes,Suburban,2727861,Yes
6167,P07406,65.7,2,2,4,2,1.4,Apartment,No,No,Downtown,1874339,Yes
6168,P08171,150.1,2,2,0,2,14.27,Villa,No,No,Outskirts,3182651,No
6169,P02961,238.8,3,3,13,16,10.98,Villa,No,Yes,Suburban,7115100,Yes
6170,P02253,277.2,6,4,3,11,6.92,Villa,Yes,Yes,Residential,3208366,Yes
6171,P08108,106.1,1,2,9,4,17.58,Apartment,No,Yes,Outskirts,1622651,No
6172,P04526,125.6,2,2,7,9,4.43,Apartment,No,No,Suburban,2418466,Yes
6173,P04294,126.7,3,2,11,6,17.67,Duplex,No,Yes,Suburban,3363630,No
6174,P06163,152,2,2,15,3,4.28,Apartment,Yes,Yes,Residential,3825975,Yes
6175,P02326,210.4,4,3,13,1,19.16,Duplex,No,No,Outskirts,3024831,Yes
6176,P07804,169.3,3,2,4,4,6.29,Duplex,No,No,Residential,3865521,No
6177,P08210,91.5,1,1,7,3,14.55,Apartment,Yes,No,Outskirts,1189269,No
6178,P01479,190.1,2,2,10,15,3.78,Duplex,No,Yes,Residential,4434115,Yes
6179,P04435,186.3,2,2,0,12,15.57,Villa,Yes,No,Suburban,4658201,No
6180,P06171,222.2,4,2,14,7,12.48,Duplex,No,No,Outskirts,4499804,No
6181,P03989,227.3,4,2,3,,21.04,Villa,No,Yes,Outskirts,3762227,No
6182,P06108,230.2,4,2,3,9,0.5,Villa,Yes,Yes,Downtown,6873628,Yes
6183,P07772,159.6,1,2,5,21,0.5,Duplex,Yes,No,Downtown,3924350,Yes
6184,P04350,127.9,3,2,6,2,20.24,Apartment,No,No,Outskirts,1985646,No
6185,P00321,185.2,3,2,13,3,20.45,Duplex,No,Yes,Outskirts,2513948,No
6186,P06145,120.7,3,3,12,1,8.38,Apartment,No,No,Suburban,2117341,Yes
6187,P06533,71.8,1,1,5,0,9.73,Apartment,No,Yes,Suburban,1150818,No
6188,P05043,111.1,1,1,6,6,8.66,Apartment,No,Yes,Residential,1825925,Yes
6189,P04216,65.5,2,2,5,2,2.02,Apartment,No,Yes,Downtown,2095300,Yes
6190,P01085,94.7,1,2,15,22,21.71,Apartment,No,No,Outskirts,1275117,No
6191,P03653,207.6,3,2,15,22,8.46,Duplex,No,Yes,Residential,4123517,Yes
6192,P01192,124.5,1,2,1,5,7.45,Apartment,No,Yes,Residential,2926909,Yes
6193,P03828,116.8,3,2,2,24,3.61,Duplex,No,Yes,Residential,1872184,Yes
6194,P00621,142.8,3,3,2,4,7.37,Duplex,Yes,Yes,Suburban,3385951,No
6195,P02099,67.7,2,1,2,8,0.5,Apartment,No,Yes,Downtown,1810645,Yes
6196,P04847,84.5,2,2,13,11,1.66,Apartment,No,No,Downtown,1791698,Yes
6197,P06836,108.3,3,2,14,23,1.24,Apartment,No,Yes,Downtown,2756146,Yes
6198,P02804,172.6,3,2,4,4,8.03,Duplex,No,Yes,Suburban,4489248,No
6199,P07873,185.5,2,2,5,5,2.47,Villa,No,Yes,Residential,3528277,Yes
6200,P01865,113.3,1,1,11,5,13.91,Duplex,Yes,Yes,Suburban,2087344,No
6201,P06055,95.1,1,1,1,3,0.74,Apartment,No,Yes,Downtown,3470818,Yes
6202,P02296,112.1,1,2,4,,2.43,Apartment,Yes,Yes,Downtown,3870425,Yes
6203,P01960,70.2,1,2,7,10,13.27,Apartment,No,Yes,Suburban,1493652,Yes
6204,P05874,174.7,2,2,6,23,0.5,Duplex,Yes,Yes,Downtown,6371363,Yes
6205,P06546,197.6,4,3,1,12,14.44,Villa,Yes,No,Outskirts,2539593,No
6206,P00578,251.9,5,3,3,1,15.68,Villa,Yes,No,Suburban,3764158,No
6207,P05764,103.6,1,1,11,3,18.89,Apartment,No,No,Outskirts,250000,No
6208,P01396,165.9,2,1,3,1,0.51,Duplex,No,Yes,Downtown,4919033,Yes
6209,P06691,106.2,2,2,12,28,5.3,Apartment,Yes,Yes,Residential,2821608,No
6210,P02755,155.7,1,1,3,11,20.51,Duplex,Yes,Yes,Outskirts,1767928,No
6211,P01806,93.7,1,1,1,12,8.22,Apartment,No,Yes,Suburban,841650,Yes
6212,P02855,300,5,4,1,3,7.31,Villa,No,Yes,Suburban,7086878,Yes
6213,P08367,137.8,2,1,2,9,0.5,Duplex,Yes,Yes,Downtown,4903689,No
6214,P03913,200.7,4,3,4,36,17.61,Duplex,No,Yes,Outskirts,4396752,No
6215,P04367,160,3,2,1,10,7.2,Villa,No,Yes,Residential,4965073,Yes
6216,P00171,254,5,4,12,28,4.58,Villa,No,No,Residential,4121843,Yes
6217,P02042,55.8,2,2,9,40,7.19,Apartment,No,No,Suburban,713926,No
6218,P08818,136.7,2,2,7,13,4.68,Apartment,Yes,Yes,Suburban,3834001,No
6219,P01234,88.8,1,2,11,4,9.09,Apartment,Yes,Yes,Suburban,991520,Yes
6220,P05912,161.7,4,2,10,14,1.55,Apartment,No,Yes,Downtown,4012999,No
6221,P07972,246.8,3,2,3,1,0.5,Villa,No,No,Downtown,4222804,Yes
6222,P05170,213.4,2,1,0,18,4.64,Villa,Yes,Yes,Residential,6195590,Yes
6223,P08376,75.3,1,1,13,5,9.8,Apartment,Yes,Yes,Suburban,1834568,No
6224,P07348,87.1,1,1,9,19,7.09,Apartment,No,No,Residential,1730644,Yes
6225,P07537,231.5,5,4,1,4,8.05,Villa,Yes,No,Suburban,5059853,No
6226,P05593,87,1,2,1,22,8.41,Apartment,Yes,Yes,Suburban,1593604,Yes
6227,P07400,132,2,2,10,6,19.66,Apartment,No,No,Suburban,2375922,No
6228,P01276,118.2,3,3,11,3,6.38,Apartment,Yes,No,Residential,2304174,Yes
6229,P07924,128.8,2,1,7,2,12.36,Apartment,No,No,Suburban,1771959,Yes
6230,P08744,51.2,2,2,3,,15.16,Apartment,Yes,No,Suburban,753774,No
6231,P03119,194.9,4,3,1,7,4.52,Villa,No,Yes,Residential,3772053,Yes
6232,P04396,99.4,1,1,8,4,3.95,Apartment,No,No,Residential,2656036,Yes
6233,P02950,108.1,1,2,4,7,19.12,Apartment,Yes,Yes,Outskirts,1204008,No
6234,P08878,61.6,1,2,7,25,15.9,Apartment,No,No,Suburban,553678,No
6235,P01891,133,1,2,8,19,4.25,Apartment,No,Yes,Residential,2986411,No
6236,P00678,80.6,1,1,2,17,2.19,Apartment,No,Yes,Residential,1452308,Yes
6237,P08227,121.8,2,2,6,6,2.28,Duplex,No,Yes,Suburban,3285181,Yes
6238,P06294,92.5,2,2,9,17,15.49,Apartment,Yes,Yes,Outskirts,1656718,No
6239,P06284,159.9,3,2,4,3,1.14,Duplex,Yes,Yes,Downtown,3174764,Yes
6240,P06865,109.1,2,1,12,9,14.33,Apartment,Yes,Yes,Suburban,1668369,No
6241,P06503,51.4,2,2,6,40,10.61,Apartment,No,Yes,Suburban,717639,No
6242,P01297,179.4,4,3,10,2,2.38,Duplex,No,No,Downtown,5352389,Yes
6243,P04392,138.2,2,2,1,7,9.09,Apartment,No,Yes,Suburban,3691907,No
6244,P05167,70.3,2,1,2,6,4.52,Apartment,No,No,Residential,1017037,Yes
6245,P04150,148.1,3,3,14,11,1.89,Apartment,Yes,Yes,Residential,2847985,Yes
6246,P08093,163.2,3,3,3,3,4.06,Duplex,No,Yes,Residential,4571270,Yes
6247,P03401,141.5,3,3,13,7,2.31,Apartment,No,No,Downtown,3115439,Yes
6248,P02935,134.8,2,2,0,,11.12,Duplex,No,Yes,Suburban,3558021,No
6249,P02240,83.2,1,2,0,7,16.17,Apartment,Yes,No,Suburban,1257465,Yes
6250,P03901,50,1,1,5,,1.02,Apartment,No,Yes,Downtown,366789,Yes
6251,P05649,50,2,2,15,9,5.27,Apartment,Yes,Yes,Residential,1254697,Yes
6252,P06615,98.7,2,2,3,2,20.79,Apartment,Yes,No,Outskirts,1481480,No
6253,P03343,194.7,4,2,1,2,1.21,Duplex,No,No,Downtown,4316488,Yes
6254,P06103,113.8,2,1,3,14,15.93,Apartment,No,Yes,Outskirts,590552,No
6255,P00302,300,5,3,12,1,1.18,Villa,Yes,Yes,Downtown,8464092,Yes
6256,P00366,102.3,1,1,0,1,5.4,Apartment,Yes,Yes,Residential,1611373,Yes
6257,P06407,160.4,3,3,7,5,18.33,Duplex,No,Yes,Outskirts,2108875,No
6258,P04199,62.4,2,2,13,1,0.63,Apartment,No,No,Downtown,1545575,Yes
6259,P01046,,1,2,14,3,2.2,Apartment,No,Yes,Residential,3741016,Yes
6260,P02796,161.8,3,3,7,3,13.24,Villa,No,Yes,Suburban,4461044,Yes
6261,P05144,58.7,2,2,4,2,21,Apartment,No,Yes,Outskirts,846874,Yes
6262,P03695,63.5,1,1,8,4,6.79,Apartment,Yes,No,Suburban,1154175,Yes
6263,P00858,88.8,1,2,4,3,22.3,Apartment,No,No,Outskirts,524133,No
6264,P04406,106.2,3,3,8,3,6.7,Apartment,Yes,Yes,Suburban,3149606,Yes
6265,P03006,50,1,1,13,6,13.72,Apartment,Yes,No,Suburban,780875,Yes
6266,P06861,181.1,4,2,2,22,3.25,Duplex,No,Yes,Residential,5954252,Yes
6267,P05584,102.3,2,1,10,11,8.12,Apartment,No,No,Suburban,1237032,No
6268,P06911,70.2,1,1,9,34,11,Apartment,Yes,Yes,Suburban,568063,No
6269,P08134,211.1,2,1,12,8,24.27,Villa,Yes,Yes,Outskirts,4080087,No
6270,P04471,98.6,1,1,11,16,12.91,Apartment,No,No,Outskirts,305840,No
6271,P05310,300,4,2,3,1,2.03,Villa,Yes,Yes,Residential,11806585,Yes
6272,P00545,102.7,1,1,5,3,1.87,Apartment,Yes,No,Downtown,2355752,Yes
6273,P05448,106.9,1,1,14,2,4.34,Duplex,Yes,Yes,Residential,3305721,Yes
6274,P04388,94.7,1,1,15,23,1.36,Apartment,No,Yes,Downtown,2065961,Yes
6275,P08488,117.5,2,1,10,4,0.83,Villa,Yes,Yes,Downtown,5005008,Yes
6276,P03689,72.4,1,2,5,11,13.95,Apartment,Yes,Yes,Suburban,2446826,No
6277,P04486,139.7,3,2,7,2,4.42,Duplex,No,Yes,Residential,2581110,No
6278,P02870,87,1,1,15,30,0.93,Apartment,Yes,No,Downtown,2291712,No
6279,P04947,81,2,2,1,2,6.63,Apartment,Yes,Yes,Suburban,2074285,No
6280,P06378,160.5,2,1,15,18,10.17,Villa,Yes,Yes,Outskirts,2545538,Yes
6281,P01871,94.1,2,1,3,3,5.48,Apartment,No,Yes,Residential,1399627,Yes
6282,P05957,194.7,4,2,7,6,18.98,Villa,No,Yes,Suburban,5112588,No
6283,P08808,94.8,1,2,1,,14.22,Apartment,No,No,Suburban,1330410,No
6284,P05259,53.4,1,2,8,25,1.02,Apartment,Yes,Yes,Residential,1823204,No
6285,P03232,122.9,3,3,5,1,0.98,Apartment,Yes,Yes,Downtown,4855433,No
6286,P06261,190,2,2,10,11,17.67,Apartment,No,No,Outskirts,3554132,No
6287,P05016,119.9,2,1,1,40,4.46,Apartment,No,No,Residential,1516025,No
6288,P07569,58.9,2,1,8,7,25,Apartment,Yes,Yes,Outskirts,879457,No
6289,P04507,,1,1,5,21,3.78,Apartment,No,No,Residential,2161039,Yes
6290,P08874,110.9,2,2,7,,16.47,Apartment,Yes,Yes,Suburban,2399639,No
6291,P05142,225.1,4,2,0,14,13.66,Villa,Yes,No,Suburban,5220867,No
6292,P01895,75.5,2,1,9,1,3.92,Apartment,No,Yes,Residential,1690993,No
6293,P01185,189.2,4,2,6,6,0.85,Duplex,No,No,Downtown,3780335,Yes
6294,P08104,89.5,2,1,4,2,16.76,Apartment,No,Yes,Suburban,1995470,No
6295,P03005,97.3,1,1,0,7,0.5,Apartment,Yes,No,Downtown,1800707,Yes
6296,P01899,89.8,1,2,10,11,0.5,Apartment,Yes,No,Downtown,2634021,No
6297,P00833,146.1,2,2,7,6,5.11,Duplex,No,No,Residential,4860503,No
6298,P05900,72.9,1,1,15,6,2.41,Apartment,No,No,Downtown,1855209,Yes
6299,P00691,105.4,3,3,6,6,4.47,Apartment,No,No,Residential,1490793,Yes
6300,P08141,75.2,1,2,10,1,3.82,Duplex,Yes,No,Residential,1088454,Yes
6301,P03777,80.7,1,2,10,5,5.96,Apartment,No,No,Suburban,1653897,Yes
6302,P01513,192.1,4,3,1,7,6.25,Villa,Yes,No,Suburban,5327808,Yes
6303,P08914,144.9,2,2,1,9,2.44,Apartment,Yes,No,Residential,4223019,No
6304,P03883,163.7,4,3,8,7,12.12,Duplex,No,Yes,Suburban,2791493,No
6305,P01076,77.9,2,1,5,6,5.23,Apartment,Yes,Yes,Residential,2087488,Yes
6306,P08872,,3,3,3,4,24.74,Duplex,Yes,Yes,Outskirts,1718220,No
6307,P06701,108.7,2,2,1,8,3.93,Apartment,No,Yes,Residential,1882310,Yes
6308,P02112,81.1,1,1,2,,14.11,Duplex,Yes,Yes,Suburban,2718961,No
6309,P04866,74.9,1,2,3,13,0.98,Apartment,No,No,Downtown,2584543,No
6310,P06702,161.4,2,2,2,3,9.76,Duplex,No,No,Suburban,3406952,Yes
6311,P08732,117.6,2,1,1,4,10.63,Duplex,No,No,Suburban,2044872,Yes
6312,P02603,135.5,1,1,0,16,3.78,Apartment,No,Yes,Residential,3276463,Yes
6313,P01947,161.2,3,3,9,11,5.3,Duplex,No,Yes,Residential,3923264,Yes
6314,P04651,108.8,3,3,6,34,24.73,Apartment,No,Yes,Outskirts,853780,No
6315,P03986,121.9,2,1,11,10,1.72,Apartment,Yes,Yes,Downtown,2093390,Yes
6316,P00753,85.9,2,1,3,23,5,Apartment,No,Yes,Residential,1841862,Yes
6317,P01362,65.8,1,2,8,,7.04,Apartment,Yes,No,Residential,1410222,Yes
6318,P06391,87.4,2,1,8,22,1.95,Apartment,Yes,No,Downtown,3039530,Yes
6319,P02683,54,2,2,2,8,0.73,Apartment,Yes,No,Downtown,1920475,Yes
6320,P05138,173.9,3,3,9,18,0.5,Duplex,No,Yes,Downtown,2623273,Yes
6321,P03285,229,4,3,7,14,1.78,Duplex,No,Yes,Downtown,8530519,Yes
6322,P07966,115,3,2,3,6,13.08,Duplex,Yes,Yes,Outskirts,2209282,No
6323,P08400,252.7,4,3,10,0,12.15,Villa,No,Yes,Suburban,4649734,Yes
6324,P00364,97.5,1,2,11,13,1.42,Apartment,No,No,Downtown,3287250,No
6325,P05253,81,1,1,15,17,5.97,Apartment,Yes,Yes,Residential,1643466,Yes
6326,P02765,145.3,1,2,14,12,0.5,Duplex,No,Yes,Downtown,2770072,Yes
6327,P01136,108.6,2,2,0,3,6.52,Apartment,No,Yes,Residential,3266429,No
6328,P03213,94.8,1,1,14,10,6.66,Apartment,No,Yes,Suburban,1265127,Yes
6329,P03808,133.5,1,1,15,12,8.14,Apartment,No,No,Suburban,1316154,Yes
6330,P01680,95.4,1,2,8,21,10.09,Apartment,Yes,Yes,Suburban,1359769,Yes
6331,P04647,140,1,1,13,11,19.21,Apartment,No,No,Outskirts,915048,No
6332,P03590,219.1,4,2,0,,4.54,Villa,No,Yes,Residential,8094989,Yes
6333,P02357,280.4,5,3,6,3,2.24,Villa,Yes,Yes,Residential,9464559,Yes
6334,P07671,166.2,2,2,8,11,24.97,Duplex,Yes,Yes,Outskirts,2901849,No
6335,P01623,94.3,1,1,12,24,21.28,Apartment,Yes,No,Outskirts,762775,No
6336,P07980,190.6,2,1,8,6,1.11,Duplex,No,No,Residential,2982478,Yes
6337,P08459,89,2,2,8,12,13.96,Apartment,No,Yes,Suburban,1120432,Yes
6338,P04098,71,1,1,15,4,8.5,Apartment,Yes,Yes,Suburban,1480698,Yes
6339,P03015,58.2,1,2,0,13,5.5,Apartment,No,No,Residential,1727980,No
6340,P04811,88.9,2,1,7,2,8.33,Apartment,No,Yes,Suburban,1274736,Yes
6341,P04939,69.8,1,2,11,37,14.77,Apartment,No,No,Suburban,1210803,No
6342,P02069,149.2,2,2,10,10,2.72,Apartment,No,Yes,Residential,4258029,Yes
6343,P04390,135.4,2,1,9,3,7.49,Apartment,Yes,Yes,Suburban,2534141,Yes
6344,P00880,185.6,4,2,1,,14.85,Villa,Yes,Yes,Suburban,5747045,No
6345,P08558,88.5,1,1,12,17,4.15,Apartment,No,Yes,Suburban,1261085,Yes
6346,P07088,104.2,2,1,9,4,6.28,Apartment,No,Yes,Residential,3104945,Yes
6347,P03798,206.8,2,1,4,26,18.43,Villa,No,No,Suburban,4990068,Yes
6348,P04960,180.9,3,3,5,17,15.8,Duplex,No,Yes,Suburban,3744894,Yes
6349,P00759,65.6,1,2,9,3,0.5,Apartment,No,No,Downtown,1427215,No
6350,P03122,125.6,2,1,15,4,4.85,Apartment,No,Yes,Residential,1898044,Yes
6351,P02403,141.8,1,1,5,24,6.97,Duplex,Yes,No,Suburban,3144444,Yes
6352,P02060,140.3,3,3,1,10,2.28,Duplex,No,Yes,Downtown,2495176,Yes
6353,P07222,107.6,1,1,13,0,0.57,Apartment,No,No,Downtown,2528690,Yes
6354,P06704,85.9,2,1,14,3,0.5,Apartment,No,No,Downtown,2614891,Yes
6355,P02578,184.2,3,3,0,1,17.65,Duplex,No,Yes,Outskirts,3426307,Yes
6356,P01912,100.8,2,2,14,10,0.5,Apartment,No,Yes,Downtown,3663291,No
6357,P06631,113,1,2,4,16,17.91,Apartment,Yes,No,Suburban,2584870,No
6358,P08130,117.4,1,2,7,7,6.56,Apartment,No,Yes,Residential,3119172,No
6359,P01074,200.5,3,3,12,23,20.32,Duplex,No,Yes,Outskirts,4335095,No
6360,P05850,106.7,2,1,8,15,16,Apartment,Yes,Yes,Suburban,1447996,Yes
6361,P05256,122.1,2,2,14,0,19.56,Apartment,Yes,Yes,Outskirts,1665678,No
6362,P00059,80.2,2,2,15,40,1.39,Apartment,No,Yes,Downtown,1750151,Yes
6363,P05423,193.3,3,2,1,11,6.26,Villa,No,Yes,Suburban,3655969,No
6364,P08310,73.8,1,1,2,33,22.9,Apartment,No,Yes,Outskirts,900779,No
6365,P02295,74.3,1,2,15,8,5.56,Apartment,No,No,Residential,811752,No
6366,P08887,126.1,2,1,2,7,3.26,Apartment,Yes,Yes,Downtown,3845392,Yes
6367,P05335,160,2,1,2,1,5.9,Villa,No,Yes,Residential,4366536,No
6368,P07895,243.6,5,4,3,24,5.56,Villa,No,Yes,Residential,7973851,Yes
6369,P02399,101.1,2,1,6,9,0.5,Apartment,No,Yes,Downtown,2900368,Yes
6370,P03134,95.8,1,1,4,13,1.26,Duplex,No,Yes,Downtown,2567476,Yes
6371,P01069,94.8,1,1,9,2,0.5,Apartment,Yes,Yes,Downtown,2978440,Yes
6372,P02530,95,2,1,3,4,19.31,Apartment,No,Yes,Suburban,1244941,No
6373,P01774,139.5,2,2,6,17,21.67,Apartment,No,Yes,Outskirts,2131103,No
6374,P01478,113.9,3,2,12,,19.99,Duplex,No,No,Outskirts,1807596,No
6375,P01514,100,1,2,1,24,8.91,Apartment,Yes,Yes,Suburban,2470245,Yes
6376,P06293,50,1,2,10,9,21.93,Apartment,No,Yes,Outskirts,455726,Yes
6377,P03286,147.8,3,3,10,6,18.97,Duplex,Yes,Yes,Suburban,3869705,No
6378,P07508,87.9,2,1,6,9,13.92,Duplex,No,Yes,Outskirts,1030294,No
6379,P03069,105,1,2,6,7,11.42,Apartment,No,Yes,Suburban,2373756,No
6380,P05361,92.8,1,1,7,40,11.99,Apartment,No,No,Suburban,1620125,No
6381,P05165,232.5,3,2,10,7,13.26,Duplex,No,Yes,Suburban,5826063,Yes
6382,P06292,244.5,4,3,1,10,8.12,Villa,No,Yes,Outskirts,3970621,No
6383,P07864,115.1,2,1,14,19,5.5,Apartment,Yes,No,Residential,2109672,Yes
6384,P08565,178.8,3,2,10,28,3.07,Duplex,No,Yes,Residential,4063656,No
6385,P04613,88.6,2,1,3,14,12.49,Apartment,No,No,Suburban,824822,No
6386,P08734,175.1,3,2,12,3,6.02,Duplex,No,Yes,Residential,3199463,Yes
6387,P03290,137.7,3,3,9,,8.25,Duplex,No,Yes,Residential,3991539,No
6388,P01800,64.6,2,2,1,12,11.21,Apartment,No,Yes,Suburban,1478570,No
6389,P07947,93.2,2,1,0,20,22.28,Apartment,No,No,Outskirts,800839,No
6390,P07587,133.1,3,2,11,1,1.73,Apartment,No,Yes,Downtown,3471191,Yes
6391,P02010,116.2,2,1,9,22,14.95,Apartment,Yes,Yes,Suburban,983781,Yes
6392,P02501,61.1,1,1,7,4,2.9,Apartment,Yes,No,Downtown,1697730,Yes
6393,P02192,122.2,2,2,6,7,10.53,Apartment,No,Yes,Suburban,2220689,No
6394,P00915,222.4,3,2,9,1,20.44,Villa,No,Yes,Outskirts,4069149,No
6395,P04289,252.5,4,2,12,2,24.3,Villa,Yes,Yes,Outskirts,5570827,No
6396,P03796,102.7,1,1,7,12,19.26,Apartment,Yes,No,Suburban,1601705,Yes
6397,P07173,300,4,2,15,7,12.32,Duplex,No,Yes,Suburban,4317682,Yes
6398,P06675,199.8,4,2,7,20,4.25,Villa,No,No,Suburban,6222921,Yes
6399,P04086,167.1,4,3,0,3,13.69,Villa,No,Yes,Outskirts,3048655,No
6400,P05135,126.8,2,1,7,3,17.73,Apartment,No,Yes,Outskirts,2313109,No
6401,P06275,164.4,2,1,12,13,1.78,Duplex,Yes,No,Downtown,4782009,Yes
6402,P06056,216.3,5,3,2,7,1.07,Villa,No,Yes,Downtown,8701041,Yes
6403,P07316,50.5,1,2,11,2,2.6,Apartment,No,No,Downtown,612802,Yes
6404,P05314,80.2,1,1,7,3,11.85,Apartment,Yes,Yes,Suburban,1129287,No
6405,P02682,,3,3,0,6,25,Villa,No,Yes,Outskirts,3237028,No
6406,P05615,85.1,1,1,7,2,10.38,Apartment,No,Yes,Suburban,1001621,Yes
6407,P02506,78.9,1,1,7,28,1.23,Apartment,No,Yes,Downtown,2970456,No
6408,P01304,228,5,3,1,1,3.99,Villa,Yes,Yes,Residential,3898779,Yes
6409,P04723,50,1,2,8,20,3.97,Apartment,No,Yes,Residential,1282015,Yes
6410,P03806,67.1,1,2,7,28,0.5,Duplex,No,Yes,Downtown,3001425,No
6411,P01174,57.4,1,2,11,21,14.76,Apartment,No,Yes,Suburban,1066553,No
6412,P01433,51.8,2,2,0,7,0.5,Apartment,Yes,Yes,Downtown,1129811,Yes
6413,P01100,160.1,4,2,10,5,0.5,Duplex,No,Yes,Downtown,5193960,Yes
6414,P08573,252.2,5,3,0,4,17.01,Villa,No,Yes,Outskirts,4800260,No
6415,P01909,54.7,1,2,5,10,21.38,Apartment,No,Yes,Outskirts,697735,No
6416,P03023,87.4,1,1,5,,5.65,Apartment,Yes,Yes,Residential,1367920,Yes
6417,P08448,201.9,3,3,10,4,9.05,Villa,No,Yes,Suburban,2592368,No
6418,P08357,102.8,1,1,10,6,10.34,Apartment,Yes,Yes,Suburban,2512345,Yes
6419,P07746,78.4,1,2,2,4,6.47,Apartment,No,No,Suburban,1569468,Yes
6420,P01406,67.6,2,2,14,17,6.06,Apartment,No,Yes,Residential,1798627,No
6421,P06007,,1,2,3,24,2.74,Villa,No,Yes,Suburban,5336294,Yes
6422,P06295,190.4,4,2,3,36,1.91,Duplex,Yes,Yes,Downtown,3825896,No
6423,P08490,196.3,4,3,10,9,7.62,Duplex,Yes,Yes,Suburban,4895036,No
6424,P06811,162.3,2,2,0,14,1.79,Villa,Yes,Yes,Downtown,4575054,Yes
6425,P08929,143.1,1,1,1,,5.21,Duplex,No,Yes,Residential,3706002,Yes
6426,P02814,89.7,2,2,14,6,0.5,Duplex,Yes,Yes,Downtown,3978179,No
6427,P00310,102.4,1,2,5,12,0.95,Apartment,Yes,No,Downtown,3233423,Yes
6428,P05509,160.9,3,2,11,2,10.53,Apartment,Yes,Yes,Suburban,1628494,No
6429,P04091,93.7,1,1,10,16,0.7,Apartment,No,Yes,Downtown,2821414,No
6430,P00776,171.9,4,3,6,5,16.84,Apartment,No,Yes,Outskirts,2566304,No
6431,P04581,88.8,1,1,10,2,8.05,Apartment,No,Yes,Suburban,1931496,Yes
6432,P05671,204.9,2,1,12,21,8.34,Duplex,Yes,Yes,Suburban,3374527,Yes
6433,P00368,197.6,4,3,8,2,16.88,Duplex,Yes,No,Suburban,4726280,No
6434,P00571,218.2,4,3,1,23,4.29,Villa,No,No,Residential,7733268,No
6435,P04100,,2,2,0,2,25,Apartment,No,Yes,Outskirts,1569077,No
6436,P04746,175.2,4,2,14,1,2,Duplex,No,Yes,Downtown,5181085,Yes
6437,P06776,86.7,2,2,1,20,5.15,Apartment,No,Yes,Residential,2510822,Yes
6438,P04538,228.2,4,2,14,5,15.04,Villa,No,Yes,Outskirts,3339275,Yes
6439,P01594,172.3,3,3,3,7,8.8,Villa,Yes,Yes,Residential,7111525,Yes
6440,P02264,96.4,1,2,15,4,2.12,Apartment,Yes,Yes,Downtown,2359485,Yes
6441,P08777,145.3,3,3,5,5,9.55,Apartment,Yes,No,Residential,1493465,Yes
6442,P08680,163.2,3,3,0,20,11.16,Villa,No,Yes,Suburban,3827152,No
6443,P01542,154.5,3,3,4,7,6.08,Duplex,Yes,No,Residential,4619560,Yes
6444,P08793,131.5,1,1,12,28,6.26,Apartment,No,Yes,Residential,2231949,No
6445,P07458,197.5,3,3,15,18,12.55,Duplex,No,Yes,Outskirts,2621837,No
6446,P08468,114.3,3,2,13,21,10.32,Apartment,Yes,No,Suburban,1692989,No
6447,P04645,85.1,2,2,4,1,5.82,Apartment,No,No,Residential,2049254,No
6448,P08538,91.3,2,1,14,,17.38,Apartment,Yes,No,Outskirts,1060318,No
6449,P08889,94.4,2,1,4,12,11.35,Apartment,No,No,Suburban,869507,No
6450,P01841,155.8,3,2,13,16,1.48,Apartment,Yes,No,Downtown,4204699,Yes
6451,P06825,104.4,1,2,13,8,8.61,Apartment,No,No,Suburban,2300422,No
6452,P06128,98.3,2,2,11,2,1.28,Apartment,Yes,Yes,Downtown,3514755,Yes
6453,P05042,185,3,3,7,8,0.79,Villa,No,Yes,Downtown,6317687,Yes
6454,P05786,67.3,1,1,2,6,17.23,Apartment,No,No,Suburban,1061958,No
6455,P08280,178.8,3,3,6,9,6.88,Duplex,Yes,Yes,Residential,2115283,No
6456,P00073,89.2,1,1,14,0,16.28,Apartment,No,No,Outskirts,259383,Yes
6457,P04830,142.5,3,3,5,15,23.42,Apartment,Yes,No,Outskirts,1673623,No
6458,P07101,92,1,2,1,12,5.88,Apartment,Yes,No,Residential,2546316,Yes
6459,P05091,164.3,3,2,2,6,7.8,Duplex,Yes,Yes,Residential,4059617,Yes
6460,P04859,66.8,1,1,0,9,0.5,Apartment,Yes,No,Downtown,1794733,Yes
6461,P06234,91.6,1,1,8,24,4.57,Apartment,No,No,Residential,2148622,No
6462,P02836,74,2,1,12,1,7.35,Apartment,Yes,No,Suburban,1838099,No
6463,P04270,147.8,1,2,12,1,12.3,Villa,Yes,Yes,Suburban,2463201,No
6464,P06162,,3,3,2,5,7.54,Duplex,Yes,No,Suburban,4327586,Yes
6465,P05831,270.2,5,4,0,7,8.83,Villa,No,Yes,Suburban,6501034,Yes
6466,P08544,,1,1,14,2,19.82,Apartment,Yes,Yes,Outskirts,786165,No
6467,P03737,300,4,3,9,,4.52,Villa,Yes,Yes,Residential,7188046,Yes
6468,P07954,89.5,1,1,8,5,0.96,Apartment,No,Yes,Downtown,2469645,Yes
6469,P02512,128.9,1,1,0,1,7.7,Apartment,No,Yes,Residential,1886195,Yes
6470,P01781,237.4,4,3,3,10,2.06,Villa,Yes,Yes,Downtown,10116855,Yes
6471,P06448,171,4,2,1,9,4.99,Duplex,Yes,No,Residential,3610328,Yes
6472,P01776,137.6,3,2,9,7,9.04,Apartment,No,No,Suburban,3078017,Yes
6473,P01535,231.4,3,3,15,10,2.08,Villa,No,Yes,Downtown,4886814,Yes
6474,P04935,84.5,1,2,4,12,10.92,Apartment,Yes,No,Suburban,1206446,No
6475,P03106,184.7,3,3,14,8,10.08,Duplex,No,Yes,Suburban,3061689,Yes
6476,P03766,217.7,4,3,0,4,14.93,Villa,No,No,Suburban,2588091,Yes
6477,P03335,95.9,2,2,0,2,4.45,Apartment,No,Yes,Residential,2062274,Yes
6478,P07541,170.1,2,1,14,33,25,Duplex,No,Yes,Outskirts,2589097,No
6479,P04961,95.3,1,1,5,,1.29,Apartment,No,Yes,Downtown,1511520,Yes
6480,P03331,180.1,3,3,0,2,19.81,Duplex,Yes,No,Outskirts,1649900,No
6481,P06540,219.7,4,3,0,12,11.06,Villa,Yes,Yes,Suburban,5118969,Yes
6482,P07333,69,1,2,12,15,5.92,Apartment,Yes,Yes,Residential,1810675,Yes
6483,P07444,300,5,3,4,12,0.64,Villa,Yes,Yes,Downtown,10167875,Yes
6484,P06000,249.8,3,3,14,4,25,Villa,No,Yes,Outskirts,5504483,No
6485,P04395,50,2,1,1,0,4.98,Apartment,No,Yes,Residential,1244956,No
6486,P04468,194.4,4,2,5,10,7.88,Villa,No,Yes,Suburban,6883931,Yes
6487,P05996,103.1,2,1,3,4,6.94,Apartment,No,No,Residential,1041124,Yes
6488,P05390,119.8,2,1,10,14,20.33,Apartment,Yes,No,Outskirts,871788,Yes
6489,P04363,242,3,3,3,2,8.43,Villa,Yes,Yes,Suburban,7824421,No
6490,P03963,146.6,2,2,11,8,10.27,Duplex,No,Yes,Suburban,3095029,No
6491,P07165,296,5,3,10,29,15.89,Villa,No,Yes,Outskirts,7212043,No
6492,P01785,,2,2,13,9,2.04,Apartment,No,Yes,Residential,1735349,Yes
6493,P08064,50,1,1,10,29,10.73,Apartment,Yes,Yes,Suburban,1182593,No
6494,P01030,241.2,4,3,3,12,2.85,Villa,No,Yes,Residential,5728992,Yes
6495,P00520,103.4,2,1,3,2,12.13,Apartment,No,Yes,Outskirts,1764944,No
6496,P08382,85,2,1,10,4,9.48,Apartment,No,Yes,Suburban,1407908,Yes
6497,P02447,105.1,1,2,15,3,0.5,Apartment,No,Yes,Downtown,3283053,Yes
6498,P05320,95.4,1,1,2,,3.96,Apartment,Yes,Yes,Residential,2160152,Yes
6499,P01915,175.4,4,2,6,40,2.13,Duplex,No,Yes,Downtown,3542864,Yes
6500,P07372,139.9,3,2,0,7,19.03,Duplex,Yes,Yes,Outskirts,3712902,No
6501,P00239,300,6,4,11,0,1.4,Villa,No,No,Downtown,11319927,Yes
6502,P01610,226.2,5,3,2,4,6.59,Villa,Yes,Yes,Residential,6754515,Yes
6503,P06783,81.1,1,2,1,26,13.85,Apartment,No,No,Suburban,1367482,No
6504,P07867,,2,2,7,9,0.96,Duplex,No,Yes,Downtown,2964522,Yes
6505,P00396,187.3,2,1,4,8,3.22,Duplex,Yes,No,Residential,4087980,Yes
6506,P04191,147.3,2,2,12,26,1.2,Duplex,Yes,No,Downtown,3391752,Yes
6507,P06532,165.8,4,3,4,3,20.52,Duplex,No,Yes,Outskirts,2153963,Yes
6508,P05936,121.6,1,2,0,1,9.54,Apartment,Yes,Yes,Suburban,1214677,Yes
6509,P05882,68.3,2,1,11,8,3.02,Apartment,No,No,Residential,1664514,Yes
6510,P01984,85.4,1,1,4,7,4.93,Apartment,No,Yes,Residential,2230967,Yes
6511,P01937,184,3,2,10,10,5.38,Duplex,Yes,Yes,Residential,4732447,Yes
6512,P03365,106.4,2,1,10,0,1.29,Apartment,Yes,No,Residential,3727285,Yes
6513,P08067,254.6,3,2,2,11,0.8,Villa,No,No,Downtown,5408079,Yes
6514,P07783,93.1,2,1,11,25,12.99,Apartment,Yes,Yes,Suburban,807917,No
6515,P01034,188.6,2,2,2,2,18.4,Villa,No,No,Outskirts,4351408,Yes
6516,P07332,,2,1,13,1,23.61,Duplex,No,No,Outskirts,1475303,No
6517,P08966,124.7,2,1,9,16,0.62,Duplex,No,Yes,Downtown,3551634,Yes
6518,P04389,144.9,3,2,2,8,9.91,Apartment,Yes,No,Suburban,1818811,Yes
6519,P05049,50,1,2,12,14,0.71,Apartment,No,Yes,Downtown,924299,Yes
6520,P00605,73.2,2,1,0,8,14.12,Apartment,No,Yes,Outskirts,897423,Yes
6521,P07174,200.8,3,2,2,10,11.35,Duplex,No,Yes,Suburban,6395689,No
6522,P04978,150.8,3,3,13,3,7.31,Apartment,Yes,Yes,Residential,3097763,Yes
6523,P03269,167.9,3,3,2,9,15.93,Villa,No,Yes,Outskirts,2708679,No
6524,P02805,95.1,2,1,3,4,2,Apartment,Yes,Yes,Downtown,1944709,No
6525,P01432,,1,2,10,3,11.03,Apartment,No,Yes,Suburban,1677488,No
6526,P02710,111.2,2,1,8,8,10.93,Apartment,No,Yes,Suburban,1336454,Yes
6527,P03651,191.9,2,2,14,16,2.18,Duplex,Yes,Yes,Residential,5043495,Yes
6528,P04903,258.5,5,3,7,7,0.5,Villa,No,Yes,Downtown,4492906,Yes
6529,P04209,174.4,4,2,1,2,4.59,Duplex,Yes,Yes,Residential,4473133,Yes
6530,P02366,54.5,2,2,15,13,11.46,Apartment,Yes,No,Suburban,1191301,Yes
6531,P01322,85,1,2,0,0,2.84,Apartment,No,No,Residential,1765985,Yes
6532,P06168,116.8,3,3,15,6,2.7,Apartment,Yes,No,Residential,2437945,Yes
6533,P02577,119.7,1,1,1,15,6.99,Duplex,Yes,No,Suburban,2266242,Yes
6534,P05044,210.8,2,1,11,2,4.78,Villa,No,No,Residential,4943917,Yes
6535,P08344,112.4,2,1,5,17,3.83,Apartment,No,No,Residential,2195823,No
6536,P05684,73.2,1,2,7,13,12.21,Apartment,Yes,Yes,Suburban,1249624,Yes
6537,P05274,90.1,1,1,12,3,13.96,Apartment,Yes,No,Outskirts,1047950,Yes
6538,P02642,128.8,2,2,8,40,12.17,Apartment,No,Yes,Suburban,2360462,No
6539,P04727,97.2,1,2,15,10,20.06,Apartment,No,No,Outskirts,1020817,No
6540,P07475,246,3,3,0,8,7.5,Villa,No,Yes,Residential,6837838,Yes
6541,P05667,135.3,1,1,11,5,4.81,Apartment,Yes,Yes,Residential,4663312,Yes
6542,P07530,130,3,2,0,7,3.03,Duplex,Yes,Yes,Downtown,4478077,Yes
6543,P07201,,3,2,3,40,0.57,Villa,No,Yes,Residential,6336061,No
6544,P03433,121,2,2,4,1,18.58,Apartment,Yes,No,Outskirts,1964073,Yes
6545,P02684,201.3,4,3,3,1,10.41,Villa,No,No,Suburban,3379760,Yes
6546,P03381,119.9,2,1,11,10,6.78,Apartment,No,No,Residential,3334901,Yes
6547,P05711,188.4,4,2,11,8,7.77,Villa,No,No,Suburban,2230069,No
6548,P04319,115.2,2,1,8,24,9.82,Duplex,No,Yes,Outskirts,2113434,No
6549,P04074,193.4,4,3,11,14,0.5,Villa,Yes,No,Downtown,2641099,Yes
6550,P08283,194.6,4,2,2,10,5.39,Villa,No,No,Residential,4846790,Yes
6551,P06253,96.4,1,2,1,18,1.85,Apartment,No,No,Residential,2800206,No
6552,P07650,118.9,1,2,7,34,10.06,Apartment,Yes,Yes,Suburban,1894991,No
6553,P03933,227.2,3,2,0,5,17.02,Villa,No,Yes,Suburban,2468239,No
6554,P01743,71.2,1,2,3,38,2.72,Apartment,No,Yes,Downtown,1526454,No
6555,P08419,117.1,1,2,4,36,7.03,Duplex,No,Yes,Residential,3518489,No
6556,P07436,138.7,3,2,5,38,4.16,Apartment,No,Yes,Residential,3520605,Yes
6557,P01878,50,1,1,7,10,4.1,Apartment,No,Yes,Residential,775280,Yes
6558,P07500,242.8,4,3,3,5,0.5,Villa,No,Yes,Downtown,4794254,Yes
6559,P08153,188.6,3,2,12,10,8.46,Duplex,No,Yes,Suburban,4561625,Yes
6560,P08502,56.7,2,2,0,40,8.04,Apartment,No,Yes,Suburban,1166435,No
6561,P06259,116.2,1,1,14,7,5.32,Apartment,Yes,No,Residential,3140722,Yes
6562,P07665,68.1,1,2,11,33,0.62,Apartment,Yes,Yes,Downtown,1693144,No
6563,P01924,78.1,2,1,11,16,5.69,Apartment,No,No,Residential,1204350,Yes
6564,P08346,129.3,3,2,3,15,11.06,Apartment,No,Yes,Suburban,2066352,Yes
6565,P02842,56.9,1,2,6,14,4.29,Apartment,No,No,Residential,1688729,No
6566,P04384,,2,1,6,6,3.35,Apartment,No,No,Residential,1277860,Yes
6567,P08206,76.5,1,1,11,1,4.77,Apartment,No,No,Residential,567394,Yes
6568,P01925,112,1,2,2,2,6.17,Duplex,No,Yes,Residential,1897874,Yes
6569,P07744,116.7,2,2,1,10,20.67,Duplex,Yes,Yes,Outskirts,1727857,No
6570,P04210,152.9,1,1,6,10,6.09,Apartment,No,No,Residential,1737956,Yes
6571,P06466,139.6,3,3,11,4,18.95,Duplex,No,Yes,Outskirts,2359063,No
6572,P00028,54.8,1,2,13,4,0.5,Apartment,No,Yes,Downtown,2156090,Yes
6573,P07163,184.6,2,2,2,24,9.66,Duplex,No,Yes,Suburban,5488681,Yes
6574,P05206,77.2,1,2,10,3,1.51,Apartment,Yes,No,Downtown,1911903,Yes
6575,P03569,117.5,2,1,14,,20.25,Apartment,Yes,No,Outskirts,930109,No
6576,P05321,109.2,2,2,15,11,2.46,Apartment,No,No,Downtown,4066645,Yes
6577,P03432,95.9,1,2,7,1,14.74,Apartment,Yes,Yes,Suburban,1667185,Yes
6578,P06725,50.5,1,1,10,1,2.22,Apartment,No,No,Residential,786478,Yes
6579,P06493,213.5,3,3,9,,16.52,Duplex,No,No,Outskirts,3394942,No
6580,P02177,249.9,3,2,2,16,4.52,Villa,No,Yes,Residential,5310325,Yes
6581,P04622,171.8,4,2,1,6,16.87,Duplex,No,Yes,Outskirts,2994561,No
6582,P07344,,2,2,7,9,0.5,Apartment,No,Yes,Downtown,1733762,Yes
6583,P05570,68.2,2,2,3,6,25,Apartment,No,No,Outskirts,813839,No
6584,P08676,173.8,2,1,3,29,11.2,Duplex,Yes,Yes,Suburban,3228614,Yes
6585,P03880,181.7,2,1,8,4,4.5,Duplex,No,No,Residential,5108986,Yes
6586,P04603,186.9,3,2,14,17,16.36,Duplex,Yes,Yes,Outskirts,2077159,No
6587,P03552,51.3,1,1,10,40,6.12,Apartment,No,No,Suburban,557284,Yes
6588,P08908,174.9,4,3,11,10,14.8,Duplex,Yes,Yes,Outskirts,2165884,No
6589,P08724,91.2,2,2,11,0,7.29,Apartment,Yes,Yes,Suburban,1294457,Yes
6590,P01224,113.3,1,1,11,7,13.61,Apartment,Yes,Yes,Suburban,1720941,No
6591,P02445,154.9,2,1,7,3,4.27,Duplex,Yes,Yes,Residential,3568310,Yes
6592,P08837,89.5,1,2,11,13,11.37,Apartment,No,No,Suburban,1304016,Yes
6593,P03313,154,3,2,13,3,6.41,Villa,No,Yes,Suburban,4221527,No
6594,P06694,118.7,1,2,3,3,21.47,Apartment,Yes,Yes,Outskirts,1454995,No
6595,P05792,52.8,1,1,5,19,13.27,Apartment,No,No,Suburban,356726,No
6596,P08477,133.8,2,1,2,19,13.95,Apartment,Yes,Yes,Suburban,3128165,Yes
6597,P03068,167.2,3,3,3,13,1.12,Duplex,No,No,Downtown,3321769,Yes
6598,P01627,107,1,2,13,,1.56,Apartment,No,Yes,Residential,2006812,Yes
6599,P01265,126.9,2,2,12,35,14.51,Duplex,No,Yes,Suburban,1811211,No
6600,P03970,141.4,3,2,12,7,1.05,Apartment,No,Yes,Downtown,3651242,Yes
6601,P01965,100.8,1,1,3,15,16.81,Duplex,No,No,Suburban,2140539,No
6602,P00878,,4,2,1,6,6.91,Villa,Yes,No,Residential,9013832,Yes
6603,P08058,111.7,1,1,6,5,3.16,Duplex,No,Yes,Residential,3618428,Yes
6604,P08858,239.5,5,3,1,23,19.96,Villa,No,Yes,Outskirts,5111280,No
6605,P08185,80.8,2,2,1,3,4.39,Apartment,No,No,Residential,1424187,Yes
6606,P03479,68,1,1,2,4,22.56,Apartment,No,Yes,Outskirts,445383,No
6607,P04110,127.8,3,3,0,,10.35,Duplex,Yes,Yes,Suburban,2650655,Yes
6608,P00482,116,1,2,15,32,4.61,Duplex,No,No,Residential,3638359,No
6609,P06921,214.1,3,2,6,2,8.64,Duplex,Yes,No,Suburban,5662157,Yes
6610,P08252,108.7,3,2,15,10,1,Apartment,No,Yes,Downtown,3800766,Yes
6611,P07975,104.6,1,1,14,7,10.92,Apartment,No,No,Suburban,924356,No
6612,P06521,188.2,2,1,0,25,24.41,Villa,Yes,Yes,Outskirts,3656837,Yes
6613,P02553,222.2,4,3,1,18,6.2,Villa,Yes,Yes,Suburban,4943407,Yes
6614,P07619,57.7,1,1,4,32,7.79,Apartment,No,No,Suburban,671310,No
6615,P08636,128.5,2,2,7,1,6.18,Apartment,Yes,No,Residential,1719039,Yes
6616,P04954,88.4,1,2,5,4,17.46,Apartment,Yes,Yes,Outskirts,1147107,No
6617,P03130,119.7,3,2,5,7,18.05,Apartment,Yes,Yes,Outskirts,1494218,No
6618,P04143,110.8,1,2,7,6,0.97,Apartment,Yes,No,Downtown,2753885,Yes
6619,P02919,126.4,1,2,6,5,1.56,Duplex,No,Yes,Downtown,3523319,Yes
6620,P03872,73,1,1,14,9,5.33,Apartment,No,No,Residential,929244,Yes
6621,P04042,171.3,3,2,12,1,13.3,Duplex,No,Yes,Suburban,4835608,No
6622,P02315,183.2,4,3,1,3,6.17,Villa,No,No,Residential,2192278,Yes
6623,P08790,50,1,1,10,25,25,Apartment,No,No,Outskirts,250000,No
6624,P06482,203.3,2,2,1,5,4.82,Villa,Yes,No,Residential,4793025,Yes
6625,P04996,143.3,3,2,13,6,4.34,Duplex,No,Yes,Residential,3011222,Yes
6626,P05119,,3,3,6,13,2.91,Villa,Yes,Yes,Downtown,11076606,Yes
6627,P04329,81.1,1,2,15,6,14.16,Apartment,No,No,Outskirts,678499,Yes
6628,P00942,192,3,3,15,40,18.39,Villa,Yes,No,Outskirts,3981856,No
6629,P08692,102.5,1,1,15,12,2.91,Apartment,No,Yes,Residential,1199352,Yes
6630,P08757,149.9,3,2,7,0,7.1,Duplex,No,Yes,Residential,4049374,Yes
6631,P08888,201.6,3,2,11,4,10.84,Villa,No,Yes,Suburban,4059371,Yes
6632,P03238,221.2,5,3,0,34,10.65,Villa,Yes,Yes,Residential,5743364,No
6633,P08100,81.3,1,1,1,40,11.69,Apartment,No,No,Outskirts,806435,No
6634,P08215,137.6,3,3,4,7,4.6,Apartment,Yes,Yes,Residential,4579641,No
6635,P01810,128.1,1,2,14,2,1.6,Apartment,No,No,Downtown,2799614,Yes
6636,P07253,300,4,2,0,14,15.1,Villa,Yes,Yes,Outskirts,9052923,No
6637,P06318,83.4,2,2,6,40,14,Apartment,Yes,No,Suburban,912977,No
6638,P01166,68.1,1,1,9,4,25,Apartment,No,Yes,Outskirts,599001,No
6639,P00205,223,4,2,0,3,1.01,Villa,No,Yes,Downtown,6992874,Yes
6640,P08625,246.5,4,3,9,3,5.44,Villa,No,Yes,Residential,7680583,Yes
6641,P07706,261.3,5,4,12,12,14.67,Villa,No,Yes,Suburban,6511351,Yes
6642,P03690,94.9,1,2,14,2,3.98,Apartment,No,Yes,Residential,1450450,Yes
6643,P01888,67.9,1,1,3,3,1.44,Apartment,No,Yes,Downtown,2482785,No
6644,P03510,162.3,2,2,2,9,5.73,Villa,No,Yes,Residential,4319200,Yes
6645,P01163,142.7,3,3,12,6,21.58,Duplex,No,Yes,Outskirts,2222959,Yes
6646,P02730,142.2,1,1,2,23,23.78,Apartment,Yes,Yes,Outskirts,950831,No
6647,P01601,56.1,1,2,15,2,22.1,Apartment,No,Yes,Outskirts,402568,No
6648,P00087,216.8,4,2,3,21,11.92,Villa,No,Yes,Suburban,3831115,No
6649,P05966,100.6,1,2,12,34,2.48,Apartment,No,No,Residential,1943211,No
6650,P06972,62.1,1,1,4,1,5.01,Apartment,No,Yes,Residential,1281041,Yes
6651,P02208,50,1,1,12,18,9.07,Apartment,No,Yes,Residential,1149221,No
6652,P03047,51.8,1,1,2,15,1.78,Apartment,Yes,No,Residential,1502885,No
6653,P08739,190.1,2,1,1,2,10.85,Villa,No,Yes,Suburban,4128401,No
6654,P04718,226.1,3,3,3,4,9.87,Villa,No,Yes,Suburban,4941968,Yes
6655,P05910,120.5,1,2,2,11,1.79,Apartment,Yes,Yes,Downtown,3175238,Yes
6656,P06728,68.2,1,1,12,2,3.31,Apartment,No,Yes,Residential,1953077,No
6657,P07454,96,2,2,12,10,7.11,Apartment,No,No,Suburban,1166173,Yes
6658,P00365,151.9,1,2,10,31,12.65,Villa,No,No,Suburban,3518034,Yes
6659,P03981,50,1,1,12,4,2.16,Apartment,No,Yes,Downtown,946469,Yes
6660,P08427,50,1,1,9,20,8.28,Apartment,Yes,Yes,Suburban,654145,No
6661,P07962,208.7,4,3,5,21,4.18,Duplex,No,Yes,Residential,5608039,Yes
6662,P01293,157,1,2,11,7,17.27,Duplex,No,Yes,Suburban,2438765,No
6663,P03976,97.8,1,1,6,,5.66,Apartment,Yes,No,Residential,1452637,Yes
6664,P08404,93.3,1,2,12,3,22.96,Apartment,No,No,Outskirts,1318819,No
6665,P06860,68.9,2,1,1,36,0.5,Apartment,No,No,Downtown,1599812,Yes
6666,P08080,108.9,2,1,11,3,22.33,Apartment,Yes,Yes,Outskirts,1287816,No
6667,P01000,53,1,2,6,23,6.15,Apartment,No,No,Residential,250000,Yes
6668,P03173,,2,1,4,5,15.57,Duplex,No,Yes,Suburban,3455698,No
6669,P01037,,1,1,1,1,2.31,Apartment,No,Yes,Residential,1724438,Yes
6670,P05750,192,2,1,0,11,13.65,Villa,No,Yes,Outskirts,2587099,No
6671,P08554,195.7,4,2,3,3,13.62,Villa,No,No,Suburban,4654592,No
6672,P02803,75.1,1,2,0,40,1.52,Apartment,No,Yes,Downtown,2018741,No
6673,P05185,66.2,2,2,4,3,1.4,Apartment,No,Yes,Downtown,1383505,Yes
6674,P02695,210.4,3,3,4,32,20.01,Duplex,No,Yes,Outskirts,3550585,No
6675,P01337,93.7,2,1,2,1,0.5,Apartment,No,No,Downtown,3229148,No
6676,P00996,142,2,2,4,15,5.32,Duplex,Yes,Yes,Residential,5033662,Yes
6677,P00221,158.6,2,1,13,5,8.11,Apartment,No,No,Residential,4000488,Yes
6678,P02402,179.6,3,3,14,12,8.89,Duplex,Yes,No,Suburban,5109354,Yes
6679,P08646,87.3,1,1,2,0,5.43,Apartment,No,No,Residential,1034447,Yes
6680,P07903,55.5,2,2,1,16,14.88,Apartment,Yes,No,Outskirts,917260,No
6681,P06945,61.9,1,2,14,7,6.75,Apartment,No,Yes,Residential,997282,No
6682,P03822,,1,2,8,17,8.52,Apartment,Yes,Yes,Suburban,1151487,Yes
6683,P00250,183.6,3,2,2,4,3.87,Villa,No,No,Residential,6725706,No
6684,P02008,119.8,3,2,0,7,0.5,Apartment,Yes,Yes,Downtown,3578352,Yes
6685,P06262,205,3,3,14,4,0.5,Villa,No,Yes,Downtown,9148816,Yes
6686,P08943,198.3,2,2,2,40,0.5,Villa,No,Yes,Downtown,6213240,No
6687,P05289,103.5,1,2,15,2,0.79,Apartment,Yes,No,Residential,2639009,Yes
6688,P01887,141.6,1,2,3,2,1.1,Duplex,No,Yes,Downtown,3950147,Yes
6689,P07426,173.9,3,3,11,40,0.57,Duplex,No,Yes,Downtown,2142958,Yes
6690,P04660,109.6,3,3,7,0,1.02,Apartment,No,Yes,Downtown,3361260,Yes
6691,P07958,198.4,3,3,10,9,7.46,Duplex,Yes,No,Residential,2825202,Yes
6692,P03467,50,1,1,2,23,9.08,Apartment,Yes,No,Suburban,1281485,Yes
6693,P02539,190.4,2,1,1,2,1.08,Duplex,No,No,Downtown,4983561,Yes
6694,P07547,279.3,6,4,3,3,10.02,Villa,Yes,Yes,Suburban,5371492,Yes
6695,P04482,99.4,1,1,12,6,8.83,Apartment,No,Yes,Suburban,2021753,Yes
6696,P02537,165.1,4,3,1,17,9.82,Duplex,Yes,Yes,Suburban,3469163,No
6697,P04619,,3,2,4,7,4.9,Duplex,Yes,Yes,Residential,1835900,Yes
6698,P00592,158.8,2,2,15,0,6.08,Duplex,Yes,Yes,Residential,2895631,Yes
6699,P07755,,2,2,2,4,3.09,Duplex,Yes,Yes,Residential,6605474,Yes
6700,P07884,162.9,2,2,14,4,0.5,Duplex,No,No,Suburban,2333589,Yes
6701,P02203,176.1,2,2,2,31,11.12,Duplex,Yes,Yes,Outskirts,2497642,No
6702,P02226,117,1,2,4,9,4.67,Apartment,No,No,Residential,1313042,Yes
6703,P02260,59.7,1,2,13,3,5.54,Apartment,No,No,Residential,1300913,Yes
6704,P04479,50,2,1,1,0,19.29,Apartment,No,Yes,Outskirts,715289,Yes
6705,P00519,122.8,2,2,6,14,0.59,Apartment,No,No,Downtown,2288284,Yes
6706,P04670,79.7,1,1,2,40,2.96,Apartment,No,No,Residential,1272129,Yes
6707,P05685,105,3,2,6,1,7.44,Apartment,No,Yes,Residential,2225730,Yes
6708,P06832,78.8,1,2,9,2,6.4,Apartment,Yes,Yes,Suburban,1658925,No
6709,P03105,108.2,1,2,10,8,8.03,Apartment,No,No,Suburban,1633663,Yes
6710,P04063,112.7,3,2,11,,1.12,Apartment,No,No,Downtown,2347115,Yes
6711,P08923,96,1,2,2,4,1.8,Apartment,No,No,Downtown,1473646,Yes
6712,P06623,98.6,1,2,14,19,0.5,Apartment,No,Yes,Downtown,3279637,No
6713,P07384,86.7,1,1,11,23,0.5,Apartment,No,No,Downtown,2925685,No
6714,P03046,195.2,2,2,2,25,17.51,Duplex,Yes,Yes,Outskirts,3213836,No
6715,P04673,50,1,2,0,4,2.59,Apartment,Yes,No,Downtown,2059520,No
6716,P01651,80.9,1,1,9,2,6.24,Apartment,No,No,Residential,1764809,No
6717,P08503,204.1,4,3,6,1,2.82,Duplex,No,Yes,Downtown,5628086,Yes
6718,P06164,141.9,3,2,4,2,9.09,Apartment,Yes,Yes,Suburban,1881917,Yes
6719,P06057,224.2,3,2,3,,0.5,Villa,No,Yes,Downtown,8704894,Yes
6720,P00255,237.3,4,3,10,40,5.2,Duplex,No,Yes,Residential,7359594,No
6721,P04648,67.7,2,1,10,29,5.42,Apartment,No,No,Residential,1144955,No
6722,P05732,143.2,3,2,14,11,13.38,Duplex,No,No,Outskirts,2324409,Yes
6723,P01275,126.3,1,2,5,1,0.5,Duplex,No,Yes,Downtown,2363160,Yes
6724,P01817,84.1,1,2,13,4,14.41,Apartment,Yes,Yes,Suburban,1044587,Yes
6725,P04852,244.7,4,2,2,5,11.65,Villa,No,Yes,Suburban,7462254,No
6726,P02635,80.7,1,1,6,9,11.93,Apartment,No,Yes,Suburban,1678396,No
6727,P01328,185.9,2,2,11,11,9.29,Duplex,No,Yes,Suburban,4039805,No
6728,P04736,168.8,4,2,13,14,2.72,Duplex,No,Yes,Suburban,2543379,Yes
6729,P01054,,5,3,1,27,1.54,Villa,Yes,Yes,Downtown,8930137,Yes
6730,P00044,138.3,1,1,12,36,7.86,Duplex,No,Yes,Residential,2983367,Yes
6731,P00008,278,6,4,5,5,15.05,Villa,Yes,Yes,Suburban,6781921,No
6732,P00481,65.9,2,2,11,14,4.85,Apartment,Yes,No,Residential,1474835,Yes
6733,P05591,153.3,1,2,0,8,4.59,Apartment,No,No,Residential,3482979,Yes
6734,P00472,61.3,1,1,12,2,5.08,Apartment,Yes,Yes,Residential,987047,Yes
6735,P04518,89.6,1,1,13,30,4.55,Apartment,Yes,No,Residential,1968610,Yes
6736,P07789,93.6,1,2,14,4,8.37,Apartment,No,No,Suburban,1970535,Yes
6737,P02238,201.4,4,3,5,4,3.93,Duplex,Yes,Yes,Residential,6026985,Yes
6738,P07535,99.8,1,2,14,7,5.99,Apartment,Yes,No,Residential,2309095,Yes
6739,P07051,134,1,2,12,26,12.51,Duplex,Yes,No,Outskirts,1052370,No
6740,P00655,104.7,1,1,3,16,23.88,Apartment,No,Yes,Outskirts,1174671,No
6741,P08123,105.8,3,2,8,19,11.16,Apartment,No,Yes,Suburban,3118584,No
6742,P00438,172.4,4,3,6,6,8.14,Villa,No,Yes,Suburban,4646262,No
6743,P04405,167.5,3,2,15,9,3.61,Duplex,No,Yes,Residential,5392246,Yes
6744,P00465,118.5,2,1,6,2,7.76,Apartment,Yes,Yes,Suburban,2545316,Yes
6745,P03903,167.6,3,3,12,31,7.49,Duplex,Yes,Yes,Suburban,4032193,Yes
6746,P04564,84.2,1,2,9,4,10.28,Apartment,Yes,Yes,Outskirts,1830256,No
6747,P01692,142.6,1,2,12,2,19.37,Duplex,No,Yes,Outskirts,1966942,No
6748,P05130,197.8,2,1,11,10,15.55,Duplex,Yes,Yes,Outskirts,2526543,Yes
6749,P00698,96.5,1,2,4,7,7.65,Apartment,Yes,No,Suburban,1491727,Yes
6750,P02231,123.9,3,3,4,12,7.23,Apartment,Yes,Yes,Residential,4387992,Yes
6751,P08974,99.8,1,1,5,38,0.61,Apartment,No,Yes,Downtown,3344487,No
6752,P02696,117.8,3,2,6,3,0.5,Apartment,No,Yes,Downtown,3918030,Yes
6753,P00066,254.8,5,4,5,12,6.04,Villa,No,Yes,Suburban,4736138,Yes
6754,P01349,83,1,2,5,38,5.24,Apartment,No,Yes,Residential,680852,Yes
6755,P02416,66.9,2,2,9,29,1.31,Apartment,No,No,Downtown,2143895,No
6756,P02481,140.3,3,2,1,2,13.36,Apartment,No,No,Suburban,2707070,Yes
6757,P05529,107.8,2,2,0,2,10.85,Apartment,No,No,Outskirts,1068177,No
6758,P02150,94.4,2,1,1,25,2.98,Apartment,Yes,No,Downtown,872372,Yes
6759,P07425,190.2,2,1,7,,16.51,Duplex,No,No,Suburban,3593132,Yes
6760,P08136,149.1,3,2,0,1,8.94,Duplex,Yes,Yes,Residential,307544,Yes
6761,P06189,96.7,2,1,7,9,12.2,Apartment,Yes,Yes,Suburban,1359991,Yes
6762,P06698,247.2,3,3,11,17,0.5,Villa,No,Yes,Downtown,7626548,Yes
6763,P05092,99.9,2,2,1,3,13.03,Apartment,Yes,Yes,Suburban,1511074,Yes
6764,P06468,111.7,3,3,4,1,15.27,Apartment,No,No,Suburban,788526,Yes
6765,P01811,230.4,3,3,2,7,7.18,Villa,No,Yes,Residential,5700664,Yes
6766,P07073,200.3,4,3,15,25,7.45,Villa,Yes,No,Residential,5272897,Yes
6767,P08127,50,1,2,6,16,1.94,Apartment,Yes,Yes,Residential,795330,Yes
6768,P05877,144.4,2,2,15,1,4.92,Duplex,No,Yes,Suburban,2988120,Yes
6769,P07936,207.2,2,2,5,10,7.97,Villa,No,Yes,Residential,6940401,Yes
6770,P06206,196.7,4,3,0,1,12.47,Villa,No,Yes,Suburban,4352445,Yes
6771,P06843,152.2,2,1,4,,16.26,Apartment,Yes,No,Suburban,1914058,No
6772,P02048,133.8,3,2,15,2,13.77,Duplex,Yes,Yes,Suburban,3401834,No
6773,P03853,161.3,3,3,1,40,6.5,Duplex,No,Yes,Residential,3523967,Yes
6774,P04226,80.5,2,2,15,0,16.07,Apartment,Yes,No,Outskirts,988700,No
6775,P07109,163.3,3,3,13,0,5.01,Duplex,No,Yes,Residential,3731662,Yes
6776,P07390,99,1,1,7,18,6.34,Apartment,No,No,Residential,2380429,Yes
6777,P00850,129.6,1,2,15,15,20.38,Apartment,Yes,No,Outskirts,1683398,No
6778,P07008,200.7,2,1,11,9,0.5,Duplex,No,Yes,Downtown,5079178,Yes
6779,P03966,99.8,1,2,10,7,0.5,Apartment,Yes,No,Downtown,1173086,Yes
6780,P00418,,1,1,4,6,15.01,Duplex,No,No,Suburban,2335486,Yes
6781,P03719,200.4,3,3,4,1,16.8,Villa,Yes,Yes,Outskirts,4044052,No
6782,P07757,76.3,1,2,10,12,2.88,Apartment,No,No,Downtown,2966994,Yes
6783,P07456,148.9,2,2,10,33,9.21,Apartment,Yes,Yes,Suburban,2145653,Yes
6784,P02286,131.9,3,2,14,4,0.5,Apartment,Yes,Yes,Downtown,4640259,Yes
6785,P07634,55.4,1,2,12,0,12,Apartment,No,Yes,Suburban,1171528,Yes
6786,P05295,192.6,4,3,2,3,11.06,Duplex,No,No,Suburban,4503687,Yes
6787,P02550,108.8,1,2,11,13,5.56,Duplex,No,Yes,Residential,2264221,Yes
6788,P04174,193.2,4,3,14,4,1.92,Duplex,No,Yes,Residential,3663004,Yes
6789,P04357,,1,1,3,16,13.04,Apartment,No,Yes,Outskirts,371402,Yes
6790,P01923,128.2,1,1,14,2,7.03,Apartment,Yes,No,Residential,2931833,Yes
6791,P08521,106.3,3,3,10,3,13.54,Apartment,Yes,No,Suburban,3377980,No
6792,P05490,138.8,2,2,12,27,8.22,Apartment,No,Yes,Suburban,3428036,No
6793,P02571,122.8,2,1,14,9,0.5,Apartment,Yes,Yes,Downtown,3161777,Yes
6794,P03762,139.9,2,1,2,10,3.64,Apartment,Yes,Yes,Residential,2995467,Yes
6795,P08842,103.7,1,1,9,38,1.82,Apartment,No,Yes,Downtown,2746464,Yes
6796,P02103,129,2,2,11,3,18.63,Duplex,No,Yes,Outskirts,1920383,No
6797,P07672,174.5,4,3,9,39,0.5,Duplex,No,Yes,Downtown,7012711,Yes
6798,P00999,79.7,1,2,9,19,22.51,Apartment,No,Yes,Outskirts,1020121,No
6799,P07709,220.8,4,2,10,13,5.45,Villa,No,Yes,Residential,5638932,Yes
6800,P02233,162.7,3,2,12,9,0.5,Duplex,No,Yes,Downtown,5015649,Yes
6801,P08516,84.9,2,1,5,10,12.73,Apartment,No,No,Suburban,1096447,No
6802,P01482,162.4,2,2,1,4,0.57,Apartment,No,Yes,Downtown,3708481,Yes
6803,P06041,108.8,3,3,4,17,7.17,Apartment,No,Yes,Residential,1641317,Yes
6804,P00383,178.3,3,2,2,1,11.71,Duplex,No,No,Suburban,3962648,No
6805,P07533,,4,2,12,0,5.22,Duplex,No,Yes,Residential,6230037,Yes
6806,P08673,155.5,1,2,13,16,17.69,Duplex,No,Yes,Outskirts,1448105,No
6807,P06302,76.8,1,1,1,14,4.9,Apartment,No,Yes,Residential,1917969,Yes
6808,P04273,169.2,3,2,7,9,17.07,Duplex,No,Yes,Outskirts,3746400,No
6809,P04782,,4,2,2,2,15.68,Duplex,No,Yes,Outskirts,2332027,Yes
6810,P04655,220.8,5,3,0,,9.49,Villa,No,Yes,Residential,6771217,Yes
6811,P04932,108.5,1,1,7,5,11.75,Apartment,No,Yes,Suburban,2598549,Yes
6812,P08038,224.6,3,2,3,3,2.63,Villa,No,No,Residential,6136777,Yes
6813,P00030,107.9,1,2,10,2,5.79,Apartment,Yes,Yes,Suburban,2160229,Yes
6814,P04560,96.6,2,2,5,4,3.48,Apartment,No,Yes,Suburban,1368279,Yes
6815,P03812,98.5,1,1,2,11,0.5,Duplex,No,Yes,Downtown,2891499,Yes
6816,P08849,135.9,2,2,14,4,10,Apartment,No,Yes,Suburban,2173946,Yes
6817,P05013,138.6,2,1,1,39,6.01,Duplex,Yes,No,Residential,3899673,No
6818,P05922,75.6,2,1,5,0,0.5,Apartment,No,No,Downtown,1668842,Yes
6819,P08770,188.9,3,3,0,3,0.5,Villa,No,Yes,Downtown,4562386,Yes
6820,P08683,228.3,3,2,2,3,12.37,Villa,No,Yes,Suburban,6705679,Yes
6821,P00322,91.3,1,2,9,5,6.66,Apartment,No,No,Residential,1495259,Yes
6822,P01824,122.7,2,2,1,11,9.87,Apartment,No,Yes,Suburban,3279916,Yes
6823,P03698,89.6,2,2,2,11,0.5,Apartment,Yes,No,Downtown,2907690,Yes
6824,P04615,117.9,2,1,2,2,4.48,Apartment,No,Yes,Residential,2125400,Yes
6825,P06974,64.7,1,1,13,3,21.36,Apartment,No,Yes,Outskirts,636111,No
6826,P03685,148.5,2,2,4,26,1.3,Duplex,No,No,Downtown,4692793,Yes
6827,P03345,108.1,2,1,4,15,10.49,Apartment,Yes,No,Suburban,1527992,No
6828,P06887,50,1,2,14,18,5.83,Apartment,No,Yes,Residential,1217725,Yes
6829,P05969,151,3,2,11,8,15.07,Duplex,No,No,Suburban,2954782,No
6830,P07168,195.8,3,3,4,9,1.29,Duplex,Yes,Yes,Downtown,4135634,Yes
6831,P07077,50,1,2,15,9,1.73,Apartment,Yes,Yes,Residential,781967,Yes
6832,P04692,130.8,1,1,9,1,6.17,Apartment,No,Yes,Residential,2155836,Yes
6833,P07582,214,3,3,3,1,21.53,Villa,No,Yes,Outskirts,1917737,No
6834,P04566,112.1,2,1,1,4,7.64,Apartment,Yes,Yes,Suburban,2530911,Yes
6835,P03945,94.4,1,1,7,9,2.08,Apartment,No,No,Downtown,1812301,Yes
6836,P07110,135.3,3,2,10,4,1.16,Apartment,Yes,Yes,Downtown,3320169,Yes
6837,P07066,91.2,2,2,10,5,19.23,Apartment,No,No,Outskirts,838998,No
6838,P08740,50,2,1,15,4,10.94,Apartment,No,No,Suburban,528533,Yes
6839,P06512,106,3,2,0,19,1.67,Apartment,Yes,Yes,Downtown,3907201,No
6840,P03281,146.9,1,1,9,30,8.6,Duplex,Yes,No,Suburban,2535239,Yes
6841,P06390,291.4,5,3,9,8,2.71,Villa,Yes,No,Residential,8028539,Yes
6842,P02948,128.4,1,2,9,11,14.81,Duplex,Yes,Yes,Suburban,2136980,No
6843,P05651,,3,3,0,3,13.95,Apartment,No,No,Outskirts,1708502,No
6844,P03186,96.3,2,1,11,2,0.5,Apartment,No,No,Downtown,3266358,Yes
6845,P03168,77.5,1,1,0,5,0.54,Apartment,No,Yes,Downtown,2185907,Yes
6846,P00098,108.5,3,3,3,11,0.5,Apartment,No,Yes,Downtown,2392538,Yes
6847,P07905,125.8,2,2,1,1,12.23,Apartment,No,Yes,Outskirts,1937926,Yes
6848,P06309,138.3,1,2,1,24,4.11,Apartment,Yes,Yes,Residential,2933766,Yes
6849,P02430,93.5,2,1,4,29,8.45,Apartment,No,No,Suburban,1844862,Yes
6850,P02246,187.6,4,3,7,30,2.43,Duplex,Yes,Yes,Downtown,4305160,Yes
6851,P07827,108.8,2,2,5,8,11.93,Apartment,Yes,No,Suburban,1120347,No
6852,P02077,112.9,3,2,3,12,21.24,Apartment,Yes,No,Outskirts,936986,No
6853,P00448,99.2,2,2,8,19,13.51,Apartment,Yes,Yes,Suburban,1283670,No
6854,P05773,124.6,3,3,8,21,1.4,Apartment,Yes,Yes,Residential,2653030,Yes
6855,P05830,50,2,1,8,8,10.3,Apartment,Yes,Yes,Suburban,1069034,No
6856,P05994,104.9,1,1,5,15,14.63,Apartment,Yes,Yes,Outskirts,2205125,No
6857,P08391,208.1,3,3,7,12,7.68,Duplex,No,Yes,Suburban,5014817,No
6858,P00015,139.3,3,3,0,20,7.27,Apartment,Yes,Yes,Residential,3700219,No
6859,P04394,89.1,2,2,7,12,15.65,Apartment,No,Yes,Suburban,2103151,No
6860,P07157,83,2,1,0,4,6.84,Apartment,No,Yes,Outskirts,1294128,No
6861,P01216,146.8,2,1,13,19,11.23,Villa,Yes,No,Suburban,3975128,Yes
6862,P05664,100.1,2,1,3,7,0.5,Apartment,No,No,Downtown,1720232,Yes
6863,P08307,156.6,1,1,15,28,9.65,Apartment,Yes,Yes,Suburban,2974141,No
6864,P03795,107.7,1,1,6,6,12.6,Apartment,No,Yes,Suburban,1851666,Yes
6865,P06917,98.7,1,1,14,40,5.06,Apartment,No,Yes,Residential,1938379,No
6866,P06227,126.9,3,2,2,6,7.03,Apartment,No,Yes,Residential,3133752,No
6867,P05925,62.6,1,2,14,12,15.72,Apartment,No,Yes,Suburban,983297,No
6868,P06866,153.6,2,2,8,22,5.27,Apartment,No,Yes,Residential,4158517,Yes
6869,P08708,50,2,2,10,10,0.95,Apartment,No,Yes,Downtown,1222748,Yes
6870,P07212,119.4,1,1,5,14,15.86,Apartment,No,Yes,Suburban,2114964,No
6871,P02343,50,1,1,9,40,9.54,Apartment,No,No,Suburban,749930,No
6872,P00287,79.2,2,2,2,2,0.5,Apartment,No,Yes,Downtown,1147677,Yes
6873,P03844,130.6,2,2,6,12,18.41,Duplex,Yes,No,Suburban,2113922,No
6874,P04219,161.1,3,2,14,24,21.21,Apartment,No,No,Outskirts,1504580,No
6875,P02313,89.7,2,1,3,12,3.75,Apartment,No,Yes,Residential,1765063,No
6876,P02860,126.2,1,1,15,23,4.29,Duplex,No,No,Residential,3370107,No
6877,P00780,82.9,1,2,10,7,16.89,Apartment,No,Yes,Outskirts,797692,No
6878,P05751,,3,3,9,4,1.56,Duplex,No,No,Downtown,3824686,Yes
6879,P01526,94.3,2,1,13,5,0.5,Apartment,No,Yes,Downtown,2898432,Yes
6880,P04020,119,3,2,3,13,7.6,Apartment,No,Yes,Suburban,2880151,Yes
6881,P02053,251.2,5,4,2,14,7.97,Villa,No,Yes,Residential,1184459,Yes
6882,P04525,83.7,2,1,12,1,11.62,Apartment,No,No,Suburban,1870461,Yes
6883,P07640,213.3,2,2,2,4,7.2,Villa,No,Yes,Residential,6730674,Yes
6884,P08184,63.7,2,1,3,40,1.67,Apartment,No,Yes,Downtown,970752,Yes
6885,P05564,171.2,2,1,12,17,0.5,Villa,No,No,Downtown,7656847,No
6886,P06661,163.1,4,2,10,4,5.5,Villa,No,Yes,Residential,4795225,Yes
6887,P08195,194.5,2,1,1,,14.48,Duplex,Yes,No,Outskirts,4059047,No
6888,P04997,86.3,1,2,0,8,0.5,Apartment,Yes,No,Downtown,3460580,No
6889,P05005,183.7,4,3,3,14,1.55,Villa,No,Yes,Downtown,6155176,Yes
6890,P04447,201.6,2,2,3,7,5.59,Duplex,Yes,Yes,Residential,4808667,Yes
6891,P08498,169,2,1,0,7,19.83,Villa,Yes,Yes,Outskirts,2952166,Yes
6892,P00166,112.3,1,2,1,23,1.66,Apartment,No,Yes,Residential,1305708,Yes
6893,P07164,112.8,1,1,8,2,8.49,Apartment,Yes,No,Suburban,2290765,No
6894,P00661,285.1,5,3,2,5,5.92,Villa,Yes,Yes,Residential,6809415,Yes
6895,P06392,300,6,4,0,40,15.17,Villa,Yes,Yes,Suburban,8475200,No
6896,P03109,117.3,1,2,4,6,2.1,Duplex,Yes,Yes,Downtown,2615792,Yes
6897,P01340,136.5,1,1,15,0,7.76,Apartment,No,Yes,Residential,2014809,Yes
6898,P01139,144.4,2,2,0,,1,Duplex,No,Yes,Downtown,6217673,Yes
6899,P02619,115.2,2,2,1,1,22.76,Apartment,No,No,Outskirts,1592308,No
6900,P06303,126.8,3,2,14,21,8.54,Apartment,No,Yes,Suburban,3151219,No
6901,P04480,50,1,1,11,9,18.47,Apartment,No,Yes,Outskirts,341959,No
6902,P08736,94.5,2,2,6,0,6.12,Apartment,No,Yes,Residential,1990777,Yes
6903,P02217,271.1,5,4,1,20,0.54,Villa,No,Yes,Downtown,4579445,Yes
6904,P02189,214.9,2,1,7,14,0.85,Duplex,No,Yes,Residential,3587539,Yes
6905,P03833,98.2,1,2,1,40,8.85,Apartment,No,Yes,Residential,1506415,No
6906,P03974,,1,2,5,16,0.99,Apartment,Yes,Yes,Downtown,2828788,No
6907,P04562,133.5,1,2,10,0,3.53,Apartment,No,Yes,Residential,2020174,Yes
6908,P05229,151.2,2,2,8,0,0.53,Duplex,No,Yes,Downtown,5111239,Yes
6909,P00300,227.3,4,3,0,11,5.5,Villa,No,No,Suburban,4277465,Yes
6910,P06542,291.4,4,2,2,1,5.54,Villa,No,No,Residential,4857217,Yes
6911,P01616,50,1,1,0,36,4.25,Apartment,No,No,Residential,1421583,No
6912,P05328,125.9,2,2,14,3,17.57,Apartment,No,No,Outskirts,2180187,No
6913,P07893,162.9,4,3,2,3,1.87,Duplex,Yes,No,Downtown,8232737,Yes
6914,P06414,102.1,1,2,0,15,25,Apartment,No,Yes,Outskirts,1502021,No
6915,P05660,118.7,1,1,12,4,10.58,Apartment,No,No,Suburban,1818325,Yes
6916,P01134,175.1,4,3,9,26,12.99,Duplex,Yes,Yes,Suburban,5339350,No
6917,P03082,143,1,2,6,16,0.62,Duplex,Yes,Yes,Downtown,3967264,Yes
6918,P03143,196.8,3,3,7,6,15.44,Villa,Yes,Yes,Outskirts,2921616,No
6919,P01938,215,4,2,0,22,10.57,Villa,No,Yes,Suburban,4336172,No
6920,P06067,70.8,1,1,0,40,4.52,Apartment,No,Yes,Residential,925193,Yes
6921,P08523,166.6,4,3,0,11,19.31,Duplex,Yes,No,Outskirts,2455144,No
6922,P08194,68,1,2,11,18,25,Apartment,Yes,No,Outskirts,773818,No
6923,P01049,157.8,3,3,13,9,18.33,Apartment,No,No,Outskirts,2460157,No
6924,P01428,160.8,2,2,2,5,0.5,Duplex,No,Yes,Downtown,3569521,Yes
6925,P05244,177.8,4,2,7,2,2.92,Duplex,Yes,No,Residential,5598144,Yes
6926,P05625,227.6,4,3,3,10,0.5,Villa,No,Yes,Downtown,2910374,Yes
6927,P04149,261.1,5,4,9,20,6.75,Villa,No,No,Residential,7987307,Yes
6928,P00847,115,3,2,13,6,3.44,Apartment,No,No,Residential,2728620,Yes
6929,P00252,98.9,1,2,4,30,23.55,Apartment,Yes,No,Outskirts,1783645,No
6930,P03035,81.9,2,1,11,8,16.75,Apartment,No,Yes,Outskirts,638834,No
6931,P01028,183.2,3,2,6,5,4.98,Duplex,No,Yes,Residential,4510842,Yes
6932,P08540,122.1,1,1,1,7,4.12,Apartment,No,Yes,Residential,2587780,Yes
6933,P00807,192.4,2,1,2,2,16.58,Duplex,Yes,Yes,Suburban,3684557,No
6934,P01553,243.1,5,4,0,21,8.18,Villa,No,Yes,Residential,7042265,Yes
6935,P00032,122.8,2,2,3,15,19.89,Apartment,No,Yes,Outskirts,1443374,Yes
6936,P00716,299.6,4,2,4,1,1.93,Villa,Yes,Yes,Downtown,9825556,Yes
6937,P02385,196.2,2,1,8,5,0.5,Villa,No,Yes,Downtown,6974813,Yes
6938,P06957,50,2,2,13,26,8.91,Apartment,No,No,Residential,1191031,No
6939,P00812,94,2,2,0,14,1.66,Apartment,No,No,Downtown,2168261,No
6940,P05704,77.9,1,1,12,2,3.74,Apartment,Yes,No,Suburban,1140342,No
6941,P08179,69.6,1,1,7,40,12.93,Apartment,No,Yes,Suburban,432117,Yes
6942,P01485,108.3,1,1,3,15,10.02,Apartment,No,Yes,Suburban,2123799,No
6943,P03460,219.7,5,3,0,19,8.32,Villa,No,Yes,Suburban,5377779,Yes
6944,P07151,192.2,3,3,1,7,12.49,Duplex,Yes,Yes,Suburban,6303710,No
6945,P01045,70.3,1,2,0,6,0.57,Apartment,Yes,Yes,Downtown,2810498,Yes
6946,P08990,91,1,2,14,10,4.77,Apartment,No,Yes,Residential,1969066,Yes
6947,P06117,141.2,1,1,13,8,8.5,Apartment,No,Yes,Residential,3087223,Yes
6948,P05856,50,1,1,9,10,19.52,Apartment,No,No,Outskirts,536007,No
6949,P02145,159.2,1,2,13,4,5.17,Duplex,No,Yes,Residential,4475947,Yes
6950,P02490,172.4,3,2,13,9,15.67,Duplex,Yes,No,Suburban,4589951,No
6951,P03245,102.4,1,2,9,4,0.5,Apartment,No,Yes,Downtown,3418992,Yes
6952,P06453,128.7,1,1,11,4,4.51,Apartment,No,Yes,Residential,3049931,Yes
6953,P05463,79.7,1,1,7,2,0.5,Apartment,No,Yes,Downtown,1805793,Yes
6954,P05166,146.6,1,2,11,39,11.03,Apartment,No,No,Suburban,2992760,No
6955,P03192,199.4,2,2,6,17,2.52,Villa,No,Yes,Downtown,6628451,No
6956,P07341,168.8,2,2,15,13,10.5,Duplex,No,Yes,Suburban,3803559,No
6957,P07473,109,1,1,8,40,3.4,Apartment,No,Yes,Residential,1496774,Yes
6958,P03988,131.1,2,1,14,,5.01,Apartment,No,Yes,Residential,1906676,Yes
6959,P00331,86.6,2,2,3,1,12.39,Apartment,No,No,Suburban,1583790,Yes
6960,P06537,107.7,3,2,7,6,2.15,Apartment,Yes,Yes,Downtown,3479077,Yes
6961,P01892,81.3,1,1,14,2,17.95,Apartment,Yes,No,Suburban,1115126,No
6962,P03511,130.1,2,1,13,8,18.6,Apartment,Yes,Yes,Outskirts,1131670,No
6963,P08737,180.2,4,2,3,6,8.01,Villa,Yes,Yes,Suburban,4476438,No
6964,P05612,,3,2,2,16,10.79,Apartment,Yes,Yes,Suburban,990168,Yes
6965,P00862,,2,2,7,18,16.67,Apartment,Yes,No,Suburban,2160699,No
6966,P06890,87.5,1,2,1,2,8.23,Apartment,Yes,Yes,Suburban,1957864,Yes
6967,P06875,190.3,3,3,0,4,5.55,Villa,Yes,Yes,Residential,4825625,Yes
6968,P01199,210.6,4,3,1,36,6.45,Villa,No,Yes,Residential,6366402,Yes
6969,P05208,50,2,2,8,11,19.24,Apartment,Yes,Yes,Outskirts,597166,No
6970,P04424,163.2,4,3,0,12,5.41,Duplex,No,Yes,Residential,3900334,Yes
6971,P03952,206.8,3,3,6,3,23.78,Villa,Yes,Yes,Outskirts,4570783,No
6972,P01089,147.9,3,3,5,23,3.21,Apartment,Yes,No,Residential,4023595,Yes
6973,P04220,107.3,3,3,10,2,7.87,Apartment,No,Yes,Suburban,2205942,No
6974,P02516,252.3,4,2,1,11,20.09,Villa,Yes,Yes,Outskirts,4457180,Yes
6975,P00004,50,1,1,5,8,12.23,Apartment,No,Yes,Suburban,868516,No
6976,P03758,103.6,1,1,12,32,2.75,Apartment,No,Yes,Residential,2321986,Yes
6977,P06739,99.2,1,1,5,5,11.79,Apartment,Yes,No,Suburban,2136877,Yes
6978,P03725,86,1,2,0,7,17.07,Apartment,No,No,Outskirts,946406,No
6979,P02094,102.3,1,2,2,4,3.16,Apartment,No,No,Residential,3073836,No
6980,P04041,106.4,3,3,10,4,1.26,Duplex,No,Yes,Residential,2923096,Yes
6981,P05587,277.4,5,4,15,6,13.17,Villa,No,Yes,Suburban,8888600,No
6982,P02460,158.8,1,1,11,7,8.17,Duplex,Yes,Yes,Suburban,583031,Yes
6983,P04711,,1,2,5,18,9.78,Duplex,Yes,Yes,Suburban,2616456,Yes
6984,P00550,161.3,4,2,11,14,5.61,Duplex,Yes,No,Residential,4826696,Yes
6985,P04653,75.9,1,2,11,29,1.02,Apartment,No,No,Downtown,1304362,Yes
6986,P06299,63.4,1,1,2,6,3.47,Apartment,No,Yes,Residential,776451,Yes
6987,P06686,114,2,2,4,2,2.54,Duplex,No,No,Residential,2990175,Yes
6988,P05582,,4,3,2,2,9.22,Villa,No,Yes,Residential,5909503,Yes
6989,P07797,154.3,2,2,1,6,3.58,Apartment,Yes,Yes,Residential,2398403,Yes
6990,P04361,262.8,4,3,0,6,4.63,Villa,Yes,No,Residential,5381565,Yes
6991,P07288,135,1,2,3,1,0.5,Duplex,Yes,Yes,Downtown,4772537,Yes
6992,P03973,155.6,3,3,1,4,9.77,Duplex,No,Yes,Suburban,3554165,No
6993,P01472,131.1,2,1,0,14,1.57,Apartment,Yes,Yes,Downtown,2410917,Yes
6994,P01235,158.5,2,2,11,12,7.5,Apartment,No,Yes,Residential,2042728,Yes
6995,P01155,,1,2,5,12,11.99,Apartment,No,Yes,Suburban,1692243,No
6996,P01402,106.3,3,2,15,1,3.7,Apartment,Yes,No,Downtown,2264337,Yes
6997,P07146,216.6,5,4,0,34,10.39,Villa,Yes,Yes,Suburban,3847614,No
6998,P00919,165.5,2,2,5,3,3.6,Duplex,No,No,Residential,2997141,Yes
6999,P04521,69.8,1,1,13,40,1.6,Apartment,No,Yes,Downtown,1568289,Yes
7000,P05161,84.3,1,2,8,8,23.32,Apartment,Yes,Yes,Outskirts,992801,No
7001,P02349,203,3,3,3,11,3.13,Villa,No,Yes,Downtown,4724957,Yes
7002,P08333,78,1,2,10,2,1.25,Apartment,Yes,Yes,Downtown,2213527,Yes
7003,P03661,170.7,2,1,12,8,3.25,Duplex,No,Yes,Residential,2168636,Yes
7004,P07842,83.3,1,2,6,7,1.03,Apartment,No,Yes,Residential,1555814,Yes
7005,P02602,50,2,1,2,11,6.15,Apartment,No,Yes,Suburban,585783,Yes
7006,P05609,74.6,1,2,2,,3.07,Apartment,No,No,Residential,1521563,Yes
7007,P03634,100.6,1,1,5,0,3.67,Apartment,No,Yes,Residential,2347278,Yes
7008,P01822,181.9,2,2,2,22,1.53,Duplex,Yes,No,Residential,4348002,Yes
7009,P00468,140.9,2,2,15,12,21.63,Apartment,No,Yes,Outskirts,1912813,No
7010,P04441,188.7,4,3,3,15,1.21,Villa,No,Yes,Downtown,6459471,Yes
7011,P05098,158.4,2,2,7,4,0.5,Duplex,No,No,Suburban,4826065,Yes
7012,P01493,70.7,1,1,6,1,8.94,Apartment,No,Yes,Suburban,1329938,Yes
7013,P04631,220.4,3,3,9,12,4.99,Duplex,Yes,Yes,Residential,5859943,Yes
7014,P01739,78.6,1,2,0,20,11.35,Apartment,No,No,Suburban,1743714,No
7015,P05514,117.8,3,2,2,13,1.41,Duplex,Yes,Yes,Residential,3941080,No
7016,P08828,180.1,4,2,12,4,25,Duplex,No,Yes,Outskirts,2041862,No
7017,P04171,90.1,1,1,7,1,15,Apartment,No,Yes,Outskirts,665898,Yes
7018,P05545,54,1,2,0,15,3.84,Duplex,No,No,Suburban,1441681,Yes
7019,P07268,93.7,2,2,12,3,6.8,Apartment,No,Yes,Suburban,2054466,Yes
7020,P07889,120.6,2,1,5,13,17.19,Apartment,No,Yes,Suburban,1977959,Yes
7021,P03755,96.9,2,2,0,3,8.36,Apartment,No,Yes,Residential,2906936,Yes
7022,P04940,173.7,3,2,0,4,1.03,Duplex,Yes,Yes,Downtown,2870991,Yes
7023,P01889,143.9,3,3,5,40,22.33,Villa,No,Yes,Outskirts,3005749,No
7024,P08973,88.1,1,1,5,32,19.09,Apartment,No,Yes,Outskirts,696751,No
7025,P05806,154.2,3,3,2,11,8.23,Duplex,No,Yes,Suburban,3905455,No
7026,P04862,125,3,2,8,7,17.18,Apartment,No,No,Outskirts,1810875,No
7027,P03129,135.9,1,2,2,1,8.26,Apartment,No,No,Suburban,2175208,No
7028,P02488,137.9,3,2,8,30,21.57,Apartment,No,No,Outskirts,1903811,No
7029,P06121,150.9,1,2,3,33,1.22,Apartment,No,No,Downtown,3338845,Yes
7030,P07499,70.7,2,1,1,19,10.76,Apartment,Yes,Yes,Suburban,877912,No
7031,P00022,222.3,3,3,3,2,8.77,Villa,No,Yes,Residential,6687864,No
7032,P01205,109,2,1,11,,0.5,Apartment,No,Yes,Downtown,2074251,Yes
7033,P06539,124.9,2,2,13,11,6.79,Duplex,No,Yes,Suburban,2906024,No
7034,P05176,181.3,2,1,14,40,0.69,Duplex,No,Yes,Downtown,4516179,Yes
7035,P06525,133.2,3,2,11,0,5.27,Duplex,No,Yes,Residential,2221574,Yes
7036,P07374,150.1,2,2,15,7,12.95,Duplex,Yes,Yes,Outskirts,2495334,No
7037,P03884,111,3,3,14,1,5.93,Duplex,Yes,No,Residential,2927353,No
7038,P05626,,3,3,1,13,14.95,Duplex,No,Yes,Suburban,3222922,No
7039,P08710,62.5,2,1,6,27,9.83,Apartment,No,No,Residential,1364444,Yes
7040,P03276,270.8,4,3,8,14,23.06,Villa,No,Yes,Outskirts,3961535,No
7041,P02404,224.9,4,3,14,20,23.41,Villa,No,Yes,Outskirts,5101873,No
7042,P07602,214.9,4,3,8,6,20.61,Villa,Yes,Yes,Outskirts,4359931,No
7043,P03593,145.3,2,1,3,,18.75,Duplex,No,Yes,Outskirts,3754061,No
7044,P01315,91.3,1,1,2,5,1.29,Apartment,No,Yes,Downtown,2051438,Yes
7045,P07431,59.4,1,1,7,0,12.23,Apartment,No,Yes,Outskirts,677041,Yes
7046,P06632,127.2,3,2,0,14,0.5,Apartment,No,Yes,Downtown,2988849,Yes
7047,P06374,98.1,1,2,13,36,11.08,Apartment,No,No,Suburban,1578211,No
7048,P01048,172.5,2,2,2,2,9.66,Villa,No,Yes,Suburban,5629998,Yes
7049,P06190,193.4,4,3,7,14,5.68,Duplex,Yes,Yes,Suburban,5076792,No
7050,P03248,296.5,4,3,2,9,23.61,Villa,No,Yes,Outskirts,7069357,Yes
7051,P08640,90.9,1,2,2,25,0.81,Apartment,No,Yes,Downtown,2721416,No
7052,P06431,126.4,3,2,15,1,1.72,Apartment,No,Yes,Residential,1434793,Yes
7053,P07644,79.3,2,1,11,40,12.44,Apartment,No,No,Suburban,1280787,No
7054,P04067,75.9,2,2,14,18,6.44,Apartment,No,Yes,Residential,2277661,Yes
7055,P06074,109.3,1,2,2,14,0.94,Apartment,Yes,Yes,Downtown,3241023,No
7056,P07191,,2,2,6,12,12.26,Apartment,No,Yes,Suburban,3114700,Yes
7057,P00811,234.8,3,2,1,13,0.96,Villa,Yes,No,Downtown,7585395,Yes
7058,P03742,68,2,2,1,5,1.33,Apartment,No,Yes,Downtown,1443471,Yes
7059,P06786,171.2,2,1,14,1,17.56,Villa,No,Yes,Suburban,2243980,Yes
7060,P02480,157.8,1,1,15,4,21.54,Duplex,Yes,Yes,Outskirts,3088110,No
7061,P04823,174.1,3,3,0,11,5.36,Villa,No,No,Suburban,3688640,Yes
7062,P04204,250.9,3,3,2,10,15,Villa,Yes,Yes,Suburban,8909853,No
7063,P00034,50,1,1,12,24,4.8,Apartment,Yes,Yes,Residential,1134666,No
7064,P01369,134.2,3,2,15,16,0.89,Duplex,No,Yes,Downtown,4294265,Yes
7065,P02669,186.8,2,1,11,1,13.03,Duplex,Yes,Yes,Suburban,3493037,No
7066,P07495,130.2,3,2,9,19,11.45,Apartment,No,No,Outskirts,2021590,No
7067,P01521,246.4,3,2,9,6,4.68,Villa,Yes,Yes,Residential,5820997,Yes
7068,P04032,93.5,1,1,12,6,4.77,Apartment,Yes,No,Residential,1853128,Yes
7069,P08716,178.3,2,1,12,8,1.03,Apartment,No,No,Downtown,5306807,Yes
7070,P05033,166,3,2,4,3,0.5,Duplex,No,Yes,Downtown,5144806,Yes
7071,P01206,105.4,3,2,2,5,2.62,Apartment,Yes,Yes,Downtown,3432015,Yes
7072,P05299,110.6,3,2,15,1,7.41,Apartment,No,No,Residential,2109408,Yes
7073,P02333,63.8,1,2,12,11,16.62,Apartment,No,No,Outskirts,704659,No
7074,P07763,181.8,3,2,1,8,5.78,Duplex,Yes,Yes,Residential,1739100,Yes
7075,P07489,79.3,1,1,10,7,0.5,Apartment,Yes,Yes,Downtown,1164383,Yes
7076,P03850,50,2,1,10,1,4.17,Apartment,No,No,Residential,1464507,No
7077,P04227,155.3,1,1,3,27,11.14,Duplex,No,Yes,Suburban,3101644,No
7078,P04618,101.1,2,1,4,3,12.32,Apartment,Yes,No,Suburban,1123862,Yes
7079,P00956,179,4,3,7,,22.06,Duplex,No,No,Outskirts,2450683,No
7080,P05010,130.8,2,2,7,2,1.48,Apartment,No,Yes,Residential,2521232,Yes
7081,P00860,108.3,1,2,1,9,12.92,Apartment,Yes,Yes,Suburban,1820834,Yes
7082,P02034,126.5,2,2,12,5,6.41,Apartment,Yes,No,Residential,1957445,Yes
7083,P05748,147.9,3,3,11,12,21.2,Duplex,No,Yes,Outskirts,1380593,No
7084,P01316,124,3,2,13,2,4.33,Apartment,No,Yes,Suburban,2887893,No
7085,P02400,111,1,1,14,13,12.51,Apartment,Yes,No,Suburban,1425214,Yes
7086,P07056,174.7,4,2,9,8,2.43,Duplex,No,Yes,Residential,6328707,Yes
7087,P06272,152.1,2,1,15,9,5.19,Villa,No,No,Residential,4302427,Yes
7088,P05906,50,2,1,1,13,14.42,Apartment,No,Yes,Outskirts,847780,No
7089,P06429,129.1,2,1,4,8,3.92,Apartment,No,Yes,Residential,3466693,Yes
7090,P08259,207.2,4,3,12,2,11.6,Duplex,Yes,Yes,Suburban,5340333,Yes
7091,P04720,102.6,2,2,15,16,1.73,Apartment,Yes,No,Downtown,3702595,Yes
7092,P04785,249,4,3,15,6,15.9,Villa,No,Yes,Outskirts,5191960,No
7093,P03905,110,3,3,15,12,3.84,Apartment,Yes,No,Residential,2420398,Yes
7094,P07883,56.9,1,2,13,27,3.71,Apartment,No,No,Residential,1630631,No
7095,P01367,161.5,2,2,11,13,7.54,Villa,No,Yes,Residential,3430126,Yes
7096,P03044,135.7,1,1,2,2,4.8,Duplex,No,Yes,Residential,3656997,Yes
7097,P03925,142.6,3,2,1,10,4.44,Villa,Yes,Yes,Residential,4767308,No
7098,P07012,195.7,3,2,12,3,9.64,Duplex,No,No,Outskirts,3220742,Yes
7099,P08328,,1,2,12,3,8.33,Apartment,Yes,Yes,Suburban,1354758,No
7100,P04707,149.1,2,1,3,6,1.53,Apartment,Yes,No,Downtown,4399319,Yes
7101,P02507,194.8,3,3,11,11,16.9,Duplex,Yes,No,Outskirts,2290222,No
7102,P05876,128.5,3,3,7,19,5.1,Apartment,Yes,Yes,Residential,914483,Yes
7103,P00463,214.8,4,2,1,3,20.83,Villa,No,Yes,Outskirts,5550447,No
7104,P01574,276.4,6,4,1,15,18.66,Villa,Yes,Yes,Outskirts,5673112,No
7105,P04889,138.4,1,1,0,7,5.2,Apartment,Yes,Yes,Residential,3586044,Yes
7106,P06649,165,4,2,1,0,17.08,Duplex,Yes,Yes,Outskirts,3450928,No
7107,P00309,,1,1,10,,4.11,Duplex,Yes,Yes,Residential,1909898,Yes
7108,P02122,67.6,1,1,7,25,1.37,Apartment,No,No,Downtown,2199933,No
7109,P06508,100.6,1,1,0,26,0.7,Apartment,No,No,Downtown,3440710,Yes
7110,P00580,189.3,3,3,11,37,7.56,Villa,No,No,Residential,4363077,No
7111,P04202,149.1,3,3,0,1,24.82,Apartment,No,No,Outskirts,1335830,No
7112,P01706,116.6,3,3,9,9,15.75,Apartment,No,Yes,Outskirts,2394348,Yes
7113,P05096,88,1,1,8,4,14.83,Apartment,No,Yes,Suburban,1468098,No
7114,P06652,59.9,2,2,2,1,13.44,Apartment,No,Yes,Outskirts,703971,No
7115,P03787,82,1,1,3,3,25,Apartment,Yes,No,Outskirts,1500924,No
7116,P05108,66,1,2,4,1,4.69,Apartment,No,Yes,Residential,1323767,Yes
7117,P07913,134.6,3,3,11,5,4.15,Apartment,No,No,Residential,1476408,Yes
7118,P02995,125.1,3,3,15,1,9.38,Apartment,Yes,No,Suburban,1777911,Yes
7119,P05131,117.4,3,3,14,6,3.27,Apartment,No,Yes,Residential,3185284,Yes
7120,P05901,151.1,2,2,13,6,12.5,Duplex,Yes,Yes,Outskirts,3245819,No
7121,P05433,95.4,1,1,10,11,2.21,Apartment,Yes,No,Suburban,1841752,Yes
7122,P02038,138.4,1,2,6,24,0.5,Apartment,No,Yes,Downtown,5566907,No
7123,P07857,207.6,4,2,1,17,0.5,Villa,No,No,Downtown,7038270,Yes
7124,P06478,127.7,1,1,4,14,5.84,Duplex,No,Yes,Residential,3588448,Yes
7125,P07387,50,1,2,10,2,12.79,Apartment,No,Yes,Suburban,1277578,No
7126,P06956,132.3,2,2,12,16,7.42,Duplex,Yes,Yes,Residential,2174729,Yes
7127,P06333,,1,1,9,1,13.27,Apartment,No,No,Suburban,479613,Yes
7128,P07704,108.1,3,2,2,20,5.34,Apartment,No,Yes,Suburban,1982610,No
7129,P02096,134.1,3,2,3,2,4.53,Apartment,No,No,Residential,3477384,Yes
7130,P00871,102.6,1,1,10,12,10.86,Apartment,No,No,Suburban,1307151,No
7131,P07859,94.2,2,1,1,14,19.73,Apartment,No,Yes,Outskirts,1026493,No
7132,P07310,106.9,1,1,12,31,6.43,Apartment,No,Yes,Residential,1425654,No
7133,P03050,151.4,3,2,6,1,4.43,Apartment,No,No,Residential,3631361,Yes
7134,P01101,232.6,5,3,2,20,1.01,Villa,No,Yes,Downtown,6250188,Yes
7135,P02657,134.1,3,2,13,4,6.41,Villa,No,Yes,Residential,4512999,Yes
7136,P07233,107.9,2,2,9,12,0.5,Apartment,No,No,Downtown,2713776,No
7137,P03503,219.2,4,2,0,1,2.2,Villa,Yes,Yes,Downtown,8425978,Yes
7138,P04358,114.8,2,1,14,0,9.52,Apartment,No,No,Residential,2873222,Yes
7139,P00977,150.5,1,1,1,6,4.41,Duplex,Yes,Yes,Residential,1996582,Yes
7140,P07064,198.7,2,2,0,23,1.18,Villa,No,Yes,Downtown,5933876,Yes
7141,P05804,270.7,6,4,0,24,6.23,Villa,Yes,Yes,Suburban,4573854,Yes
7142,P03353,92.1,2,1,4,8,0.5,Apartment,No,No,Downtown,1231001,Yes
7143,P00958,64.2,1,1,6,0,8.19,Apartment,Yes,Yes,Suburban,806695,No
7144,P05915,167.5,2,1,8,5,4.51,Duplex,No,Yes,Residential,4720218,Yes
7145,P07007,125.1,2,2,15,2,13.85,Duplex,Yes,Yes,Outskirts,1543177,No
7146,P05270,50,1,2,7,2,6.48,Apartment,No,Yes,Residential,868791,Yes
7147,P03700,169.3,4,2,3,28,4.86,Apartment,No,No,Residential,2891809,Yes
7148,P01341,98.4,2,1,10,30,1.53,Apartment,No,Yes,Downtown,2904665,Yes
7149,P06072,156.2,1,2,2,4,0.89,Villa,No,Yes,Downtown,3202278,Yes
7150,P01823,91.4,1,2,1,8,15.69,Apartment,No,No,Suburban,690138,No
7151,P02330,234.4,3,3,1,2,5.49,Villa,No,Yes,Residential,2738839,Yes
7152,P05606,57.4,1,2,15,1,7.27,Apartment,No,No,Suburban,836340,Yes
7153,P01930,233.9,4,3,3,,5.75,Villa,Yes,Yes,Residential,5499485,Yes
7154,P03881,293,4,2,6,16,8.17,Villa,No,Yes,Suburban,4223675,Yes
7155,P04302,63,2,2,4,1,18.05,Apartment,No,No,Suburban,1001751,Yes
7156,P08199,258.1,5,4,1,2,1.71,Villa,Yes,Yes,Residential,9427128,Yes
7157,P00354,89.6,1,2,15,6,12.29,Apartment,Yes,Yes,Suburban,1977929,Yes
7158,P07031,235.5,5,4,10,2,1.02,Villa,No,No,Downtown,6496243,Yes
7159,P04828,50,1,2,10,3,4,Apartment,No,No,Residential,1867570,Yes
7160,P01446,80.3,1,1,9,6,8.15,Apartment,No,No,Suburban,1158367,No
7161,P04799,130.9,2,2,3,12,14.5,Villa,No,Yes,Outskirts,2957075,No
7162,P02727,152.2,3,3,2,2,7.9,Villa,No,Yes,Suburban,4135205,Yes
7163,P08653,100.5,2,2,2,19,18.18,Apartment,No,Yes,Outskirts,1218538,No
7164,P06759,300,6,4,12,8,1.77,Villa,No,Yes,Residential,6042153,Yes
7165,P04257,175.2,2,1,13,3,2.49,Duplex,No,Yes,Downtown,5549692,Yes
7166,P06971,67.3,2,1,6,1,15.36,Apartment,No,Yes,Suburban,922986,No
7167,P08812,246.8,5,3,1,2,21.06,Villa,No,Yes,Outskirts,4540439,No
7168,P03201,,1,1,4,5,10.49,Apartment,No,Yes,Suburban,948210,Yes
7169,P07446,104.8,2,2,2,25,11.27,Apartment,Yes,Yes,Suburban,2136941,No
7170,P08361,133.6,2,1,15,2,0.5,Duplex,Yes,Yes,Downtown,3955529,Yes
7171,P01386,108.7,2,1,4,15,0.5,Apartment,Yes,No,Downtown,3085681,Yes
7172,P03247,113.5,1,1,10,0,4.59,Villa,No,No,Residential,2291658,Yes
7173,P03722,50,1,1,2,4,12.85,Apartment,No,Yes,Suburban,1118994,Yes
7174,P00502,187.7,3,2,2,6,18.9,Duplex,No,Yes,Outskirts,3121224,Yes
7175,P03525,121.7,3,2,8,23,8.12,Apartment,No,No,Suburban,1307032,Yes
7176,P08395,185.9,2,2,14,6,0.5,Duplex,Yes,Yes,Downtown,5232309,Yes
7177,P08984,268.9,3,2,3,5,18.6,Villa,Yes,No,Outskirts,3392458,No
7178,P02105,58.2,1,1,1,3,11.03,Apartment,No,Yes,Suburban,1007504,Yes
7179,P07198,79.5,1,2,3,7,11.58,Apartment,Yes,Yes,Outskirts,1439867,No
7180,P02234,73.1,2,1,6,7,25,Apartment,Yes,Yes,Outskirts,858389,No
7181,P06604,56.1,2,2,12,6,1.63,Apartment,Yes,No,Downtown,1259138,Yes
7182,P08700,240.3,3,2,7,10,2.4,Villa,Yes,Yes,Downtown,9663713,Yes
7183,P06762,114.6,2,2,1,7,10.91,Duplex,No,Yes,Suburban,2849539,No
7184,P01008,100.7,1,2,4,12,5.04,Apartment,No,No,Residential,2520358,Yes
7185,P07153,,4,3,0,4,23.38,Villa,No,No,Outskirts,2956964,No
7186,P03233,206.4,2,2,2,11,13.6,Villa,No,Yes,Suburban,467128,Yes
7187,P07442,96.4,1,1,10,40,16.05,Apartment,Yes,Yes,Outskirts,1544649,No
7188,P02172,106.3,3,2,4,1,4.63,Apartment,No,Yes,Residential,2425525,Yes
7189,P05987,196.5,4,3,2,9,1.24,Villa,No,No,Downtown,7693939,No
7190,P05384,52.5,1,1,5,15,1.51,Apartment,Yes,Yes,Downtown,1760717,No
7191,P04465,251.2,4,3,0,24,1.35,Villa,No,No,Downtown,8419075,Yes
7192,P03217,161.2,4,2,5,20,2.09,Duplex,No,No,Residential,5138338,Yes
7193,P08659,102.1,1,2,2,,11.08,Apartment,Yes,No,Suburban,3786672,No
7194,P08039,112.4,1,1,9,2,0.5,Apartment,No,Yes,Downtown,3171659,No
7195,P01319,116.4,2,2,1,0,9.67,Duplex,Yes,No,Suburban,3077754,Yes
7196,P04590,162.2,4,3,13,8,25,Apartment,Yes,Yes,Outskirts,2127468,No
7197,P06060,108.9,2,2,1,1,17.99,Apartment,Yes,Yes,Outskirts,1776812,No
7198,P06376,161.7,4,2,4,7,3.93,Duplex,No,Yes,Residential,5656902,Yes
7199,P08475,178.2,2,1,5,12,4.6,Duplex,Yes,Yes,Residential,4138364,Yes
7200,P03983,260.2,4,3,8,2,18.04,Villa,Yes,Yes,Suburban,5960952,Yes
7201,P04430,97.9,1,2,12,5,0.69,Apartment,Yes,Yes,Downtown,2533404,Yes
7202,P01476,95.1,2,2,13,6,10.06,Apartment,No,No,Suburban,1544569,No
7203,P00680,115.8,2,2,12,17,1.7,Apartment,No,Yes,Residential,3353795,No
7204,P06933,121.2,3,2,2,7,7.79,Apartment,Yes,Yes,Suburban,2328544,No
7205,P05235,149.1,1,2,7,1,14.49,Duplex,Yes,Yes,Suburban,2989379,Yes
7206,P05318,210.6,2,2,3,4,19.79,Villa,No,Yes,Outskirts,4719814,No
7207,P07818,204,4,3,5,3,14.87,Duplex,Yes,Yes,Suburban,5853469,No
7208,P03927,,2,2,2,1,7.86,Apartment,Yes,Yes,Suburban,1282630,Yes
7209,P06995,104.6,1,1,5,4,7.43,Apartment,No,No,Suburban,2301961,No
7210,P00381,130.9,3,2,6,40,7.3,Duplex,No,Yes,Suburban,3040629,No
7211,P08172,73.5,2,2,1,29,13.14,Apartment,No,No,Suburban,1542161,No
7212,P05832,280,4,3,14,2,4.4,Villa,No,No,Residential,4966855,Yes
7213,P04164,201.1,4,2,0,13,6.07,Villa,No,Yes,Residential,4463268,Yes
7214,P07494,102.8,1,1,2,7,0.5,Apartment,No,Yes,Downtown,3229010,Yes
7215,P07718,156.8,1,1,2,35,25,Villa,No,No,Outskirts,2772611,No
7216,P01883,99.8,1,2,11,36,2.45,Apartment,Yes,Yes,Residential,1726998,Yes
7217,P00478,91.6,2,2,9,4,10.79,Apartment,No,No,Suburban,2062781,No
7218,P01614,100.1,1,2,3,12,2.11,Apartment,No,Yes,Residential,2229014,Yes
7219,P06375,102.2,1,2,13,3,3.99,Apartment,Yes,No,Residential,2900628,No
7220,P02383,185.6,4,3,7,2,1.33,Villa,Yes,Yes,Downtown,6700381,Yes
7221,P05269,71.2,2,2,3,4,17.52,Apartment,No,Yes,Outskirts,983259,No
7222,P08797,63.9,2,2,9,7,7.19,Apartment,Yes,Yes,Residential,1649807,No
7223,P02360,204.5,3,3,5,12,0.54,Duplex,No,No,Downtown,6125878,Yes
7224,P00426,85.1,2,2,3,8,25,Apartment,No,No,Outskirts,1020841,Yes
7225,P07639,96.9,1,2,5,15,11.16,Apartment,No,No,Suburban,1625992,No
7226,P02256,95.2,1,2,12,4,10.48,Apartment,Yes,Yes,Suburban,1104519,Yes
7227,P01334,139.8,2,1,13,8,21.6,Duplex,Yes,Yes,Outskirts,1992931,No
7228,P00200,125.4,3,3,5,1,2.81,Apartment,No,Yes,Residential,3641031,Yes
7229,P06454,67.5,1,2,7,,6.25,Apartment,No,Yes,Residential,1718775,Yes
7230,P07248,263.9,4,2,3,3,1.89,Villa,No,Yes,Downtown,12381035,No
7231,P01939,184.8,2,2,12,16,2.75,Duplex,No,Yes,Residential,4234755,Yes
7232,P07026,115,3,2,4,7,7.86,Apartment,No,Yes,Suburban,1284029,Yes
7233,P00144,91.4,2,1,4,7,9.85,Apartment,No,No,Suburban,1362191,Yes
7234,P03821,161.2,4,3,15,28,11.35,Duplex,Yes,Yes,Suburban,4090752,No
7235,P05945,224.8,5,4,4,5,2.68,Duplex,No,Yes,Downtown,7207642,Yes
7236,P04346,78,1,1,2,15,16.31,Apartment,Yes,No,Outskirts,1009061,No
7237,P08423,125,3,2,2,6,10.3,Apartment,No,No,Suburban,2365699,Yes
7238,P00305,62.1,1,1,9,7,15.53,Apartment,No,Yes,Outskirts,781810,No
7239,P01455,158.4,3,2,1,14,7.34,Apartment,No,Yes,Residential,4401023,Yes
7240,P04789,226.3,4,3,15,23,0.5,Villa,Yes,Yes,Downtown,6462211,Yes
7241,P04514,79.6,2,1,14,9,1.75,Apartment,Yes,Yes,Downtown,2081916,Yes
7242,P00912,129.1,1,2,10,1,24.33,Apartment,Yes,Yes,Outskirts,1446806,No
7243,P08900,71.5,1,2,4,11,1.36,Apartment,Yes,Yes,Downtown,2323845,Yes
7244,P02597,294.9,6,4,3,34,2.17,Villa,Yes,Yes,Downtown,11365231,No
7245,P04682,152.3,2,2,4,5,0.56,Duplex,Yes,Yes,Downtown,5662158,Yes
7246,P05370,,6,4,2,15,5.04,Villa,No,Yes,Residential,9860218,Yes
7247,P02310,300,4,3,2,14,24.81,Villa,No,Yes,Outskirts,8180408,No
7248,P02113,90.7,2,2,9,8,0.5,Apartment,Yes,No,Downtown,3115685,No
7249,P00835,62.6,1,1,6,23,10.66,Duplex,No,No,Suburban,1772428,No
7250,P00594,186,4,3,15,5,11.38,Duplex,No,No,Suburban,4197536,Yes
7251,P03571,107,1,2,1,7,11.64,Apartment,Yes,Yes,Suburban,1718070,No
7252,P06792,156.2,1,2,2,40,7.85,Duplex,Yes,Yes,Residential,4808794,No
7253,P03534,109.1,1,1,10,2,1.65,Apartment,No,Yes,Downtown,3060604,Yes
7254,P01289,172.2,4,2,2,2,5.79,Villa,Yes,Yes,Residential,7330229,Yes
7255,P01656,206.5,2,2,11,13,6.53,Villa,No,Yes,Residential,4568196,Yes
7256,P05009,166.1,4,2,12,10,21.85,Duplex,No,Yes,Suburban,4958716,No
7257,P07448,205.1,3,3,1,3,5.81,Duplex,No,Yes,Residential,5157577,Yes
7258,P07719,204,4,3,2,29,13.02,Villa,No,Yes,Suburban,5793370,Yes
7259,P02132,216.5,4,2,1,6,11.96,Villa,Yes,Yes,Suburban,5935910,Yes
7260,P00766,208.7,3,2,11,16,1.59,Villa,No,No,Downtown,6057432,Yes
7261,P03738,74.2,2,1,7,9,11.89,Apartment,No,No,Suburban,1596888,No
7262,P08302,100.9,2,2,4,3,3.72,Duplex,No,Yes,Residential,1086009,Yes
7263,P00147,118.8,2,1,0,23,1.72,Apartment,Yes,No,Residential,2917627,No
7264,P05230,136.6,2,2,6,2,5,Duplex,No,Yes,Residential,3084370,Yes
7265,P06753,196.7,4,3,0,3,14,Villa,Yes,Yes,Suburban,4641528,No
7266,P00395,91.4,1,1,5,19,0.5,Apartment,No,Yes,Downtown,1700658,Yes
7267,P07623,155,2,2,1,12,2.11,Villa,No,Yes,Downtown,4619350,Yes
7268,P03809,74.3,1,2,12,1,17.02,Apartment,No,Yes,Outskirts,1143612,No
7269,P00046,139.2,3,3,15,12,10.57,Duplex,Yes,Yes,Outskirts,3552188,No
7270,P03495,71.3,1,2,6,2,0.5,Apartment,No,Yes,Downtown,1767351,Yes
7271,P07280,61.7,2,2,12,9,8.21,Apartment,Yes,No,Suburban,1200552,No
7272,P03337,133.6,1,2,6,19,17.1,Apartment,No,No,Suburban,2721942,No
7273,P04418,,1,1,14,16,3.01,Apartment,Yes,Yes,Downtown,2130578,Yes
7274,P02160,98.9,1,2,9,16,1.07,Apartment,No,No,Downtown,3037658,No
7275,P06733,89.5,1,2,14,18,15.21,Apartment,Yes,No,Outskirts,1275507,No
7276,P01958,110.8,1,2,7,14,0.5,Apartment,No,Yes,Downtown,2786159,Yes
7277,P04953,67,1,2,14,5,5.38,Apartment,No,No,Residential,1915194,No
7278,P06524,74.9,2,2,12,12,4.46,Apartment,No,No,Residential,535566,Yes
7279,P05713,81.6,1,2,1,4,19.21,Apartment,No,Yes,Outskirts,673795,No
7280,P02185,50,1,1,13,4,16.81,Apartment,Yes,No,Suburban,694393,No
7281,P08189,101.3,1,1,7,4,15.15,Apartment,Yes,No,Suburban,2590455,No
7282,P06798,156.6,1,1,8,18,2.11,Apartment,Yes,Yes,Downtown,4376738,Yes
7283,P03411,199.8,3,2,0,8,11,Duplex,No,Yes,Suburban,3524766,Yes
7284,P07988,145.4,3,2,6,2,23.96,Duplex,No,Yes,Outskirts,2664232,No
7285,P03498,76.8,2,1,5,3,2.75,Apartment,No,Yes,Suburban,1577433,Yes
7286,P02072,85.4,2,2,0,6,5.28,Apartment,No,No,Residential,1401219,Yes
7287,P01368,140.3,3,2,4,4,1.28,Duplex,Yes,Yes,Downtown,4391260,Yes
7288,P03096,142,1,1,12,27,2.09,Duplex,No,Yes,Downtown,2752070,Yes
7289,P02365,214.6,3,3,10,20,5.39,Duplex,Yes,Yes,Suburban,4551373,Yes
7290,P08869,72.6,2,1,10,1,5.56,Apartment,Yes,No,Residential,1821198,Yes
7291,P00931,107,2,2,10,1,7.69,Apartment,No,Yes,Residential,1975102,No
7292,P03513,50,1,2,1,5,16.06,Apartment,Yes,No,Outskirts,502205,No
7293,P06365,86.1,1,2,9,14,14.23,Apartment,No,Yes,Outskirts,532407,No
7294,P02976,201.4,2,1,2,9,11.7,Villa,No,Yes,Outskirts,3562179,No
7295,P07379,213.7,2,1,12,5,4.15,Duplex,No,Yes,Residential,2674503,Yes
7296,P04575,271.5,6,4,9,10,13.36,Villa,No,Yes,Outskirts,6712815,No
7297,P03142,258.7,4,3,13,4,0.5,Villa,No,Yes,Downtown,6874256,Yes
7298,P06042,96.4,1,2,14,13,0.86,Apartment,No,Yes,Downtown,3194658,Yes
7299,P01248,120.1,1,1,14,7,3.59,Villa,Yes,Yes,Residential,3973071,Yes
7300,P02582,98.5,1,1,7,1,13.8,Apartment,Yes,Yes,Outskirts,1464710,No
7301,P08815,101.2,2,1,14,3,18.91,Duplex,Yes,No,Outskirts,2297656,Yes
7302,P00607,69.6,1,2,12,12,25,Apartment,No,No,Outskirts,855932,No
7303,P00075,115,2,1,1,3,3.05,Apartment,No,No,Downtown,3441921,Yes
7304,P05861,196.5,2,1,8,8,12.8,Duplex,No,Yes,Suburban,4650466,No
7305,P07536,288.3,5,3,0,2,16.14,Villa,Yes,No,Outskirts,4175963,No
7306,P01323,139.8,1,2,3,25,0.85,Duplex,Yes,No,Downtown,4927189,No
7307,P05673,123.4,1,1,6,5,1.76,Duplex,No,Yes,Residential,2524668,Yes
7308,P07778,110.2,3,2,8,20,16.87,Apartment,Yes,Yes,Outskirts,1108189,No
7309,P00114,234.6,4,2,12,7,12.98,Villa,Yes,Yes,Suburban,4739288,No
7310,P03914,141.7,2,1,9,13,5.49,Apartment,No,Yes,Residential,2921068,Yes
7311,P00987,193.5,2,1,1,12,2.71,Villa,No,Yes,Residential,6790097,Yes
7312,P08617,120.7,3,3,7,7,14.83,Apartment,Yes,No,Suburban,2273346,No
7313,P04844,123,3,2,15,1,3.16,Apartment,Yes,No,Residential,2706222,Yes
7314,P05960,92.8,1,1,12,4,1.39,Apartment,Yes,No,Residential,1497917,Yes
7315,P00223,,1,2,4,4,9.7,Apartment,No,Yes,Suburban,611850,Yes
7316,P06663,102,1,2,8,20,0.88,Apartment,Yes,Yes,Downtown,2667169,Yes
7317,P05445,125.9,3,2,14,17,14.31,Apartment,Yes,Yes,Outskirts,2148451,No
7318,P05599,152.2,2,1,2,6,6.13,Duplex,No,Yes,Suburban,2148679,Yes
7319,P06004,88.7,1,1,10,15,0.94,Apartment,No,Yes,Downtown,2896074,No
7320,P05762,188.3,3,3,11,7,19.54,Duplex,No,Yes,Outskirts,2897689,No
7321,P01993,130.5,2,1,14,18,7.86,Duplex,No,Yes,Residential,3457984,Yes
7322,P01861,86.4,1,1,0,21,2.88,Apartment,No,No,Suburban,858161,Yes
7323,P07264,95,1,1,2,2,0.99,Apartment,No,Yes,Downtown,2861349,Yes
7324,P04132,85.8,1,1,3,8,0.5,Apartment,No,Yes,Suburban,1911693,Yes
7325,P04927,59.9,1,1,0,10,5.84,Apartment,Yes,No,Residential,2042731,No
7326,P05663,109.6,1,2,8,9,11.47,Apartment,No,No,Suburban,1048229,No
7327,P08247,108.9,2,1,8,4,2.76,Apartment,No,No,Downtown,2473358,Yes
7328,P01762,247.2,3,3,12,1,1.55,Villa,No,Yes,Downtown,5119205,Yes
7329,P06960,113.1,1,1,4,3,15.81,Apartment,No,Yes,Outskirts,1567223,No
7330,P04444,92.3,2,1,5,8,20.61,Apartment,Yes,Yes,Outskirts,1303744,No
7331,P04264,50,2,1,13,37,16.68,Apartment,Yes,No,Outskirts,290025,No
7332,P04181,113.8,2,1,7,4,10.64,Apartment,No,No,Suburban,1830689,Yes
7333,P04213,61.2,1,2,5,1,6.75,Apartment,No,No,Residential,1512248,No
7334,P04044,68.3,1,2,13,1,21.11,Apartment,Yes,Yes,Outskirts,919693,Yes
7335,P03457,287.7,5,4,7,25,16.09,Villa,No,Yes,Outskirts,2450499,No
7336,P00531,186.7,4,2,6,2,13.79,Duplex,No,Yes,Suburban,4874249,No
7337,P05491,93.3,1,2,3,33,8.49,Apartment,Yes,Yes,Residential,2133592,No
7338,P02591,223.9,4,2,11,7,8,Duplex,No,Yes,Suburban,3695387,Yes
7339,P08667,209.8,3,3,13,10,4.15,Villa,No,Yes,Residential,3028492,Yes
7340,P05125,163.1,2,2,2,1,7.71,Duplex,Yes,Yes,Suburban,3373934,Yes
7341,P03955,50,1,1,6,13,0.67,Apartment,No,Yes,Downtown,1197112,Yes
7342,P08911,271,4,2,1,3,2.97,Villa,No,Yes,Residential,5934486,Yes
7343,P03631,63,2,2,11,12,0.5,Apartment,No,Yes,Downtown,1495263,Yes
7344,P02522,,1,1,15,19,12.75,Apartment,No,No,Suburban,965840,No
7345,P05064,135.6,2,1,9,7,0.73,Apartment,Yes,Yes,Downtown,3122433,Yes
7346,P03052,145.6,3,3,6,14,2.07,Duplex,Yes,No,Downtown,4931650,No
7347,P07813,85.1,1,1,2,5,10.26,Apartment,No,Yes,Suburban,1647872,Yes
7348,P07748,117,1,1,12,1,7.69,Apartment,No,No,Suburban,556442,Yes
7349,P08402,175.8,2,1,3,1,0.5,Villa,Yes,Yes,Downtown,4719820,Yes
7350,P05721,73.8,2,1,4,14,10.78,Apartment,No,No,Suburban,833352,Yes
7351,P00224,124.6,3,2,6,1,20.95,Apartment,Yes,Yes,Outskirts,2259124,No
7352,P08265,94.9,1,1,2,13,9.99,Apartment,No,Yes,Suburban,1206330,Yes
7353,P08767,117.3,2,2,11,2,7.44,Apartment,No,No,Suburban,2015079,Yes
7354,P03205,153.3,1,1,5,9,16.1,Duplex,Yes,No,Outskirts,2011343,No
7355,P05629,134.6,3,2,10,12,0.76,Apartment,No,No,Downtown,1527196,Yes
7356,P07603,294,5,4,0,,13.81,Villa,No,No,Suburban,8778336,No
7357,P01780,214.9,2,1,12,0,6.34,Villa,No,Yes,Residential,6076221,Yes
7358,P01026,50,2,2,14,0,5.88,Apartment,No,No,Residential,685293,Yes
7359,P06569,75,1,2,6,1,3.55,Apartment,No,Yes,Suburban,1190525,Yes
7360,P06338,91.1,2,1,15,13,4.09,Apartment,Yes,Yes,Residential,2862799,Yes
7361,P03779,55.7,2,1,2,12,11.89,Apartment,Yes,No,Suburban,1248290,No
7362,P00082,208.3,2,1,10,3,7.93,Duplex,No,No,Residential,5231533,No
7363,P07521,107.6,2,1,13,12,0.57,Duplex,No,Yes,Downtown,1599605,Yes
7364,P02031,80.2,1,2,4,3,1.24,Apartment,No,Yes,Downtown,2678243,Yes
7365,P04055,79.9,1,1,2,4,22.47,Apartment,No,Yes,Outskirts,1118636,No
7366,P01793,85.7,1,1,15,9,3.89,Apartment,No,Yes,Residential,1853184,Yes
7367,P07784,81.2,1,2,2,20,3.66,Apartment,No,Yes,Residential,2023037,Yes
7368,P05573,130.4,2,2,6,3,12.65,Duplex,No,No,Suburban,2405373,No
7369,P02717,201.6,3,2,7,13,17.45,Duplex,No,Yes,Suburban,3904181,No
7370,P06207,50,1,1,2,18,4.99,Apartment,Yes,Yes,Residential,1243791,No
7371,P03820,193.9,4,3,0,8,18.78,Villa,No,Yes,Outskirts,2733455,Yes
7372,P07481,172.4,4,2,9,28,18.06,Duplex,No,Yes,Suburban,5816192,No
7373,P06994,263.8,5,3,0,2,14.88,Villa,No,Yes,Suburban,2196823,Yes
7374,P02674,166.8,2,1,3,0,1.9,Apartment,No,Yes,Residential,3247169,Yes
7375,P05574,111.4,2,1,14,1,15.49,Apartment,Yes,No,Outskirts,2533383,No
7376,P03483,94.5,1,1,8,40,9.74,Apartment,Yes,Yes,Outskirts,1122086,No
7377,P04654,148.9,3,3,5,2,2.15,Apartment,No,Yes,Downtown,4959123,Yes
7378,P06580,134.1,2,1,15,11,16.91,Apartment,No,No,Outskirts,1139677,Yes
7379,P03502,129.1,1,1,12,5,13.77,Apartment,Yes,Yes,Suburban,1995414,Yes
7380,P02564,138.1,2,1,6,16,14.78,Duplex,No,Yes,Suburban,1783593,Yes
7381,P03403,50,2,1,4,5,8.11,Apartment,Yes,No,Suburban,1080324,No
7382,P08903,90.9,2,2,11,15,8.77,Apartment,No,Yes,Suburban,1935292,Yes
7383,P06254,92.1,2,1,10,0,5.06,Apartment,No,No,Residential,1985966,Yes
7384,P05983,228.9,5,4,9,2,15.49,Villa,No,Yes,Outskirts,3696820,No
7385,P01957,265.7,3,3,1,22,7.17,Villa,Yes,Yes,Suburban,5888367,Yes
7386,P05726,209.8,4,2,1,4,22.7,Villa,Yes,Yes,Outskirts,4411563,No
7387,P06795,112.3,2,1,14,19,9.64,Apartment,Yes,Yes,Suburban,2048202,No
7388,P03870,209.6,2,1,2,4,4.5,Duplex,No,No,Residential,4090951,Yes
7389,P08034,152,1,1,2,1,2.21,Apartment,No,Yes,Residential,2776988,Yes
7390,P04137,276.2,5,3,15,14,2.84,Villa,No,Yes,Suburban,3508245,Yes
7391,P05801,107.3,2,2,8,6,8.91,Apartment,Yes,No,Residential,1692767,Yes
7392,P06790,118.7,2,1,1,3,21.45,Apartment,Yes,No,Outskirts,1630136,No
7393,P01379,113.4,1,1,9,16,11.14,Apartment,Yes,No,Suburban,2420874,No
7394,P01552,76.3,1,1,7,1,4.04,Apartment,No,No,Residential,1248319,Yes
7395,P07270,206.3,2,1,0,8,3.57,Duplex,No,Yes,Residential,4831325,Yes
7396,P03137,198.2,4,3,11,15,17.37,Villa,No,Yes,Outskirts,4240097,No
7397,P00312,187.1,2,2,2,6,5.92,Villa,No,Yes,Residential,2773321,Yes
7398,P01632,95.8,1,2,8,5,15.14,Apartment,Yes,Yes,Outskirts,1275074,No
7399,P04261,103.2,2,1,1,8,10.51,Apartment,Yes,Yes,Outskirts,1223559,Yes
7400,P02068,58,1,2,5,,20.93,Apartment,No,Yes,Outskirts,591662,No
7401,P01427,62.6,2,1,13,10,1.02,Apartment,No,Yes,Downtown,2285652,No
7402,P02003,103.3,2,1,7,10,18.32,Apartment,Yes,No,Outskirts,1162854,No
7403,P04454,300,6,4,10,6,11.05,Villa,No,Yes,Suburban,7921094,No
7404,P06505,,3,3,7,3,9.17,Apartment,No,No,Suburban,2807696,Yes
7405,P05226,63,2,1,5,7,6.92,Apartment,No,Yes,Residential,1245471,Yes
7406,P03811,217.4,3,2,9,40,17.01,Duplex,No,Yes,Suburban,2842199,No
7407,P05467,156.8,2,2,14,29,15.77,Duplex,Yes,Yes,Suburban,2682024,Yes
7408,P08971,110.1,1,1,6,17,20.95,Apartment,No,No,Outskirts,934068,Yes
7409,P02338,72.1,2,2,14,11,4.51,Apartment,No,No,Residential,1025128,Yes
7410,P05924,129,1,1,2,1,1.5,Apartment,Yes,Yes,Residential,4066010,Yes
7411,P02441,50,1,1,8,7,14.22,Apartment,No,No,Outskirts,250000,No
7412,P00129,121.4,3,3,5,1,0.78,Apartment,No,No,Downtown,3823489,Yes
7413,P01010,266.5,5,4,13,,2.51,Villa,No,Yes,Residential,5280414,Yes
7414,P01814,125.4,1,1,11,4,4.27,Duplex,No,No,Residential,3113853,Yes
7415,P01291,144.3,1,2,5,25,1.9,Villa,No,Yes,Residential,5086942,Yes
7416,P04754,172,3,3,0,,6.31,Duplex,No,Yes,Residential,2937752,Yes
7417,P05343,85,2,1,10,22,15.52,Apartment,No,Yes,Outskirts,995094,No
7418,P03874,74.3,1,1,13,10,2.54,Apartment,No,Yes,Downtown,1648815,Yes
7419,P05198,104.9,2,2,9,7,2.93,Apartment,Yes,No,Residential,2918417,No
7420,P02772,220.4,3,2,3,2,13.99,Villa,Yes,No,Suburban,4415203,No
7421,P00202,146.4,1,1,7,12,5.77,Duplex,No,Yes,Outskirts,3048064,No
7422,P03696,109,2,1,14,22,4.55,Apartment,No,No,Residential,1675463,Yes
7423,P08880,226,5,4,7,2,6.31,Villa,No,Yes,Residential,2916182,Yes
7424,P05518,225.2,4,3,1,17,1.89,Villa,Yes,Yes,Downtown,1622195,Yes
7425,P05914,169.8,3,2,10,5,4.96,Duplex,No,Yes,Residential,2865519,Yes
7426,P00955,182.8,4,3,1,13,9.53,Duplex,No,Yes,Outskirts,523101,No
7427,P07145,68.3,1,2,13,10,17.22,Apartment,No,Yes,Outskirts,314631,Yes
7428,P02419,67.1,1,1,13,4,1.76,Apartment,Yes,No,Downtown,1089222,Yes
7429,P04021,85,2,2,12,7,4.37,Apartment,Yes,No,Residential,1499418,No
7430,P00830,181.7,2,2,1,13,5.62,Duplex,No,Yes,Residential,3322442,Yes
7431,P02362,286.6,4,2,2,,2.07,Villa,No,No,Downtown,6529476,Yes
7432,P08497,275.9,4,2,0,11,1.38,Villa,Yes,Yes,Downtown,10476789,Yes
7433,P04690,68.7,1,1,5,21,8.92,Apartment,Yes,No,Suburban,628217,Yes
7434,P03908,138.9,1,1,8,2,16.51,Duplex,Yes,Yes,Outskirts,2761794,No
7435,P00971,133.7,2,2,6,3,7.06,Duplex,Yes,Yes,Residential,3954168,No
7436,P00203,,3,3,9,21,9.43,Apartment,No,No,Suburban,2991482,No
7437,P05822,78.1,1,2,6,40,22.57,Apartment,No,No,Outskirts,716769,No
7438,P06071,242.7,3,2,11,13,17.15,Villa,Yes,No,Outskirts,4085606,No
7439,P00983,116.4,3,2,10,1,9.34,Apartment,Yes,No,Suburban,1829888,Yes
7440,P03697,183,3,2,6,15,6.86,Duplex,Yes,Yes,Residential,5216207,Yes
7441,P06143,77.6,2,2,10,0,0.5,Apartment,No,No,Downtown,1782303,Yes
7442,P03319,89.6,1,1,14,3,2.38,Apartment,Yes,Yes,Downtown,2180517,Yes
7443,P07902,55.4,1,1,14,5,15.24,Apartment,Yes,No,Suburban,1331118,No
7444,P04913,134.4,1,1,15,13,7.66,Duplex,No,Yes,Residential,3014956,Yes
7445,P06077,135,3,2,14,,13.9,Duplex,No,Yes,Suburban,2275560,Yes
7446,P02381,151.7,3,2,3,5,22.91,Apartment,No,No,Outskirts,2190151,No
7447,P02487,278.5,4,3,2,5,16.93,Villa,No,Yes,Suburban,5099121,Yes
7448,P06471,101.1,1,2,11,2,4.15,Apartment,Yes,No,Residential,2297574,Yes
7449,P08148,294.8,6,4,15,25,8.14,Villa,Yes,Yes,Residential,9504208,Yes
7450,P05959,63.3,2,1,3,21,16.42,Duplex,Yes,No,Suburban,1765504,No
7451,P03098,101.4,1,2,3,,3.31,Apartment,No,Yes,Residential,1900660,Yes
7452,P02436,127.5,3,2,4,40,19.41,Apartment,No,Yes,Outskirts,509780,No
7453,P03090,155.6,1,2,1,7,18.19,Apartment,No,No,Outskirts,2561704,No
7454,P06167,82.1,1,1,4,4,14.68,Apartment,No,No,Suburban,692095,Yes
7455,P01188,143,1,1,3,18,14.98,Duplex,Yes,Yes,Outskirts,2110311,Yes
7456,P06426,189.3,2,1,12,17,3.43,Villa,Yes,No,Downtown,6643294,Yes
7457,P06439,245.2,5,4,14,9,25,Villa,Yes,Yes,Outskirts,3603967,No
7458,P04448,107.2,1,2,8,18,1.99,Apartment,Yes,No,Residential,2269503,Yes
7459,P03920,153.4,2,2,2,12,3.64,Apartment,No,No,Residential,3601987,Yes
7460,P05852,109.7,2,1,3,16,19.49,Apartment,No,Yes,Outskirts,1111934,No
7461,P01596,147.7,3,2,8,4,8.64,Duplex,No,No,Suburban,2718818,Yes
7462,P04093,95.7,2,2,2,4,13.6,Apartment,No,No,Outskirts,1002528,No
7463,P00043,116.5,3,2,7,40,6.93,Apartment,Yes,Yes,Suburban,931600,Yes
7464,P08947,203.5,2,1,15,23,1.49,Duplex,No,Yes,Downtown,3976274,Yes
7465,P06920,113.7,2,1,12,3,4.92,Apartment,Yes,Yes,Suburban,2725483,Yes
7466,P06246,119,1,2,7,26,0.5,Apartment,No,Yes,Downtown,2843962,No
7467,P03348,93.8,1,2,7,2,13.04,Apartment,No,No,Suburban,1220755,Yes
7468,P08591,200.4,3,3,7,8,6.22,Villa,Yes,Yes,Suburban,4022511,Yes
7469,P06591,172.3,2,2,13,25,4.67,Duplex,No,Yes,Residential,4150095,Yes
7470,P05169,100.1,1,2,11,4,0.54,Apartment,Yes,No,Downtown,2464158,No
7471,P01274,135.5,3,2,9,0,12.47,Apartment,No,Yes,Suburban,3034672,Yes
7472,P02183,109.4,2,2,3,12,22.64,Apartment,Yes,No,Outskirts,1983777,No
7473,P00575,50,2,1,5,8,8.69,Apartment,No,Yes,Outskirts,781264,Yes
7474,P01921,198.7,2,1,14,40,5.36,Duplex,Yes,Yes,Residential,3676242,No
7475,P07021,121.5,1,1,1,25,16.58,Apartment,No,Yes,Outskirts,1939325,Yes
7476,P00145,265,4,2,15,4,8.23,Villa,No,Yes,Residential,2934632,Yes
7477,P00857,59.4,2,1,7,3,6.49,Apartment,No,Yes,Suburban,646432,No
7478,P06273,225.2,4,2,0,22,7.82,Villa,Yes,No,Suburban,7940093,No
7479,P05943,166.3,2,1,0,24,3.41,Villa,No,Yes,Downtown,5403068,No
7480,P06892,111.3,1,1,6,9,4.42,Apartment,No,Yes,Residential,2196120,No
7481,P06144,215.2,3,2,0,11,10.43,Villa,No,Yes,Suburban,3858491,Yes
7482,P01809,95.3,1,2,14,4,5.89,Apartment,No,Yes,Residential,1567758,Yes
7483,P02621,171.4,4,3,1,0,10.43,Apartment,No,No,Outskirts,3767970,Yes
7484,P04915,182.6,3,2,14,18,4,Duplex,Yes,Yes,Residential,4573147,No
7485,P05995,200.7,2,1,3,2,14.43,Villa,No,No,Suburban,3714491,Yes
7486,P01847,220.1,3,3,14,9,2.98,Villa,No,Yes,Residential,5794536,Yes
7487,P08695,138.2,2,1,4,9,12.88,Apartment,No,No,Suburban,2250146,Yes
7488,P04972,91.1,1,1,1,21,1.68,Apartment,No,No,Downtown,800212,Yes
7489,P04035,101.1,1,2,6,3,1.27,Apartment,No,No,Downtown,2771594,Yes
7490,P04200,68.3,2,1,14,,0.51,Apartment,Yes,No,Downtown,1528948,No
7491,P08631,218.9,3,2,2,39,6.87,Villa,No,No,Suburban,3325329,No
7492,P02459,62.1,1,1,3,0,5.13,Apartment,No,Yes,Residential,1158783,Yes
7493,P04890,64.4,1,2,5,8,17.26,Apartment,No,No,Outskirts,426314,No
7494,P07323,70.1,1,2,13,4,6.46,Apartment,No,No,Residential,995404,No
7495,P04701,85.4,2,2,13,2,19.61,Apartment,Yes,Yes,Outskirts,1467932,No
7496,P00989,50,2,2,14,20,1.72,Apartment,Yes,Yes,Residential,1098879,Yes
7497,P05330,100.4,2,2,10,11,5.8,Apartment,No,Yes,Residential,2155046,Yes
7498,P08495,209.4,2,2,7,2,15.62,Villa,Yes,Yes,Suburban,4969744,No
7499,P01434,118.1,1,1,2,6,0.95,Duplex,No,Yes,Downtown,1986577,Yes
7500,P04481,119.1,1,2,13,7,5.54,Apartment,No,No,Residential,2052637,Yes
7501,P04990,160.2,3,2,15,6,2.88,Duplex,No,Yes,Downtown,6225326,Yes
7502,P04153,212.9,4,3,10,20,4.83,Duplex,No,No,Residential,6221528,No
7503,P00712,116.5,1,2,3,40,8.36,Duplex,No,Yes,Suburban,1618722,Yes
7504,P02373,127.2,2,2,7,32,3.17,Duplex,Yes,Yes,Residential,2340424,Yes
7505,P03851,163.5,2,2,10,2,4.47,Duplex,No,No,Residential,3182843,Yes
7506,P06223,82.8,1,2,0,0,16.79,Apartment,Yes,Yes,Suburban,1994197,No
7507,P06685,95,1,1,5,1,1.72,Apartment,No,Yes,Residential,1614120,Yes
7508,P04452,268.2,3,3,11,15,12.07,Villa,Yes,Yes,Outskirts,5486617,No
7509,P03566,50,1,2,2,4,18.83,Apartment,No,Yes,Outskirts,665089,No
7510,P05939,300,6,4,0,1,10.64,Villa,No,Yes,Suburban,7998327,Yes
7511,P06504,151.9,2,1,6,6,18.94,Duplex,Yes,Yes,Outskirts,2483963,Yes
7512,P01019,50,2,2,9,3,1.23,Apartment,No,No,Downtown,1172469,Yes
7513,P03888,164.4,2,1,0,24,10.46,Apartment,No,No,Outskirts,1830679,Yes
7514,P05411,117.7,3,3,6,13,3.44,Apartment,Yes,No,Residential,2309206,Yes
7515,P03297,104.3,1,1,15,19,13.56,Apartment,No,No,Suburban,1578228,No
7516,P02964,109.4,2,2,6,7,7.84,Duplex,Yes,Yes,Suburban,2911805,No
7517,P04404,120.9,1,1,3,26,4.9,Apartment,No,No,Residential,4745268,No
7518,P03462,64.1,1,2,2,8,7.94,Apartment,No,Yes,Suburban,1131459,Yes
7519,P04910,206.5,2,1,3,5,3.07,Villa,No,Yes,Residential,6289867,Yes
7520,P04138,116,2,2,11,2,10.66,Apartment,Yes,Yes,Outskirts,1925462,No
7521,P07589,160,3,2,3,4,8.13,Villa,No,Yes,Suburban,3949323,Yes
7522,P05502,143.7,3,2,6,8,6.52,Duplex,No,Yes,Suburban,3634212,Yes
7523,P07632,188.6,4,3,13,8,8.12,Duplex,No,Yes,Suburban,5124152,No
7524,P01682,109.3,2,1,10,14,20.35,Apartment,Yes,Yes,Outskirts,1452137,No
7525,P04979,179.9,3,3,3,,22.6,Duplex,Yes,Yes,Outskirts,2807766,No
7526,P01970,98.1,2,1,12,13,11.27,Apartment,Yes,Yes,Suburban,1531607,No
7527,P04795,153.7,3,3,4,2,1.19,Apartment,Yes,No,Residential,3603868,Yes
7528,P07876,95.7,1,1,9,14,1.45,Apartment,No,No,Downtown,2720044,Yes
7529,P06064,182.1,3,2,5,3,6.41,Apartment,No,Yes,Residential,2913142,Yes
7530,P02052,109.4,2,2,10,3,0.77,Duplex,No,Yes,Downtown,2651457,Yes
7531,P05784,121.8,2,1,6,9,12.31,Apartment,No,Yes,Outskirts,2251598,Yes
7532,P04312,160.6,4,2,11,2,3.53,Duplex,No,Yes,Suburban,3230339,Yes
7533,P07121,76,1,2,1,6,7.58,Apartment,Yes,No,Residential,903849,Yes
7534,P02147,154.8,3,2,5,23,0.68,Duplex,No,No,Downtown,4896547,Yes
7535,P02323,152.1,2,1,12,7,3.33,Duplex,Yes,Yes,Residential,4522512,Yes
7536,P02697,282.7,6,4,1,26,13.01,Villa,No,Yes,Outskirts,4590868,Yes
7537,P02483,117.7,2,2,14,0,0.5,Apartment,No,Yes,Downtown,3637901,Yes
7538,P01371,98.1,1,2,15,7,0.5,Apartment,Yes,Yes,Downtown,2209161,Yes
7539,P01567,241.8,5,4,10,4,0.5,Villa,Yes,Yes,Downtown,10081811,Yes
7540,P06289,89.6,2,1,1,11,1.92,Apartment,No,Yes,Residential,1059274,Yes
7541,P03597,119.9,2,2,12,7,23.33,Apartment,No,Yes,Outskirts,2359451,No
7542,P03772,136.9,1,1,2,1,21.85,Apartment,Yes,Yes,Outskirts,1631933,No
7543,P07417,147.3,3,2,14,6,5.01,Duplex,Yes,Yes,Residential,2246913,Yes
7544,P07336,105.8,3,3,6,22,21.96,Apartment,Yes,No,Outskirts,924294,No
7545,P08986,116.1,3,2,11,0,4.35,Apartment,No,No,Suburban,2579513,Yes
7546,P04355,246.8,3,2,10,9,13.79,Villa,No,No,Outskirts,3966517,No
7547,P01517,224.5,5,4,9,7,0.5,Villa,Yes,Yes,Downtown,5894074,Yes
7548,P06845,154.7,1,2,3,8,9.72,Duplex,No,Yes,Suburban,3414821,No
7549,P06600,149.1,3,2,14,,6.38,Villa,No,No,Residential,4386518,No
7550,P07141,76.5,2,2,3,9,10.09,Apartment,No,Yes,Residential,2171377,No
7551,P03994,160.1,2,1,4,38,4.27,Duplex,No,Yes,Residential,3594990,No
7552,P05863,103.4,1,1,1,4,10.39,Apartment,No,Yes,Suburban,1510479,No
7553,P03628,135.4,2,2,15,16,16.07,Duplex,No,Yes,Suburban,3266060,No
7554,P02187,159.2,2,1,0,19,23.41,Villa,No,Yes,Outskirts,3299232,No
7555,P06666,91.8,1,1,10,3,14.07,Apartment,No,Yes,Suburban,1793494,Yes
7556,P03309,247.4,3,2,3,3,14.35,Villa,Yes,No,Suburban,7768707,No
7557,P03732,82.6,1,1,12,,25,Apartment,No,No,Outskirts,829811,No
7558,P05252,127.2,3,3,9,1,0.5,Duplex,Yes,No,Downtown,3397309,Yes
7559,P01038,52.8,1,2,8,8,4.75,Apartment,No,Yes,Residential,1640980,Yes
7560,P02438,171.5,2,2,0,4,10.28,Duplex,No,Yes,Suburban,3672319,Yes
7561,P03000,102.7,1,2,4,4,0.5,Apartment,No,Yes,Downtown,3106735,Yes
7562,P01511,174.5,2,2,0,24,1.66,Duplex,No,Yes,Downtown,4790662,Yes
7563,P00412,278.1,6,4,0,2,7.64,Villa,Yes,Yes,Suburban,6695169,Yes
7564,P07930,183.5,4,2,14,40,13.54,Duplex,Yes,Yes,Suburban,4542347,No
7565,P07678,221.3,5,3,1,7,20.58,Villa,Yes,Yes,Outskirts,5182297,No
7566,P04076,108.2,3,2,1,,3.69,Apartment,No,Yes,Residential,3691451,Yes
7567,P01302,143.6,3,2,11,6,10.54,Apartment,Yes,Yes,Suburban,3801468,Yes
7568,P03260,264.4,5,4,2,9,1.15,Villa,No,Yes,Downtown,5739915,Yes
7569,P05393,259.2,3,2,0,9,19.22,Villa,No,Yes,Outskirts,4732621,No
7570,P01318,112,2,2,6,8,0.5,Apartment,Yes,Yes,Downtown,4467327,Yes
7571,P03317,104.1,1,2,0,3,6.85,Villa,No,No,Suburban,2807609,No
7572,P00778,216.1,3,3,9,0,0.5,Villa,No,Yes,Downtown,7668973,Yes
7573,P08119,107.3,1,1,1,3,4.54,Apartment,No,No,Residential,2418598,Yes
7574,P03070,173.8,2,2,15,28,5.41,Duplex,No,Yes,Residential,4093612,Yes
7575,P06646,163.3,4,2,11,4,1.72,Duplex,No,Yes,Downtown,5692151,No
7576,P04672,100.9,1,2,10,2,7.18,Apartment,No,No,Residential,1758726,Yes
7577,P04855,104.6,2,2,0,11,0.64,Apartment,No,No,Downtown,2436215,Yes
7578,P02368,85.2,1,2,5,24,4.15,Apartment,Yes,No,Residential,2440374,No
7579,P02477,93.8,1,2,8,28,0.5,Apartment,Yes,No,Downtown,1812292,Yes
7580,P04891,119.5,3,3,14,11,7.4,Apartment,No,Yes,Residential,2763134,Yes
7581,P05414,186,2,2,5,1,0.5,Duplex,No,Yes,Downtown,5395292,Yes
7582,P07281,75,1,1,5,35,11.34,Apartment,Yes,Yes,Suburban,729623,Yes
7583,P04170,108.1,3,3,4,23,6.38,Apartment,Yes,No,Residential,2797665,No
7584,P00026,179.7,2,1,15,11,0.55,Apartment,No,No,Downtown,6043920,No
7585,P03393,154.7,1,1,13,4,20.67,Apartment,No,Yes,Outskirts,1502828,No
7586,P01409,80.6,1,1,7,8,17.75,Apartment,No,Yes,Outskirts,720066,No
7587,P05223,177.1,2,1,9,6,0.5,Duplex,No,Yes,Downtown,5141415,Yes
7588,P01140,157.6,1,1,1,2,11.45,Villa,No,No,Suburban,2387757,No
7589,P00506,78.7,1,1,9,40,12.22,Apartment,No,No,Suburban,1340779,No
7590,P01561,160.3,2,2,14,5,14.44,Apartment,No,No,Outskirts,2350656,No
7591,P07539,116.9,2,1,2,7,1.02,Apartment,No,Yes,Downtown,2194020,Yes
7592,P06611,,1,2,15,4,15.81,Apartment,Yes,No,Suburban,2130782,Yes
7593,P06405,161.3,4,3,3,19,1.23,Villa,No,Yes,Downtown,3262654,Yes
7594,P07646,156.9,3,2,14,40,7.28,Duplex,No,No,Residential,4014947,Yes
7595,P01121,133.9,3,3,0,18,9.64,Villa,No,Yes,Suburban,2851421,Yes
7596,P08796,64.3,1,1,4,0,11.82,Apartment,Yes,Yes,Suburban,1314772,Yes
7597,P04683,61.5,2,1,6,2,10.15,Apartment,Yes,Yes,Suburban,1182587,Yes
7598,P00602,133.7,1,2,3,15,20.38,Villa,No,Yes,Suburban,2371311,No
7599,P04708,,3,3,9,9,4.25,Apartment,Yes,Yes,Residential,4524445,Yes
7600,P07283,169,3,2,7,7,2.23,Duplex,Yes,Yes,Downtown,3768384,Yes
7601,P06570,92.1,2,2,4,10,12.75,Apartment,No,Yes,Outskirts,1632377,No
7602,P06793,125.1,1,1,1,6,9.87,Apartment,Yes,Yes,Suburban,2647901,Yes
7603,P03942,140.8,3,2,5,17,0.5,Duplex,No,Yes,Downtown,3633682,Yes
7604,P05186,147,1,1,15,40,9.21,Duplex,No,Yes,Outskirts,2048848,No
7605,P02738,90.2,1,2,6,16,12.32,Apartment,No,No,Suburban,1390546,No
7606,P05632,50,2,2,2,12,1.68,Apartment,No,No,Downtown,1213186,No
7607,P03852,216.9,4,3,1,4,2.85,Villa,No,Yes,Residential,4249913,Yes
7608,P05505,88.6,2,1,4,5,18.62,Apartment,No,Yes,Outskirts,1280428,No
7609,P02614,228.9,5,4,4,12,9.86,Villa,No,No,Suburban,6375006,Yes
7610,P00349,179.2,4,3,0,9,7.47,Apartment,Yes,No,Suburban,3976211,No
7611,P04982,124.8,2,2,3,3,5.35,Apartment,No,Yes,Residential,2710957,Yes
7612,P08944,211.3,3,3,3,24,9.45,Villa,No,No,Suburban,4970312,No
7613,P00795,159.9,2,1,5,2,1.57,Duplex,Yes,Yes,Downtown,699077,Yes
7614,P04879,100.7,1,1,14,40,8.25,Apartment,Yes,Yes,Residential,1753622,Yes
7615,P01143,134.5,1,1,10,2,16.83,Duplex,No,Yes,Outskirts,2278870,No
7616,P08026,70.7,2,1,2,12,3.24,Apartment,No,No,Residential,2000509,Yes
7617,P00630,64.3,2,1,7,15,20.08,Apartment,Yes,Yes,Outskirts,817341,No
7618,P08178,137.2,1,2,9,11,6.06,Apartment,No,Yes,Suburban,3250604,No
7619,P07190,87.4,1,2,6,1,10.66,Apartment,No,Yes,Suburban,2260855,No
7620,P02549,105.6,1,2,15,10,4.58,Apartment,No,No,Residential,3090108,Yes
7621,P07745,235.1,4,3,6,2,16.31,Villa,Yes,Yes,Suburban,5349642,Yes
7622,P06554,129.1,2,1,2,2,1.03,Duplex,No,Yes,Downtown,4319653,Yes
7623,P00409,169.1,3,3,15,11,3.17,Duplex,No,Yes,Downtown,4743068,Yes
7624,P03392,157.9,3,2,2,2,5.84,Apartment,No,Yes,Suburban,2432208,Yes
7625,P00165,54.2,1,1,7,9,12.78,Apartment,Yes,Yes,Suburban,787900,No
7626,P07362,241.9,3,3,13,,7.76,Duplex,Yes,No,Suburban,5164774,No
7627,P02292,197.2,2,1,14,7,13.61,Villa,Yes,Yes,Suburban,4006644,No
7628,P02337,157.2,3,2,11,19,14.18,Apartment,Yes,Yes,Outskirts,2588478,No
7629,P04050,126,3,3,0,7,10.22,Apartment,Yes,No,Suburban,2652761,No
7630,P06135,107,2,1,7,9,8.91,Apartment,Yes,No,Residential,1949899,No
7631,P06066,127.9,1,2,8,4,19.04,Apartment,No,No,Outskirts,2123326,No
7632,P07605,103.1,1,2,7,3,13.32,Apartment,No,Yes,Outskirts,898762,No
7633,P05746,179.7,4,2,8,10,0.5,Duplex,No,Yes,Downtown,4677603,Yes
7634,P06069,98.4,1,2,5,1,5.65,Duplex,No,No,Residential,2371692,No
7635,P02427,154.1,2,2,2,1,2.76,Duplex,Yes,No,Downtown,2975994,Yes
7636,P01088,108.7,2,1,12,4,3.77,Duplex,No,Yes,Suburban,2272809,No
7637,P05819,105.4,3,2,0,7,5.66,Apartment,Yes,No,Residential,2817721,Yes
7638,P05282,228.5,3,3,2,5,5.62,Villa,Yes,Yes,Residential,6913787,Yes
7639,P03771,144.3,3,2,1,15,16.08,Duplex,No,Yes,Outskirts,1868168,No
7640,P07236,164.5,3,2,9,2,11.25,Duplex,Yes,Yes,Suburban,2887358,Yes
7641,P07917,258.4,3,2,2,23,16.82,Villa,Yes,Yes,Outskirts,6774020,No
7642,P05964,122.3,1,2,14,1,3.97,Apartment,No,Yes,Residential,2805373,Yes
7643,P05851,119.9,3,3,6,,25,Apartment,Yes,Yes,Outskirts,1360538,No
7644,P04391,79,1,2,15,24,3.43,Apartment,No,No,Residential,1934774,Yes
7645,P07471,,4,2,15,8,0.98,Duplex,No,Yes,Downtown,3980893,Yes
7646,P05062,80.5,1,2,3,6,1.46,Apartment,No,Yes,Downtown,2119522,Yes
7647,P05919,95.2,2,2,8,1,13.85,Apartment,Yes,No,Outskirts,1378959,No
7648,P08686,84.6,1,1,14,40,0.5,Apartment,Yes,Yes,Downtown,2569341,Yes
7649,P02915,50,2,2,8,1,6.05,Apartment,Yes,Yes,Residential,1628345,No
7650,P02861,216.5,4,3,7,8,2.51,Villa,Yes,Yes,Residential,5268452,Yes
7651,P07717,211.5,3,3,13,10,7.6,Duplex,No,Yes,Suburban,3298560,Yes
7652,P02364,98.1,1,2,9,38,19.79,Apartment,No,Yes,Outskirts,1334697,No
7653,P04625,124.9,2,2,7,6,0.9,Apartment,Yes,No,Downtown,2602946,Yes
7654,P03882,200.3,3,3,0,40,25,Villa,No,No,Outskirts,3532619,No
7655,P07299,88.1,1,1,15,25,23.59,Apartment,No,No,Outskirts,1466364,No
7656,P07322,72.6,1,1,11,16,1.32,Apartment,No,Yes,Downtown,1502078,No
7657,P06065,115.2,3,2,13,20,4.98,Apartment,Yes,Yes,Residential,3159350,Yes
7658,P06334,182.9,2,2,8,1,7.8,Duplex,No,Yes,Residential,4293735,Yes
7659,P04124,92,2,2,3,1,3.83,Apartment,Yes,No,Residential,3065463,No
7660,P08055,147.6,3,3,9,1,24.02,Apartment,Yes,Yes,Outskirts,2687042,No
7661,P05770,101.2,1,2,14,1,5.38,Apartment,No,No,Suburban,942212,Yes
7662,P00275,,1,1,1,4,8.67,Apartment,No,No,Suburban,2076271,Yes
7663,P01073,157,2,1,7,8,5.16,Duplex,No,Yes,Residential,5402501,No
7664,P05171,182,3,2,15,1,13.81,Duplex,Yes,No,Suburban,3277774,Yes
7665,P07865,89.6,1,2,1,7,14.71,Apartment,Yes,Yes,Suburban,1606656,No
7666,P06277,121.2,2,2,11,4,7.1,Apartment,No,No,Residential,3469186,No
7667,P00676,231.7,3,2,11,16,8.68,Duplex,No,Yes,Residential,5414561,Yes
7668,P03394,146.8,1,2,6,3,0.72,Duplex,No,Yes,Downtown,4999563,Yes
7669,P06399,141.1,3,2,0,6,15.77,Apartment,Yes,No,Suburban,4025813,No
7670,P03383,102,1,1,14,12,17.97,Apartment,No,Yes,Outskirts,1713148,No
7671,P06734,154,3,2,6,12,9.11,Duplex,No,No,Suburban,3096595,Yes
7672,P08356,,1,1,2,8,19.02,Apartment,Yes,No,Suburban,1388750,No
7673,P03705,89.9,2,2,15,25,0.5,Apartment,Yes,Yes,Downtown,1922440,Yes
7674,P00586,64.1,2,1,6,7,12.39,Apartment,No,Yes,Suburban,938020,No
7675,P00838,151.2,2,2,4,,18.85,Apartment,Yes,No,Outskirts,1575367,No
7676,P04807,160.1,2,2,7,12,4.2,Duplex,No,Yes,Residential,1806856,Yes
7677,P04400,77.6,1,1,13,3,14.16,Apartment,No,Yes,Suburban,1650216,Yes
7678,P02616,102.2,1,2,5,,4.85,Villa,No,Yes,Residential,3352594,Yes
7679,P05347,154.4,1,1,2,11,7.74,Villa,No,No,Suburban,3258332,No
7680,P07244,81.9,2,2,12,8,25,Apartment,Yes,Yes,Outskirts,937128,Yes
7681,P02966,219.4,4,3,14,9,10.69,Duplex,Yes,No,Suburban,5282113,Yes
7682,P01438,168.6,3,2,1,3,6.59,Villa,Yes,Yes,Suburban,4370383,No
7683,P07836,176.1,2,2,15,12,3.9,Duplex,Yes,Yes,Residential,5959927,Yes
7684,P01554,145.7,2,2,0,39,2.19,Duplex,Yes,Yes,Residential,4812389,Yes
7685,P00817,,2,1,1,16,23.01,Apartment,No,No,Outskirts,838377,No
7686,P01244,163.9,4,3,10,33,3.09,Duplex,No,Yes,Downtown,3247019,Yes
7687,P04313,220.7,3,3,1,7,4.56,Villa,Yes,Yes,Residential,4863916,Yes
7688,P05054,141.3,1,2,6,13,0.5,Duplex,No,No,Downtown,2841202,Yes
7689,P00303,201.2,4,3,1,10,14.77,Villa,Yes,Yes,Suburban,3522017,No
7690,P02620,66.7,1,1,11,4,18.38,Apartment,No,Yes,Outskirts,839654,Yes
7691,P01563,180.9,4,3,2,10,10.25,Villa,No,Yes,Outskirts,4395328,No
7692,P07560,71.7,2,2,14,9,14.88,Apartment,No,No,Outskirts,627654,No
7693,P02679,121.1,2,1,10,24,7.15,Apartment,Yes,No,Suburban,2094552,No
7694,P07656,103.8,2,1,2,2,9.39,Villa,Yes,Yes,Suburban,2853044,Yes
7695,P02486,113.4,2,1,6,1,7.89,Apartment,No,No,Residential,634142,No
7696,P03937,63.4,2,2,13,4,8.92,Apartment,No,Yes,Residential,1550989,No
7697,P00567,132.3,2,2,5,2,9.88,Apartment,No,Yes,Suburban,1594401,No
7698,P03163,300,5,3,0,5,1.41,Villa,No,Yes,Downtown,6546143,Yes
7699,P01064,180.7,2,2,8,8,12.97,Duplex,No,Yes,Suburban,4210704,Yes
7700,P00873,98.9,2,1,3,3,16.76,Apartment,No,Yes,Outskirts,1108451,No
7701,P07349,155.8,3,2,6,1,6.03,Duplex,Yes,Yes,Residential,2945056,Yes
7702,P02820,245,3,2,1,19,20.97,Villa,No,Yes,Outskirts,4550326,Yes
7703,P08056,188.5,3,2,9,3,16.56,Duplex,No,Yes,Suburban,3118454,Yes
7704,P00953,162.9,2,2,8,17,2.6,Apartment,No,Yes,Residential,5067160,Yes
7705,P00160,144.3,2,1,6,1,15.03,Duplex,No,Yes,Suburban,3148485,No
7706,P08478,224.5,3,3,9,12,4.42,Duplex,Yes,Yes,Residential,5838599,Yes
7707,P00924,50,2,2,4,17,10.24,Apartment,No,No,Suburban,1170369,No
7708,P02771,190.4,3,3,11,1,2.28,Duplex,No,No,Downtown,5098450,Yes
7709,P04156,187.8,2,2,3,6,0.5,Villa,Yes,Yes,Downtown,6509233,No
7710,P07019,83.5,2,1,5,8,0.5,Apartment,No,Yes,Downtown,1544425,Yes
7711,P08753,102.3,2,1,0,10,12.69,Apartment,No,No,Suburban,1694064,Yes
7712,P08898,138.7,3,2,10,7,7.6,Apartment,No,Yes,Residential,4512617,No
7713,P04335,82.5,1,2,2,1,21.6,Apartment,Yes,Yes,Outskirts,557015,No
7714,P01976,122.6,3,2,6,15,4.03,Duplex,Yes,Yes,Residential,4682924,No
7715,P04120,300,4,2,5,9,3.17,Villa,Yes,Yes,Residential,7698966,Yes
7716,P08047,70.6,1,1,0,3,16.01,Apartment,No,Yes,Suburban,1189395,Yes
7717,P08569,158.9,3,3,3,13,9.97,Apartment,No,No,Suburban,2864845,No
7718,P04780,187.6,4,3,3,,17.43,Villa,No,No,Suburban,3406700,Yes
7719,P03736,139.6,1,2,10,30,17.48,Duplex,No,Yes,Outskirts,1362618,No
7720,P07160,77.7,2,2,6,4,1.9,Apartment,Yes,No,Downtown,2815496,Yes
7721,P02395,104.1,1,1,5,38,10.04,Duplex,Yes,Yes,Suburban,1966389,No
7722,P08378,300,4,3,1,1,20.66,Villa,No,Yes,Outskirts,6769821,No
7723,P03604,177.8,3,3,3,31,4.45,Villa,Yes,Yes,Residential,4418781,Yes
7724,P06237,85.9,1,2,0,11,3.81,Apartment,No,Yes,Residential,1626685,Yes
7725,P02057,88.1,1,1,12,14,11.33,Apartment,Yes,No,Outskirts,689468,No
7726,P06799,168.1,3,2,0,3,8.29,Duplex,No,No,Suburban,2602738,Yes
7727,P04325,50,1,2,14,35,6.11,Apartment,No,No,Residential,690678,Yes
7728,P00490,77.9,1,1,4,,10.4,Apartment,No,No,Suburban,904291,No
7729,P05334,150.2,2,2,4,11,0.8,Duplex,No,Yes,Downtown,5295413,Yes
7730,P03714,163.8,2,2,6,5,13.03,Duplex,No,No,Suburban,4240945,Yes
7731,P04926,99.7,1,1,4,12,4.01,Apartment,No,No,Residential,2725220,No
7732,P05847,254,5,3,3,20,13.65,Villa,No,Yes,Outskirts,6635000,No
7733,P00386,115,1,2,2,11,19.05,Apartment,No,No,Outskirts,1783988,No
7734,P03489,204.8,3,2,8,2,7.63,Duplex,No,Yes,Residential,3624680,Yes
7735,P06594,158.3,3,3,13,19,17.74,Duplex,No,Yes,Outskirts,2083657,No
7736,P02284,140.6,3,3,12,25,16.4,Apartment,Yes,Yes,Suburban,2598707,Yes
7737,P04112,118.2,3,3,1,7,16.01,Apartment,No,No,Outskirts,1009784,No
7738,P01825,56.9,1,2,1,9,12.77,Apartment,No,Yes,Suburban,896653,Yes
7739,P07259,209.1,4,2,12,1,13.93,Duplex,Yes,Yes,Suburban,3341184,No
7740,P04366,119.6,1,1,1,5,1.66,Apartment,Yes,Yes,Downtown,4620841,Yes
7741,P05485,73.9,1,2,10,11,25,Apartment,No,Yes,Outskirts,848156,No
7742,P04420,57.7,1,2,4,19,8,Apartment,Yes,Yes,Suburban,1623294,No
7743,P01589,117.7,3,2,9,3,6.82,Apartment,Yes,Yes,Residential,3455845,Yes
7744,P02872,50,2,1,12,7,3.54,Apartment,Yes,Yes,Residential,859085,Yes
7745,P03349,139.5,1,1,14,5,10.26,Apartment,No,Yes,Suburban,1751730,Yes
7746,P08816,108.6,2,1,0,0,1.71,Apartment,No,Yes,Residential,4007241,Yes
7747,P01752,180.3,4,2,5,24,2.41,Apartment,No,Yes,Residential,3709682,No
7748,P07371,92.9,1,1,6,,5.16,Apartment,No,Yes,Residential,2539473,Yes
7749,P05247,136,1,1,7,2,5.93,Apartment,Yes,No,Suburban,2434594,Yes
7750,P07523,50.4,2,1,0,10,2.9,Apartment,Yes,No,Residential,2031657,No
7751,P05401,181.4,3,3,0,35,9.84,Duplex,No,Yes,Suburban,5313554,No
7752,P01232,100.5,1,1,0,1,12.46,Apartment,Yes,Yes,Suburban,1583106,Yes
7753,P06841,101.2,1,1,13,3,16.14,Apartment,Yes,No,Suburban,1385164,Yes
7754,P04090,195.6,3,2,8,,1.2,Villa,No,Yes,Downtown,5857437,Yes
7755,P05889,132.9,2,2,12,21,15.98,Apartment,No,Yes,Outskirts,1252975,No
7756,P08826,187.6,4,2,10,19,11.63,Duplex,No,No,Outskirts,3639381,No
7757,P08997,234.2,4,2,2,3,8.28,Villa,No,No,Outskirts,3371295,No
7758,P05366,253.8,4,3,1,11,25,Villa,Yes,Yes,Outskirts,4721895,No
7759,P03161,126.4,3,3,4,9,14.33,Apartment,No,No,Outskirts,2085362,No
7760,P07585,198.7,3,2,5,1,10.25,Duplex,No,Yes,Suburban,4692200,Yes
7761,P00964,60.8,2,1,2,,1.64,Apartment,Yes,No,Downtown,2102278,No
7762,P07251,215.7,5,3,12,8,5.23,Villa,No,Yes,Suburban,3714207,Yes
7763,P04594,99.3,1,2,15,9,3.56,Apartment,No,Yes,Residential,2037209,Yes
7764,P00353,,1,2,4,0,4.73,Apartment,Yes,Yes,Suburban,2957160,No
7765,P01839,273,4,3,0,16,6.83,Villa,Yes,Yes,Suburban,6227978,No
7766,P03946,152.6,2,1,12,1,10.97,Duplex,Yes,Yes,Outskirts,1412906,Yes
7767,P07971,130.6,3,2,5,15,9.39,Duplex,No,No,Suburban,3113592,Yes
7768,P06587,95.8,1,2,9,1,0.61,Apartment,No,No,Downtown,1859852,Yes
7769,P00002,153.9,1,2,13,5,8.04,Apartment,No,Yes,Residential,4363266,Yes
7770,P08334,97.2,2,2,8,5,10.46,Apartment,No,Yes,Suburban,1722059,Yes
7771,P04382,153.2,3,3,4,30,5.58,Villa,No,No,Residential,4320833,No
7772,P08835,154.8,2,2,3,15,5.82,Duplex,Yes,Yes,Residential,5047546,No
7773,P05743,189.8,4,3,1,,15.66,Villa,Yes,Yes,Suburban,4841766,Yes
7774,P00784,259.2,5,3,0,22,9.34,Villa,Yes,Yes,Suburban,6217501,No
7775,P07005,87.6,1,2,0,3,18.99,Apartment,No,Yes,Outskirts,1189328,No
7776,P08032,50,2,2,12,2,4.57,Apartment,No,No,Residential,1413839,No
7777,P05034,195.9,2,1,13,3,16.21,Duplex,Yes,No,Suburban,4993365,Yes
7778,P02397,164.4,2,1,0,12,6.1,Villa,Yes,Yes,Residential,4233399,Yes
7779,P08007,94.7,1,1,13,4,13.29,Apartment,No,Yes,Suburban,2605922,No
7780,P00069,92.4,1,2,15,8,0.57,Apartment,Yes,No,Downtown,1581993,Yes
7781,P00404,205.3,2,1,5,5,1.01,Villa,Yes,Yes,Downtown,5792934,Yes
7782,P03435,110.7,1,1,0,5,0.88,Apartment,Yes,Yes,Downtown,3234907,Yes
7783,P06899,233.8,4,2,3,7,3.42,Villa,No,No,Suburban,3404032,Yes
7784,P04894,231.7,4,3,1,10,5.92,Villa,No,Yes,Residential,4144058,Yes
7785,P07195,201.5,3,3,8,13,12.64,Villa,Yes,Yes,Suburban,5250635,No
7786,P01162,271.3,4,3,2,5,14.65,Villa,Yes,Yes,Suburban,6830779,Yes
7787,P00219,90.2,1,2,4,28,6.6,Apartment,No,No,Outskirts,1350876,No
7788,P06120,144.1,2,1,12,0,1.95,Duplex,No,Yes,Downtown,5645579,Yes
7789,P04274,50,2,2,13,1,15.82,Apartment,No,No,Outskirts,566551,No
7790,P05050,50,1,1,6,0,15.59,Apartment,No,Yes,Outskirts,919127,Yes
7791,P03429,258.6,5,3,1,4,15.62,Villa,Yes,Yes,Outskirts,7229791,No
7792,P02140,195.2,2,2,7,15,18.74,Villa,No,Yes,Outskirts,3775121,No
7793,P01201,79.7,1,1,14,11,12.49,Apartment,No,Yes,Suburban,1638680,No
7794,P06073,173.8,2,1,12,40,1.03,Duplex,Yes,Yes,Downtown,6120514,No
7795,P02916,101.1,1,1,0,3,0.5,Apartment,No,No,Downtown,2480519,Yes
7796,P07934,195.3,2,2,4,7,0.61,Duplex,No,Yes,Downtown,3966486,Yes
7797,P02301,95.6,1,1,10,14,16.15,Apartment,No,No,Outskirts,1167366,No
7798,P01757,161,4,3,4,7,2.03,Duplex,Yes,Yes,Downtown,3898837,Yes
7799,P03487,124.5,3,3,13,1,8.94,Apartment,Yes,No,Suburban,1349629,Yes
7800,P06703,98.3,1,1,2,4,19.44,Apartment,Yes,Yes,Outskirts,1252988,No
7801,P01578,50,1,2,15,8,17.45,Apartment,No,Yes,Outskirts,825381,No
7802,P02720,127.5,2,2,1,0,13.55,Apartment,Yes,Yes,Suburban,2852023,Yes
7803,P02242,114.3,3,3,12,26,1.58,Apartment,No,Yes,Downtown,2394664,No
7804,P06025,75.5,2,1,9,0,21.1,Apartment,No,Yes,Outskirts,1011724,No
7805,P02775,50,2,1,13,21,9.79,Apartment,No,Yes,Suburban,1037685,Yes
7806,P01508,200.1,2,2,0,11,2.73,Villa,No,Yes,Residential,1924488,Yes
7807,P05594,122.1,3,2,2,36,1.28,Apartment,Yes,No,Downtown,4401073,Yes
7808,P03750,80,1,1,10,0,4.94,Apartment,Yes,Yes,Residential,1421205,Yes
7809,P08287,75.1,2,1,5,31,8.75,Apartment,Yes,No,Residential,1583505,No
7810,P02494,128.2,2,2,13,9,13.6,Duplex,No,No,Outskirts,2440856,No
7811,P08293,66.1,2,1,5,5,6.81,Apartment,No,No,Residential,929744,Yes
7812,P00539,61.3,2,2,14,3,0.5,Apartment,No,No,Downtown,1631391,Yes
7813,P01331,114.1,3,2,14,2,7.46,Duplex,Yes,Yes,Suburban,1595483,Yes
7814,P02304,166.1,4,2,13,1,1.85,Duplex,No,Yes,Residential,2825710,Yes
7815,P02500,204.1,2,2,10,40,1.74,Duplex,No,Yes,Residential,4247220,Yes
7816,P01613,138.5,1,1,15,,10.05,Duplex,No,Yes,Suburban,4243567,No
7817,P01489,,1,2,5,20,4.86,Apartment,No,No,Outskirts,624687,No
7818,P02019,113.3,3,3,13,,8.35,Apartment,No,No,Suburban,1210326,Yes
7819,P01745,80.1,1,2,10,2,11.47,Apartment,No,No,Suburban,1164332,Yes
7820,P08469,50,1,2,11,40,15.11,Apartment,Yes,Yes,Suburban,250000,No
7821,P07953,187.7,3,3,14,5,24.6,Duplex,No,Yes,Outskirts,2667233,No
7822,P01483,243.5,4,3,1,1,9.14,Duplex,No,Yes,Suburban,3364622,Yes
7823,P08603,71.3,1,2,10,6,4,Apartment,No,Yes,Residential,2100489,No
7824,P06746,158.6,1,2,8,9,1.34,Duplex,No,Yes,Downtown,5195923,Yes
7825,P00183,50,1,2,13,27,10.75,Apartment,No,Yes,Suburban,786209,Yes
7826,P05045,,4,3,6,9,9.22,Duplex,Yes,Yes,Residential,3338414,No
7827,P04607,205.9,4,2,1,7,7.95,Villa,No,No,Outskirts,3916584,No
7828,P01394,108.1,2,1,0,20,1.33,Apartment,Yes,Yes,Downtown,2668423,No
7829,P01509,167.3,4,3,8,31,3.39,Apartment,No,Yes,Residential,3799421,Yes
7830,P01195,,1,1,1,17,22.3,Apartment,Yes,Yes,Outskirts,838583,No
7831,P01267,100.9,2,2,13,29,0.5,Apartment,No,No,Downtown,1895806,Yes
7832,P05428,247.3,5,3,3,29,17.45,Villa,Yes,Yes,Outskirts,4523749,No
7833,P05406,93,1,2,0,12,13.88,Apartment,No,No,Suburban,1687363,No
7834,P03646,90.9,2,2,1,5,8.63,Apartment,No,Yes,Suburban,1579431,No
7835,P05963,256.4,5,3,3,20,4.1,Villa,No,Yes,Residential,8200205,Yes
7836,P07070,224.1,4,2,3,6,13.21,Villa,No,Yes,Suburban,6178102,No
7837,P03801,88.7,1,2,1,14,0.68,Duplex,No,Yes,Downtown,3489151,Yes
7838,P08317,79.5,1,1,4,15,17.59,Apartment,No,Yes,Outskirts,1515993,No
7839,P04678,136.7,1,1,15,15,1.13,Duplex,Yes,Yes,Downtown,4752644,Yes
7840,P07970,59.3,1,2,1,6,1.71,Apartment,No,Yes,Downtown,1829239,No
7841,P01932,174,3,2,2,2,15.04,Villa,Yes,Yes,Suburban,4105823,No
7842,P02813,132.5,1,2,11,38,7.06,Apartment,No,No,Suburban,1648292,No
7843,P03975,201,4,2,2,11,0.5,Duplex,No,No,Downtown,7634599,Yes
7844,P02540,139.6,3,3,11,0,8.7,Apartment,No,No,Suburban,3666972,Yes
7845,P02670,50.8,2,2,13,4,3.16,Apartment,No,No,Residential,1483225,No
7846,P08197,112.9,2,2,2,30,6.53,Apartment,No,Yes,Suburban,1964467,No
7847,P07863,197,3,3,6,,2.73,Duplex,Yes,Yes,Downtown,3748352,Yes
7848,P03720,80.5,2,2,1,6,5.29,Apartment,Yes,Yes,Residential,1485625,Yes
7849,P07845,94.5,1,1,2,19,0.95,Apartment,No,Yes,Downtown,3070843,Yes
7850,P05214,82.3,1,2,14,1,18.81,Apartment,No,Yes,Outskirts,746889,No
7851,P03249,211.6,4,2,10,6,8.85,Villa,No,Yes,Outskirts,3697983,Yes
7852,P06864,61,2,2,7,1,4.23,Apartment,No,No,Residential,1427641,Yes
7853,P04760,93.8,1,2,14,13,16.91,Apartment,No,No,Outskirts,1677943,No
7854,P02823,89.3,2,1,1,1,2.86,Apartment,Yes,No,Downtown,2521823,Yes
7855,P00574,180.8,2,1,2,6,8.68,Duplex,Yes,Yes,Suburban,4836297,Yes
7856,P07749,160.4,4,2,0,19,1.92,Duplex,No,Yes,Residential,4983217,Yes
7857,P00697,,4,2,14,25,7.66,Villa,No,Yes,Suburban,3738188,Yes
7858,P05508,60.1,2,2,9,19,1.68,Apartment,Yes,Yes,Residential,1845734,Yes
7859,P01557,65.8,2,2,2,8,13.61,Apartment,No,No,Outskirts,1031354,No
7860,P02735,124.6,2,2,7,4,7.17,Apartment,No,No,Residential,3661713,Yes
7861,P07266,91.6,1,1,0,28,1.27,Apartment,No,Yes,Downtown,2699475,Yes
7862,P08095,149.5,2,2,5,1,1.25,Duplex,No,Yes,Downtown,4794267,Yes
7863,P05168,141.1,2,1,0,26,7.98,Villa,Yes,Yes,Suburban,3613680,Yes
7864,P04158,202,4,3,3,14,1.33,Villa,No,Yes,Downtown,7072454,No
7865,P02188,110.9,3,2,10,2,11.19,Duplex,No,Yes,Suburban,2755929,No
7866,P04023,164,2,2,4,0,3.86,Duplex,No,Yes,Residential,3550880,Yes
7867,P08111,68.3,2,1,2,9,7.27,Apartment,No,Yes,Residential,1795065,Yes
7868,P02046,188.8,3,3,2,27,0.77,Villa,No,Yes,Downtown,4712763,Yes
7869,P00283,50,1,2,5,4,5.98,Apartment,No,Yes,Residential,1412346,No
7870,P00259,260.6,3,3,3,8,1.42,Villa,No,Yes,Downtown,13175640,Yes
7871,P02665,204.7,3,3,3,33,7.43,Villa,Yes,Yes,Residential,8214541,Yes
7872,P05908,99.5,1,1,14,6,11.21,Apartment,No,Yes,Suburban,1102029,Yes
7873,P05894,177.2,2,2,10,,20.15,Duplex,Yes,Yes,Outskirts,1317209,Yes
7874,P08220,98.8,1,2,5,2,19.66,Apartment,Yes,No,Outskirts,1476871,Yes
7875,P03234,,3,3,0,21,2.07,Duplex,Yes,Yes,Downtown,6223944,Yes
7876,P00726,91.9,2,1,11,17,0.5,Apartment,No,Yes,Downtown,1870186,No
7877,P01637,192.4,2,1,9,40,3.47,Villa,Yes,Yes,Residential,6556871,Yes
7878,P07015,83.1,1,1,6,16,2.94,Apartment,No,No,Residential,1175541,Yes
7879,P04774,126.6,2,1,0,8,4.85,Duplex,No,Yes,Residential,2417103,Yes
7880,P08073,103.7,1,2,15,9,0.95,Apartment,No,Yes,Residential,1853687,Yes
7881,P05249,170.8,2,2,2,24,0.78,Villa,No,Yes,Downtown,4514677,Yes
7882,P05443,88,2,1,14,7,21.54,Apartment,No,No,Outskirts,890188,No
7883,P00056,145.6,2,1,4,39,14.86,Duplex,No,Yes,Suburban,1542326,Yes
7884,P08074,73.4,1,2,0,16,5.89,Apartment,Yes,No,Residential,1010689,Yes
7885,P08355,255.9,3,2,0,3,9.51,Villa,No,No,Suburban,5776442,No
7886,P01412,50,2,1,0,9,22.67,Apartment,No,No,Outskirts,436377,No
7887,P08339,201.3,2,1,3,0,6.44,Villa,No,Yes,Residential,2388942,Yes
7888,P07433,227.7,3,3,11,4,12.5,Duplex,Yes,Yes,Suburban,7027585,Yes
7889,P02215,110.9,3,3,13,8,18.98,Apartment,Yes,No,Outskirts,1423828,No
7890,P08904,188.5,3,3,1,9,4.75,Duplex,No,Yes,Residential,6043228,Yes
7891,P07017,112,1,2,8,17,4.88,Apartment,Yes,No,Residential,2955177,Yes
7892,P05458,196.8,4,3,4,6,12.5,Villa,No,Yes,Suburban,4763233,Yes
7893,P02936,51,1,1,0,1,0.5,Apartment,Yes,Yes,Residential,1184833,No
7894,P00889,74.8,1,2,8,1,0.5,Apartment,No,No,Downtown,2149242,Yes
7895,P02955,83.8,1,1,6,22,4.63,Apartment,Yes,Yes,Suburban,1519934,No
7896,P01688,229,5,3,1,2,16.81,Villa,No,Yes,Suburban,4973467,No
7897,P01820,209.4,2,1,13,13,10.61,Villa,Yes,Yes,Suburban,2002029,Yes
7898,P03704,84.8,1,1,5,6,11.91,Apartment,No,Yes,Suburban,1475652,Yes
7899,P01973,224.4,3,2,3,2,12.26,Villa,Yes,Yes,Suburban,7190607,No
7900,P06643,170.8,3,2,13,25,8.18,Duplex,No,Yes,Residential,4497786,Yes
7901,P00715,90.7,1,2,13,20,10.96,Apartment,No,No,Suburban,1200773,No
7902,P04702,147.4,3,2,3,2,4.95,Apartment,Yes,No,Residential,2918953,Yes
7903,P05153,,2,1,4,25,2.7,Apartment,Yes,Yes,Residential,2105742,Yes
7904,P02287,135.2,2,1,11,7,25,Duplex,No,Yes,Outskirts,2898077,No
7905,P02413,50,1,2,13,32,2.98,Apartment,No,No,Residential,689127,Yes
7906,P02500,204.1,2,2,10,40,1.74,Duplex,No,Yes,Residential,4247220,Yes
7907,P06304,76.3,1,2,1,,0.5,Apartment,No,No,Downtown,1576761,Yes
7908,P07872,126.1,2,2,13,9,0.5,Apartment,No,No,Downtown,3444987,No
7909,P08110,121.3,2,1,5,0,13.73,Apartment,Yes,No,Suburban,250000,Yes
7910,P08829,161.7,4,3,6,8,2.09,Duplex,No,Yes,Downtown,2969529,Yes
7911,P02849,124.7,2,1,6,25,13.5,Apartment,No,No,Suburban,1078140,Yes
7912,P04714,141.7,3,3,14,16,18.74,Duplex,Yes,Yes,Outskirts,3674075,No
7913,P07750,57.5,1,2,8,18,11.4,Apartment,Yes,Yes,Outskirts,831959,Yes
7914,P08619,100.7,2,2,4,1,1.44,Apartment,No,No,Downtown,1755680,Yes
7915,P00124,121.9,1,2,5,4,6.03,Apartment,No,No,Residential,3292798,No
7916,P08321,233.7,5,4,7,6,0.87,Villa,Yes,Yes,Downtown,4620115,Yes
7917,P06139,161,2,1,3,2,1.5,Villa,No,Yes,Downtown,3058100,Yes
7918,P04431,178.1,4,2,1,1,1.99,Villa,Yes,Yes,Residential,4956634,Yes
7919,P08662,137.3,2,1,9,33,4,Apartment,No,Yes,Residential,2057693,Yes
7920,P08385,158.3,2,2,1,27,0.5,Duplex,Yes,Yes,Downtown,5955835,Yes
7921,P04401,161.5,4,3,11,2,6.55,Duplex,No,No,Suburban,5438157,Yes
7922,P06869,161.3,2,2,7,7,12.06,Duplex,No,Yes,Suburban,2588587,Yes
7923,P00981,50,1,1,8,19,23.09,Apartment,No,Yes,Outskirts,350536,No
7924,P07833,213.4,4,3,2,1,2.57,Villa,Yes,No,Downtown,7203062,Yes
7925,P05504,124.4,1,2,11,6,15.23,Apartment,No,Yes,Suburban,1093388,No
7926,P07262,175.8,3,3,3,15,19.55,Duplex,Yes,No,Outskirts,2044096,No
7927,P07063,200.2,4,3,2,20,4.82,Villa,No,Yes,Residential,4137799,Yes
7928,P07224,113.3,1,2,10,40,1.39,Apartment,Yes,Yes,Downtown,3672980,Yes
7929,P00176,92.8,1,2,11,14,2,Apartment,Yes,Yes,Downtown,3058947,Yes
7930,P00582,58.9,1,2,9,18,10.34,Apartment,No,Yes,Suburban,1096518,Yes
7931,P07969,198.9,4,2,1,11,3.35,Villa,No,No,Downtown,7550196,Yes
7932,P01617,70.4,1,1,8,22,2.31,Apartment,Yes,Yes,Downtown,1351892,Yes
7933,P03323,122.2,1,1,5,7,12.58,Duplex,No,Yes,Suburban,1964987,Yes
7934,P07429,203.6,2,2,5,33,10.74,Villa,No,Yes,Suburban,3739788,No
7935,P05291,73.2,2,2,11,8,7.04,Apartment,No,Yes,Residential,1634164,Yes
7936,P02877,97.7,1,2,0,40,5.2,Apartment,No,No,Residential,2028821,No
7937,P07136,105.4,2,1,10,5,8.3,Apartment,No,Yes,Suburban,2078943,Yes
7938,P08274,121.4,2,1,2,10,2.75,Apartment,No,No,Suburban,1728981,Yes
7939,P03244,115.5,2,2,14,2,6.35,Apartment,No,Yes,Residential,3260675,Yes
7940,P05921,148.3,3,3,15,3,5.31,Duplex,No,No,Residential,4252006,Yes
7941,P05976,216.2,3,2,2,7,3.28,Villa,No,Yes,Residential,5060358,Yes
7942,P06078,147.9,3,2,1,21,8.57,Duplex,No,No,Residential,3837352,No
7943,P01862,81.8,1,1,5,2,21.74,Apartment,No,No,Outskirts,1093198,No
7944,P05447,99.7,2,2,4,2,13.96,Apartment,Yes,No,Outskirts,861089,No
7945,P03576,94.4,1,1,11,15,6.13,Apartment,No,No,Residential,1314720,Yes
7946,P03607,104.5,1,1,12,10,0.5,Duplex,Yes,Yes,Downtown,2968713,Yes
7947,P08764,108.8,2,2,9,19,5.78,Apartment,Yes,Yes,Suburban,1133368,Yes
7948,P02975,92.3,1,2,7,7,8.7,Apartment,No,No,Suburban,978366,Yes
7949,P04506,180.5,3,3,14,40,4.67,Duplex,Yes,Yes,Residential,5262780,Yes
7950,P04772,98.7,1,1,13,40,5.41,Apartment,Yes,Yes,Residential,1948715,No
7951,P00298,135.8,1,2,11,1,15.35,Apartment,No,No,Outskirts,2037394,Yes
7952,P00926,232.7,3,2,0,10,6.68,Villa,No,Yes,Residential,7176013,Yes
7953,P04119,93.9,1,1,8,10,3.58,Apartment,No,Yes,Residential,2068008,Yes
7954,P08143,82,1,2,13,,5.02,Apartment,No,Yes,Residential,2174612,Yes
7955,P02116,149.3,2,2,8,11,14.29,Apartment,No,No,Outskirts,1763180,No
7956,P04825,156.7,2,2,2,10,2.8,Duplex,No,Yes,Residential,1818215,Yes
7957,P07766,172,2,2,0,28,1.54,Villa,Yes,Yes,Downtown,5268466,Yes
7958,P07491,98.8,1,2,1,4,17.39,Duplex,No,Yes,Outskirts,1848556,No
7959,P01308,201.1,4,2,0,4,9.75,Villa,No,No,Suburban,4661376,Yes
7960,P08140,206.5,2,2,3,40,6.13,Villa,No,Yes,Residential,7707202,No
7961,P04768,188.1,3,2,5,0,14.14,Duplex,No,No,Suburban,4042662,No
7962,P01673,107.9,3,3,4,10,14.64,Apartment,No,Yes,Suburban,1833286,No
7963,P01200,50,1,1,14,8,15.81,Apartment,No,Yes,Suburban,741742,No
7964,P02230,192.2,2,2,0,6,15.1,Duplex,Yes,Yes,Suburban,4114791,Yes
7965,P08537,121.6,3,3,10,10,1.47,Apartment,No,Yes,Downtown,3266979,Yes
7966,P01836,106.7,3,2,14,4,2.63,Apartment,No,Yes,Downtown,2996190,Yes
7967,P00294,119.9,2,1,6,11,2.87,Apartment,No,Yes,Downtown,3236494,No
7968,P06346,140.3,3,3,12,15,16.13,Apartment,No,Yes,Suburban,2390272,No
7969,P02691,78.4,1,1,8,5,22.1,Apartment,Yes,No,Outskirts,889989,No
7970,P04223,253.4,3,3,2,7,2.34,Villa,Yes,Yes,Residential,8923520,Yes
7971,P02580,,3,2,1,17,12.64,Villa,No,Yes,Outskirts,3839975,No
7972,P07576,64.7,1,2,10,2,17.89,Apartment,Yes,Yes,Outskirts,1123024,No
7973,P06344,177.5,4,3,0,3,2.76,Villa,No,Yes,Residential,4156315,Yes
7974,P07642,183.7,4,3,5,11,25,Duplex,Yes,Yes,Outskirts,1878066,No
7975,P08200,112.1,3,3,9,2,2.12,Duplex,Yes,Yes,Residential,3975333,No
7976,P08037,81.6,2,2,11,9,4.83,Duplex,Yes,Yes,Residential,2895307,Yes
7977,P00693,186.2,3,3,7,17,4.91,Villa,No,Yes,Residential,5031791,Yes
7978,P08592,208.7,3,2,0,17,1.43,Villa,Yes,No,Downtown,5908406,Yes
7979,P00687,50,1,2,13,1,2.39,Apartment,Yes,No,Residential,1395792,Yes
7980,P00818,158.8,1,2,1,4,14.45,Villa,No,Yes,Suburban,4791479,Yes
7981,P00217,219.7,4,3,11,5,1.48,Duplex,Yes,Yes,Downtown,5463775,Yes
7982,P07935,160.5,2,1,12,0,6.33,Duplex,No,Yes,Suburban,4869325,Yes
7983,P03326,236.9,4,3,3,9,14.53,Villa,No,Yes,Outskirts,3279552,Yes
7984,P04249,185.9,3,3,1,2,0.74,Villa,Yes,No,Downtown,6744782,Yes
7985,P04803,125.8,2,2,3,2,0.5,Apartment,No,Yes,Downtown,4464402,Yes
7986,P06089,153,3,3,10,1,6.46,Duplex,Yes,Yes,Residential,3948417,Yes
7987,P03890,195.7,3,2,2,12,4.51,Villa,No,Yes,Residential,7117405,No
7988,P00323,224.6,5,3,9,7,5.95,Villa,No,No,Residential,5849536,Yes
7989,P08810,87.8,2,2,14,18,17.14,Duplex,Yes,Yes,Outskirts,1290799,No
7990,P06105,200.6,2,2,11,13,2.06,Duplex,Yes,Yes,Residential,4891788,Yes
7991,P00479,,2,1,0,12,7.03,Apartment,No,No,Suburban,3926221,No
7992,P05379,94.9,1,1,12,10,7.46,Duplex,Yes,No,Residential,2061202,No
7993,P05701,55.5,1,2,2,5,11.42,Apartment,Yes,Yes,Outskirts,1020089,No
7994,P08118,186.5,4,3,3,,4.17,Duplex,No,No,Residential,3852692,Yes
7995,P05763,94.3,2,1,0,5,11.35,Apartment,No,Yes,Suburban,1796256,Yes
7996,P02314,132,2,2,12,3,1.02,Apartment,No,No,Downtown,2247078,Yes
7997,P03199,60.9,2,1,14,7,0.5,Apartment,Yes,No,Downtown,977398,Yes
7998,P00813,129.4,1,2,0,3,21.76,Apartment,No,Yes,Outskirts,988791,No
7999,P07434,73.9,1,1,12,12,0.5,Apartment,No,No,Downtown,1968040,Yes
8000,P07699,253.9,3,3,9,3,2.11,Villa,Yes,No,Downtown,10212015,Yes
8001,P04347,127.9,2,2,13,4,5.95,Apartment,No,Yes,Suburban,2027492,No
8002,P00844,257.5,4,2,0,16,5.01,Villa,No,Yes,Residential,9902645,No
8003,P06222,198.8,3,2,5,10,7.21,Villa,No,Yes,Residential,7253359,Yes
8004,P07409,109.2,2,1,7,24,9.02,Apartment,No,Yes,Suburban,1876877,No
8005,P03057,,3,2,9,8,7.12,Villa,No,Yes,Suburban,4357927,Yes
8006,P02376,73.8,1,2,10,32,0.76,Apartment,No,Yes,Downtown,2057161,No
8007,P04070,175.4,2,2,8,17,0.95,Duplex,Yes,Yes,Downtown,1666866,Yes
8008,P02033,190.1,3,3,3,8,4.98,Villa,Yes,Yes,Residential,5180675,Yes
8009,P00968,50,1,2,6,37,2.74,Apartment,Yes,No,Downtown,1154711,Yes
8010,P08567,85.8,1,1,4,22,17.35,Apartment,No,Yes,Outskirts,1023701,Yes
8011,P08437,,2,1,6,3,5.38,Apartment,No,Yes,Residential,1101972,Yes
8012,P00973,107,2,2,6,6,0.8,Apartment,Yes,Yes,Downtown,3298596,Yes
8013,P01897,,2,1,12,9,5.91,Apartment,No,No,Suburban,1757540,Yes
8014,P06332,194,4,3,1,5,10.72,Villa,No,Yes,Outskirts,3127302,No
8015,P04343,120.6,3,2,4,2,13.44,Duplex,No,No,Suburban,2996108,No
8016,P02705,93.6,1,2,9,13,13.85,Duplex,Yes,Yes,Suburban,2117221,No
8017,P06300,84.6,1,1,11,12,18.4,Apartment,Yes,Yes,Outskirts,1308562,No
8018,P08942,119.5,1,2,8,4,2.07,Apartment,No,Yes,Downtown,3508019,Yes
8019,P08207,97.1,1,2,4,,5.84,Apartment,No,Yes,Residential,1897429,Yes
8020,P07861,104.8,2,2,8,3,11.97,Apartment,Yes,Yes,Suburban,2207091,No
8021,P03375,50,2,2,3,23,7.14,Apartment,No,No,Suburban,1059454,No
8022,P08147,255.5,5,3,2,4,5.19,Duplex,Yes,No,Residential,6947377,Yes
8023,P06428,50,1,2,9,21,4.25,Apartment,Yes,No,Residential,1568624,No
8024,P05019,234.2,5,3,11,,10.3,Duplex,Yes,No,Suburban,5260914,No
8025,P02206,111,1,1,2,3,12.85,Apartment,No,Yes,Suburban,1237550,No
8026,P01530,187.6,4,2,5,8,5.8,Duplex,No,No,Residential,4814068,Yes
8027,P05602,211.3,4,2,2,30,0.5,Duplex,Yes,Yes,Downtown,3920907,Yes
8028,P02952,141.1,1,1,2,27,13.77,Duplex,No,Yes,Suburban,3513730,No
8029,P01346,89.4,1,1,7,22,12.53,Apartment,No,Yes,Suburban,1890964,Yes
8030,P07414,97.3,2,2,6,5,15.48,Apartment,No,Yes,Suburban,1454755,No
8031,P04688,85.2,2,2,4,4,3.47,Apartment,No,No,Residential,1398041,Yes
8032,P00976,123.6,2,1,0,8,6.73,Apartment,No,No,Suburban,2923335,No
8033,P08795,243.8,5,4,8,40,13,Duplex,No,Yes,Suburban,3985773,Yes
8034,P05742,143.6,3,3,4,22,16.55,Apartment,No,No,Suburban,2928195,No
8035,P05776,155.2,3,2,6,13,2.18,Villa,Yes,No,Downtown,3426519,No
8036,P00510,138.4,2,1,9,3,1.57,Apartment,No,No,Downtown,3908794,Yes
8037,P00123,181.6,4,3,12,3,0.5,Villa,No,Yes,Downtown,3484631,Yes
8038,P04027,118.9,1,2,14,7,11.89,Duplex,No,Yes,Suburban,1695396,Yes
8039,P07217,189.7,4,2,15,25,12.43,Villa,Yes,No,Suburban,3246928,No
8040,P05631,241.6,4,3,7,5,7.11,Villa,No,Yes,Residential,5874739,Yes
8041,P07449,198.4,4,3,14,1,7.15,Duplex,No,No,Residential,2008728,Yes
8042,P08552,236.5,4,3,9,25,3.62,Villa,Yes,Yes,Suburban,6834712,Yes
8043,P01711,125,2,2,0,4,12.76,Duplex,Yes,Yes,Suburban,2009671,Yes
8044,P06562,105.5,2,2,14,32,4.71,Apartment,No,No,Residential,2406327,Yes
8045,P02101,50,2,1,9,2,9.67,Apartment,Yes,No,Suburban,1158178,Yes
8046,P00870,171.6,4,3,12,40,7.48,Duplex,Yes,No,Residential,2900550,Yes
8047,P01840,128.4,2,1,13,3,14.69,Apartment,No,Yes,Suburban,1541925,Yes
8048,P01031,89.6,2,1,6,1,9.46,Apartment,Yes,No,Suburban,1574136,Yes
8049,P03464,110.2,2,2,5,5,5.7,Apartment,No,Yes,Residential,2585255,Yes
8050,P06791,130.2,1,2,14,32,4.34,Apartment,No,Yes,Residential,3519614,Yes
8051,P04853,118.2,1,1,15,18,17.22,Apartment,Yes,Yes,Outskirts,1111982,No
8052,P01999,204.1,4,3,0,5,16.52,Duplex,Yes,Yes,Outskirts,2788671,Yes
8053,P07846,129.4,1,2,13,2,4.01,Duplex,No,Yes,Residential,2449063,Yes
8054,P03591,104.7,1,2,9,22,17.08,Apartment,No,Yes,Outskirts,1538783,No
8055,P01157,203.9,2,2,4,1,0.5,Villa,No,Yes,Downtown,6898316,Yes
8056,P03157,108.3,3,2,3,1,2.54,Apartment,Yes,Yes,Downtown,3795771,Yes
8057,P06212,157.2,3,2,15,9,14.36,Duplex,No,No,Suburban,1701789,Yes
8058,P08386,141.8,1,1,14,10,2.12,Apartment,No,No,Residential,1695822,Yes
8059,P04429,136.3,2,2,1,5,4.81,Duplex,No,No,Residential,3483040,Yes
8060,P05689,171.3,2,2,8,1,10.44,Duplex,No,Yes,Suburban,3205189,Yes
8061,P06481,78,2,1,15,14,6.9,Apartment,No,Yes,Suburban,1371637,Yes
8062,P07057,126.7,3,3,12,1,12.22,Apartment,Yes,Yes,Outskirts,2501409,No
8063,P01576,221.1,5,4,2,40,8.36,Villa,Yes,No,Residential,6802663,No
8064,P08711,105,3,3,14,33,9.16,Apartment,No,No,Suburban,2499750,No
8065,P00062,158.2,2,1,0,4,5.93,Villa,No,Yes,Residential,4565526,Yes
8066,P00473,50,2,1,13,8,2.42,Apartment,No,No,Downtown,1519054,No
8067,P04998,188.7,3,2,7,5,5.54,Duplex,No,Yes,Residential,4756021,Yes
8068,P03455,,3,3,8,24,16.97,Duplex,No,Yes,Outskirts,2269689,No
8069,P00866,113.6,3,2,15,40,7.5,Apartment,No,Yes,Outskirts,1690307,No
8070,P03584,74.4,1,2,11,2,8.8,Apartment,No,Yes,Suburban,1363148,No
8071,P02933,98.5,2,1,4,6,8.77,Duplex,Yes,Yes,Suburban,2054147,Yes
8072,P06622,202.8,3,3,11,40,6.6,Villa,No,No,Residential,6517914,Yes
8073,P05426,86.7,1,1,8,19,10.19,Apartment,No,No,Suburban,846826,No
8074,P03615,173.4,3,3,5,,11.39,Apartment,No,No,Suburban,2456994,No
8075,P05439,94.4,2,1,7,19,22.88,Apartment,No,No,Outskirts,621859,No
8076,P04838,176.7,2,1,5,6,0.77,Duplex,No,Yes,Downtown,4601439,Yes
8077,P08839,126.3,3,2,4,4,1.8,Apartment,No,Yes,Downtown,4100776,Yes
8078,P03389,167.9,4,2,6,3,7.65,Duplex,No,Yes,Residential,2623235,Yes
8079,P08719,189.4,3,2,1,12,7.28,Villa,Yes,Yes,Suburban,5404558,Yes
8080,P02181,166.3,2,2,7,2,8.58,Duplex,No,Yes,Suburban,4529300,Yes
8081,P04744,155.1,3,2,14,40,10.25,Duplex,No,Yes,Residential,3566231,Yes
8082,P08482,183.1,2,1,7,32,2.72,Duplex,No,Yes,Downtown,5083576,Yes
8083,P07126,83.4,1,1,9,0,8.25,Apartment,No,No,Outskirts,853698,No
8084,P03282,138.4,3,3,0,6,0.5,Duplex,No,Yes,Downtown,3569008,Yes
8085,P08181,78.2,1,2,2,3,7.59,Apartment,No,Yes,Residential,1115365,Yes
8086,P01629,122.5,3,2,4,4,0.5,Apartment,No,No,Downtown,2623794,Yes
8087,P05489,65.3,1,2,1,4,2.14,Apartment,Yes,Yes,Residential,1527830,Yes
8088,P07901,184.8,4,2,5,9,2.17,Duplex,No,Yes,Residential,4677140,Yes
8089,P02439,213,2,1,1,1,5.93,Villa,No,Yes,Residential,3875310,Yes
8090,P01150,87.5,1,2,8,13,11.45,Apartment,Yes,Yes,Outskirts,670089,No
8091,P01161,,3,2,5,2,0.83,Apartment,Yes,No,Downtown,1562838,Yes
8092,P08001,260.2,4,3,2,,5.76,Villa,No,Yes,Suburban,6374900,Yes
8093,P08643,113.5,3,2,12,4,0.5,Apartment,No,No,Downtown,3293439,Yes
8094,P00257,170.2,4,2,0,3,21.84,Villa,Yes,No,Outskirts,1613760,No
8095,P02599,50,2,1,15,14,22.39,Apartment,No,No,Outskirts,349328,No
8096,P04730,130,1,1,14,,8.12,Apartment,Yes,Yes,Residential,1358900,Yes
8097,P07043,117.5,1,2,14,6,0.5,Duplex,No,Yes,Downtown,3782077,Yes
8098,P06434,266.2,3,3,1,8,11.59,Villa,No,Yes,Outskirts,7409965,Yes
8099,P00794,239.1,4,3,5,13,0.5,Villa,Yes,Yes,Downtown,7788995,Yes
8100,P04874,281.5,5,4,3,9,11.33,Villa,No,No,Suburban,7728235,Yes
8101,P01106,253,3,2,8,16,17.87,Villa,No,Yes,Suburban,5865634,No
8102,P06198,56.1,1,2,14,4,2.84,Apartment,Yes,Yes,Downtown,2364151,Yes
8103,P03856,208.7,4,2,4,5,4.35,Duplex,Yes,Yes,Residential,1836997,Yes
8104,P03408,149.3,1,2,13,4,4.14,Duplex,No,Yes,Residential,3471170,Yes
8105,P00558,79.8,2,1,3,33,5.01,Apartment,No,Yes,Residential,1679168,No
8106,P01851,90.5,1,2,0,8,5.5,Apartment,No,No,Residential,2044584,Yes
8107,P06082,143.1,3,3,5,2,1.83,Apartment,No,Yes,Downtown,2447285,Yes
8108,P02089,220.2,5,4,1,,12.51,Villa,Yes,Yes,Suburban,6516252,Yes
8109,P02900,108,3,3,4,28,6.14,Apartment,No,No,Residential,3025554,Yes
8110,P03221,50,1,2,14,5,5.06,Apartment,No,Yes,Residential,1002962,Yes
8111,P00262,110.4,1,1,8,15,16.54,Apartment,No,No,Outskirts,1495967,No
8112,P03741,111,1,1,15,10,7.82,Apartment,No,No,Residential,2073361,No
8113,P06763,154.9,3,2,14,7,15.77,Duplex,No,Yes,Outskirts,2440519,No
8114,P06228,89.7,1,1,6,22,6.01,Apartment,Yes,No,Residential,2408002,No
8115,P05569,89.9,1,1,12,1,1.76,Apartment,Yes,No,Downtown,3075956,Yes
8116,P00628,71.2,2,1,9,7,0.79,Apartment,No,No,Downtown,1685831,No
8117,P07228,193.4,3,2,3,5,5.11,Duplex,No,Yes,Residential,5555877,No
8118,P01890,87.9,1,2,4,3,4.85,Apartment,No,No,Residential,1661339,No
8119,P03043,119.7,1,2,5,7,13.43,Apartment,No,No,Suburban,1492719,No
8120,P04306,146.3,1,1,11,16,1.54,Apartment,No,Yes,Downtown,3688366,Yes
8121,P02079,190,3,3,3,1,6.34,Villa,Yes,Yes,Residential,5074890,Yes
8122,P03586,148.5,1,1,14,30,22.08,Apartment,Yes,No,Outskirts,1201646,No
8123,P06927,132.2,3,3,7,2,6.63,Apartment,No,Yes,Residential,2911787,Yes
8124,P05454,218.6,5,4,3,14,0.64,Villa,No,Yes,Downtown,6488824,Yes
8125,P06329,144.1,3,2,15,1,5.86,Villa,Yes,No,Residential,4511303,Yes
8126,P04305,65.1,2,1,1,1,2.36,Apartment,Yes,Yes,Downtown,1416593,Yes
8127,P05245,108.2,2,2,13,16,6.08,Apartment,No,Yes,Residential,2146231,Yes
8128,P06010,260.9,3,3,10,34,13.16,Villa,No,Yes,Outskirts,6214443,No
8129,P01607,,2,2,0,1,20.07,Apartment,Yes,Yes,Outskirts,692234,No
8130,P01021,64.4,1,2,7,19,14.97,Apartment,No,No,Outskirts,572807,No
8131,P00609,162,3,3,2,12,8.47,Duplex,No,No,Suburban,2980872,Yes
8132,P01404,116.4,1,2,1,4,5.9,Apartment,Yes,Yes,Residential,2771715,Yes
8133,P08173,95.1,2,2,5,2,15.41,Apartment,No,No,Suburban,978186,No
8134,P03255,158.7,3,3,10,26,0.5,Duplex,Yes,Yes,Downtown,2185181,Yes
8135,P06823,195.5,4,2,13,,4.13,Duplex,No,Yes,Residential,6421085,No
8136,P02097,255.6,5,3,3,11,0.5,Villa,Yes,Yes,Downtown,10188035,Yes
8137,P00210,95.8,1,1,11,28,11.35,Apartment,No,No,Suburban,1082894,No
8138,P03799,194.5,4,2,12,6,6.54,Duplex,Yes,Yes,Residential,4506825,Yes
8139,P03540,205.6,3,2,13,8,6.8,Villa,No,Yes,Residential,6138814,Yes
8140,P07038,125.6,1,2,8,8,11.23,Duplex,No,Yes,Suburban,4000325,No
8141,P00154,169,3,2,13,1,16.57,Apartment,No,No,Suburban,2156178,Yes
8142,P05870,276.7,6,4,12,19,2.4,Villa,No,No,Downtown,8035850,Yes
8143,P01591,180.3,3,3,0,9,0.5,Duplex,Yes,No,Downtown,4875866,Yes
8144,P02443,163.5,2,1,7,1,0.5,Villa,No,No,Residential,3393125,Yes
8145,P01148,210.3,2,2,5,24,21.54,Villa,No,No,Outskirts,5208071,No
8146,P03428,124.6,2,1,3,3,17.78,Villa,No,Yes,Outskirts,1296475,Yes
8147,P01968,103.8,1,1,12,31,22.9,Duplex,Yes,Yes,Outskirts,1577405,No
8148,P03207,164.5,3,2,12,5,0.87,Duplex,No,Yes,Downtown,5119224,Yes
8149,P06413,113.4,2,2,14,0,1.72,Duplex,No,Yes,Residential,2981138,Yes
8150,P02434,145.8,1,2,4,2,1.07,Duplex,No,Yes,Residential,1083358,Yes
8151,P01634,144.3,1,2,7,19,14.6,Duplex,Yes,Yes,Suburban,3345414,No
8152,P03293,71.3,2,1,1,6,9.54,Apartment,No,No,Suburban,1741475,No
8153,P06186,73,2,1,14,3,9.76,Apartment,No,No,Suburban,1202725,No
8154,P07388,80.6,1,2,4,4,2.04,Apartment,Yes,Yes,Downtown,3380016,Yes
8155,P00598,50,2,1,3,1,8.57,Apartment,No,No,Suburban,785303,Yes
8156,P03138,112.1,3,3,13,3,0.72,Duplex,Yes,No,Downtown,2470045,Yes
8157,P06028,78.1,1,2,13,5,2.26,Apartment,No,Yes,Downtown,2041421,Yes
8158,P01657,103.8,2,1,6,19,4.59,Duplex,No,Yes,Residential,2116190,Yes
8159,P04777,109.9,1,1,5,5,5.6,Apartment,Yes,Yes,Residential,2026225,Yes
8160,P08341,218.8,5,4,4,13,1.27,Duplex,No,Yes,Downtown,4601020,Yes
8161,P08962,161.9,4,2,5,0,7.38,Villa,No,Yes,Residential,4616510,Yes
8162,P03298,111.1,3,3,9,21,4.22,Apartment,Yes,Yes,Residential,2876908,Yes
8163,P01566,71.3,1,2,6,23,4.55,Apartment,Yes,No,Residential,1747501,Yes
8164,P06247,79.2,1,1,11,17,21.16,Apartment,No,No,Outskirts,731470,No
8165,P05425,112.3,2,1,1,11,11.1,Apartment,No,No,Outskirts,1093782,No
8166,P07404,50,1,1,7,14,5.44,Apartment,Yes,No,Suburban,1161404,Yes
8167,P06184,122.7,1,1,10,8,12.76,Apartment,Yes,No,Suburban,1970842,No
8168,P06449,62.9,2,2,14,10,6.97,Apartment,No,No,Suburban,1192811,Yes
8169,P01519,,1,2,3,14,0.5,Apartment,No,No,Downtown,1380332,Yes
8170,P07161,202.1,2,1,14,6,10.7,Villa,Yes,No,Suburban,3450482,Yes
8171,P06384,121.1,3,2,10,3,10.84,Apartment,No,Yes,Suburban,250000,Yes
8172,P08261,239.8,3,2,1,8,4.07,Villa,No,Yes,Residential,4645192,Yes
8173,P04318,129.1,3,3,3,3,7.82,Villa,No,Yes,Suburban,2108668,Yes
8174,P07305,70.2,1,2,14,3,10.99,Apartment,Yes,Yes,Suburban,1246990,Yes
8175,P00226,127.4,1,2,3,2,17.1,Duplex,No,No,Outskirts,2520882,No
8176,P05304,221.4,4,2,15,1,5.01,Duplex,Yes,Yes,Residential,4908065,Yes
8177,P08492,56.7,1,2,13,5,13.76,Apartment,No,No,Outskirts,766150,No
8178,P02518,169.7,3,2,5,4,3.88,Duplex,No,Yes,Residential,4969365,Yes
8179,P02244,124.3,3,2,2,11,10.23,Apartment,Yes,Yes,Residential,2739282,No
8180,P02394,111.8,3,3,4,5,0.7,Apartment,No,No,Downtown,3303710,Yes
8181,P01761,105,1,1,11,1,3.1,Apartment,No,No,Residential,1324192,Yes
8182,P01361,106.4,2,2,7,13,8.53,Apartment,Yes,No,Suburban,1719500,No
8183,P03305,90.4,1,2,5,4,12.36,Apartment,No,Yes,Suburban,1849975,No
8184,P02325,159.3,2,1,1,14,3.64,Duplex,Yes,Yes,Residential,4192735,Yes
8185,P05736,152.5,2,1,5,21,15.94,Duplex,No,No,Outskirts,2926664,No
8186,P08379,,2,2,12,22,6.21,Duplex,Yes,Yes,Residential,1639205,Yes
8187,P05589,130.2,1,2,10,16,10.3,Apartment,No,Yes,Residential,1907792,Yes
8188,P03559,300,6,4,15,8,9.45,Villa,No,Yes,Suburban,6035771,Yes
8189,P08041,63.9,1,1,5,3,1.25,Apartment,No,Yes,Downtown,2195107,Yes
8190,P01481,61.4,1,1,11,14,4,Apartment,No,Yes,Residential,1009835,Yes
8191,P01834,130.2,3,3,1,5,1.93,Apartment,No,Yes,Downtown,3560191,Yes
8192,P03662,132.5,2,2,6,17,14.35,Apartment,No,Yes,Outskirts,1831931,No
8193,P07695,91.5,1,2,2,6,1.55,Apartment,No,No,Residential,1447530,Yes
8194,P05124,218.7,5,4,5,40,20.07,Duplex,No,No,Suburban,4341512,No
8195,P04188,208.3,4,3,14,30,0.65,Duplex,No,Yes,Downtown,6842064,Yes
8196,P07472,143.4,3,2,6,13,13.07,Duplex,No,Yes,Outskirts,3060720,Yes
8197,P07655,181,4,2,0,5,3.46,Duplex,No,Yes,Residential,2383489,Yes
8198,P05242,71.2,1,2,9,8,4.3,Apartment,No,No,Residential,1685442,Yes
8199,P08586,240.5,4,2,0,14,1.3,Villa,Yes,No,Residential,6794211,Yes
8200,P05835,113.2,3,2,11,19,11.39,Duplex,Yes,Yes,Suburban,2108334,No
8201,P01187,112.6,1,2,9,7,4.74,Apartment,No,Yes,Residential,1725362,Yes
8202,P01908,244.8,5,3,0,30,1.12,Villa,No,Yes,Downtown,6740412,Yes
8203,P04089,194.2,4,2,3,4,2.63,Duplex,Yes,Yes,Downtown,6085205,No
8204,P02478,139.9,3,2,10,4,0.5,Apartment,Yes,No,Downtown,5386690,No
8205,P08652,108.7,2,1,4,10,15.01,Apartment,No,Yes,Outskirts,1867361,No
8206,P06848,172.1,2,2,11,27,4.08,Apartment,No,Yes,Residential,1238577,Yes
8207,P01487,206,4,3,15,10,25,Villa,Yes,Yes,Outskirts,3428619,No
8208,P01677,95.8,1,2,11,40,13.44,Duplex,No,Yes,Suburban,2081987,No
8209,P02354,74,1,2,9,3,16.94,Apartment,Yes,Yes,Suburban,809447,No
8210,P01572,170.1,4,2,6,17,8.2,Apartment,Yes,No,Suburban,2310416,Yes
8211,P05516,300,6,4,9,6,13.57,Villa,Yes,No,Outskirts,5220643,Yes
8212,P04496,237.2,5,3,3,2,6.38,Duplex,No,Yes,Residential,6242753,Yes
8213,P00619,186.5,3,2,15,3,2.52,Duplex,Yes,Yes,Downtown,5157277,Yes
8214,P06224,80.2,2,1,10,,0.5,Apartment,No,No,Downtown,2322210,Yes
8215,P06881,111.9,3,3,15,2,0.96,Apartment,No,Yes,Downtown,2691924,No
8216,P02848,100.4,2,2,12,25,0.5,Apartment,No,Yes,Downtown,2271501,Yes
8217,P00868,300,4,3,7,11,13.97,Villa,No,Yes,Suburban,8528553,Yes
8218,P02508,50,1,2,10,29,14.43,Apartment,No,No,Outskirts,593847,No
8219,P04983,172.9,3,3,8,7,8.83,Duplex,Yes,Yes,Residential,2852446,Yes
8220,P04696,65,1,2,12,3,14.31,Apartment,Yes,No,Suburban,1538646,No
8221,P08040,180.2,4,2,13,6,24.85,Duplex,No,No,Outskirts,1293050,No
8222,P04419,94.9,1,1,5,8,0.5,Apartment,Yes,Yes,Downtown,2419431,Yes
8223,P07004,115.8,3,2,12,9,12.58,Apartment,No,Yes,Suburban,2259702,No
8224,P07707,116.9,1,1,15,3,1.17,Apartment,No,No,Downtown,3747943,Yes
8225,P00791,157.5,2,2,3,13,2.91,Duplex,No,No,Residential,5497565,Yes
8226,P07786,116.1,2,2,1,1,21.3,Apartment,No,Yes,Outskirts,1405138,No
8227,P07451,154.7,2,2,1,1,5.42,Duplex,No,No,Residential,2304130,Yes
8228,P03823,112.3,1,2,10,14,8.22,Apartment,No,Yes,Suburban,1572792,No
8229,P07516,205.5,4,2,4,2,9.51,Villa,Yes,Yes,Suburban,6080373,Yes
8230,P07830,124.9,1,1,15,19,1.46,Apartment,Yes,No,Downtown,3237316,Yes
8231,P08768,117.8,3,2,5,11,25,Apartment,No,No,Outskirts,432521,No
8232,P02809,69.4,2,2,14,9,1.98,Apartment,No,No,Downtown,2470521,No
8233,P05051,54.8,1,2,5,1,8.08,Apartment,No,Yes,Residential,882480,Yes
8234,P03519,119.7,2,1,15,13,9.62,Apartment,No,Yes,Suburban,1325624,Yes
8235,P03959,90.9,1,1,0,0,0.65,Apartment,No,No,Downtown,2029252,Yes
8236,P07345,93.6,2,1,13,30,3.39,Apartment,No,Yes,Residential,1439632,Yes
8237,P02134,64.7,1,2,9,2,13.56,Apartment,Yes,Yes,Outskirts,900130,No
8238,P05053,205.6,2,1,15,3,3.69,Villa,No,Yes,Suburban,5474160,Yes
8239,P08970,98.1,2,2,1,7,7.18,Duplex,Yes,Yes,Suburban,1403083,Yes
8240,P02280,95.1,1,1,10,36,14.73,Duplex,Yes,Yes,Suburban,1312532,No
8241,P00660,170.6,3,3,2,40,3.23,Duplex,No,Yes,Residential,4001978,No
8242,P02431,105.5,1,1,14,10,16.54,Apartment,No,No,Outskirts,1217062,No
8243,P03752,160.2,2,1,2,3,14.03,Apartment,Yes,No,Suburban,3521626,Yes
8244,P08574,139.9,1,2,6,17,6.23,Apartment,No,No,Residential,2594098,No
8245,P02592,113.5,1,2,11,0,20.27,Apartment,Yes,Yes,Outskirts,1552651,No
8246,P06316,151.8,1,1,14,27,5.4,Duplex,No,Yes,Suburban,2135353,Yes
8247,P00643,223,3,3,1,15,0.59,Villa,No,No,Downtown,7497209,Yes
8248,P00169,62,1,1,0,25,4.64,Apartment,No,No,Residential,1239960,No
8249,P01801,91.1,1,2,10,24,4.81,Apartment,No,No,Suburban,1072226,No
8250,P03395,210,3,2,11,35,16.25,Villa,No,Yes,Suburban,3445001,No
8251,P01918,50,2,2,13,15,8.64,Apartment,No,No,Suburban,1185964,Yes
8252,P00273,107.1,3,3,5,1,1.43,Apartment,No,No,Downtown,1128627,Yes
8253,P08831,159.2,2,2,1,4,0.82,Apartment,No,No,Downtown,3540839,Yes
8254,P00495,208.9,3,3,4,31,15.94,Duplex,Yes,No,Suburban,3324762,No
8255,P06789,122.9,3,3,13,20,16.79,Duplex,No,Yes,Suburban,2418506,No
8256,P01913,83,1,1,5,6,13.42,Apartment,Yes,Yes,Outskirts,1940471,No
8257,P03647,94.8,1,1,12,11,5.48,Apartment,No,Yes,Residential,2057461,No
8258,P08231,181.7,4,2,4,40,6.39,Villa,No,Yes,Residential,6510341,Yes
8259,P00307,180.3,4,2,6,11,4.47,Villa,No,Yes,Residential,6130293,Yes
8260,P04103,180.4,2,1,8,4,8.9,Duplex,No,Yes,Suburban,3983242,No
8261,P00782,147.2,1,2,13,1,9.15,Duplex,Yes,Yes,Outskirts,3185869,No
8262,P05287,103.2,2,2,4,1,7.71,Apartment,Yes,No,Suburban,1745378,Yes
8263,P00535,53.3,2,1,9,38,3.17,Apartment,No,Yes,Downtown,1124461,Yes
8264,P00584,114.3,2,2,5,35,5.36,Duplex,Yes,Yes,Residential,2934018,No
8265,P01301,174.8,3,3,2,7,2.44,Villa,Yes,Yes,Residential,5305000,Yes
8266,P07061,94.8,1,1,14,17,1.1,Apartment,No,Yes,Downtown,1765108,Yes
8267,P07496,110.1,2,2,11,1,8.58,Apartment,Yes,Yes,Suburban,2081922,Yes
8268,P08242,59.3,1,1,14,18,17.31,Apartment,No,Yes,Outskirts,466411,Yes
8269,P00317,147.8,1,1,5,5,6.03,Duplex,No,No,Residential,2666697,Yes
8270,P06511,97.7,1,2,14,7,10.38,Apartment,No,No,Suburban,1355278,Yes
8271,P02565,153,2,1,0,15,6.96,Villa,No,No,Suburban,2854805,Yes
8272,P01795,72,1,1,6,14,23.92,Apartment,No,Yes,Outskirts,939870,No
8273,P06678,225.7,5,4,4,0,17.23,Villa,Yes,Yes,Outskirts,3593929,No
8274,P08691,159.6,1,2,5,14,5.39,Duplex,No,No,Suburban,4051667,No
8275,P00549,73.5,2,2,12,11,9.57,Apartment,No,No,Suburban,1479200,No
8276,P01693,99,1,1,11,20,4.77,Apartment,No,Yes,Residential,2346503,No
8277,P03526,164,2,2,1,12,5.03,Duplex,No,Yes,Residential,2735105,Yes
8278,P03013,63.8,1,1,11,0,8.72,Apartment,No,Yes,Suburban,1444556,Yes
8279,P01631,288,5,3,15,1,6.19,Villa,No,Yes,Residential,4662296,Yes
8280,P02391,169,4,3,10,7,9.89,Duplex,No,Yes,Suburban,2439940,No
8281,P04695,131.5,1,1,7,6,7.59,Apartment,No,No,Residential,4180543,No
8282,P07705,69,1,2,1,2,3.76,Apartment,No,Yes,Residential,2064030,No
8283,P04488,152.2,2,1,15,40,0.5,Apartment,No,No,Downtown,2833080,Yes
8284,P01260,107.7,1,1,9,5,20.34,Apartment,No,Yes,Outskirts,1637801,No
8285,P08023,241.2,3,2,2,18,17.56,Villa,Yes,No,Outskirts,3894249,No
8286,P00810,112.8,2,1,2,14,10.32,Apartment,No,Yes,Outskirts,934751,No
8287,P06389,52.1,2,2,13,21,7.28,Apartment,No,Yes,Outskirts,377453,Yes
8288,P01050,103,1,1,7,37,6.12,Apartment,No,Yes,Residential,1848598,No
8289,P07391,176,4,2,3,14,1.55,Villa,No,Yes,Residential,5259039,Yes
8290,P00108,241.1,3,3,4,2,7.6,Villa,No,Yes,Residential,4116253,Yes
8291,P06250,141,2,2,8,40,5.27,Duplex,No,No,Residential,3966932,No
8292,P06787,248.6,5,4,0,7,1.75,Villa,No,Yes,Residential,5339189,Yes
8293,P08519,,1,1,15,20,10.61,Duplex,No,No,Suburban,3979742,No
8294,P04606,270.1,4,2,5,31,2.87,Villa,Yes,Yes,Residential,6974301,No
8295,P08354,118.4,1,2,0,5,1.93,Duplex,Yes,No,Downtown,2838386,Yes
8296,P05456,282,5,4,3,11,12.59,Villa,No,Yes,Suburban,5092524,Yes
8297,P01533,50,1,2,14,15,13.91,Apartment,No,Yes,Suburban,459597,No
8298,P04963,272.9,6,4,2,5,7.76,Villa,No,Yes,Residential,7722902,Yes
8299,P00212,108,2,1,15,18,7.09,Apartment,Yes,Yes,Suburban,1871704,No
8300,P03148,172.2,4,2,4,28,14.06,Duplex,No,Yes,Suburban,3307904,No
8301,P05157,50,2,2,14,1,4.33,Apartment,No,No,Residential,1505623,Yes
8302,P02151,,3,2,0,4,4.19,Apartment,No,Yes,Suburban,2986773,No
8303,P06996,100.4,2,1,15,,19.98,Apartment,Yes,No,Outskirts,808604,Yes
8304,P01974,73.3,1,1,11,14,2.34,Apartment,Yes,Yes,Residential,1290034,No
8305,P04686,66.3,2,2,10,,3.3,Apartment,No,Yes,Residential,1396315,Yes
8306,P08183,129.3,1,1,10,12,17.7,Duplex,Yes,No,Suburban,1492537,No
8307,P07608,87.5,1,2,1,8,1.7,Apartment,Yes,Yes,Downtown,2383570,Yes
8308,P00772,95.7,1,2,12,3,10.36,Apartment,Yes,Yes,Suburban,2589678,Yes
8309,P07503,112.5,1,1,7,9,1.5,Apartment,Yes,Yes,Downtown,2500876,Yes
8310,P01250,52.5,1,1,2,7,18.42,Apartment,No,No,Outskirts,515830,Yes
8311,P07891,76.5,2,2,10,22,12.17,Apartment,No,No,Suburban,790716,Yes
8312,P07254,118.5,2,2,8,,13.56,Duplex,No,Yes,Suburban,2406867,Yes
8313,P08645,,2,1,7,9,3.51,Duplex,No,Yes,Residential,3225819,Yes
8314,P06574,92.6,2,1,5,2,15.09,Duplex,Yes,No,Suburban,2339649,Yes
8315,P06820,106.2,3,2,0,1,23.86,Apartment,No,No,Outskirts,899806,No
8316,P00710,61.2,1,1,12,32,2.88,Apartment,Yes,No,Residential,1303440,Yes
8317,P02673,244.9,4,3,2,10,5.03,Villa,Yes,Yes,Residential,7270376,Yes
8318,P04515,117.5,3,3,15,15,0.5,Apartment,No,No,Downtown,2393469,Yes
8319,P01462,139.4,2,2,2,21,9.75,Apartment,No,Yes,Suburban,2046934,Yes
8320,P02546,241.1,5,3,7,16,1.71,Villa,Yes,No,Residential,4271245,Yes
8321,P07742,110.9,3,2,10,,3.31,Duplex,Yes,Yes,Residential,2534085,Yes
8322,P07218,126.7,3,3,4,3,9.53,Duplex,No,Yes,Suburban,3566966,No
8323,P01357,216.4,4,3,13,3,10.31,Duplex,Yes,No,Suburban,2404405,Yes
8324,P03012,81.3,2,1,15,8,13.13,Apartment,Yes,Yes,Outskirts,1416195,No
8325,P00852,197.7,4,2,5,5,0.64,Duplex,No,No,Downtown,5623411,Yes
8326,P01005,129.7,2,1,15,1,10.73,Duplex,Yes,Yes,Suburban,2666407,Yes
8327,P01835,58.5,1,2,4,9,2.07,Apartment,Yes,No,Residential,2227278,No
8328,P07904,107.4,3,2,14,4,12.87,Apartment,No,Yes,Suburban,1371038,No
8329,P08803,111.3,1,1,14,6,1.04,Apartment,Yes,No,Downtown,2385030,Yes
8330,P07743,211.2,2,1,3,20,16.92,Villa,Yes,No,Outskirts,4713508,No
8331,P01317,50,2,2,11,16,11.57,Apartment,No,No,Suburban,806803,Yes
8332,P03328,226.5,5,3,11,7,16.45,Villa,No,Yes,Outskirts,4843118,No
8333,P01624,165.4,2,2,7,,2.19,Duplex,Yes,Yes,Downtown,3197932,Yes
8334,P03834,231.8,4,3,1,18,1.62,Villa,Yes,Yes,Residential,4695899,Yes
8335,P05745,176.5,3,3,10,12,15.26,Duplex,No,Yes,Suburban,6055475,No
8336,P01279,130.9,3,2,3,0,18.69,Apartment,Yes,Yes,Outskirts,1202005,Yes
8337,P04146,206.3,4,3,10,6,4.68,Duplex,No,Yes,Residential,6035613,Yes
8338,P03147,55.1,2,1,0,40,9.38,Apartment,Yes,No,Suburban,763732,No
8339,P05643,110.4,1,1,7,10,15.93,Apartment,No,Yes,Suburban,1754858,No
8340,P07140,87.9,1,2,9,40,0.5,Apartment,No,Yes,Downtown,2963967,No
8341,P02618,79.8,1,2,10,37,13.22,Apartment,Yes,No,Outskirts,451666,No
8342,P03663,88,1,2,14,1,17.19,Apartment,Yes,Yes,Outskirts,1864481,No
8343,P00089,300,6,4,14,11,0.53,Villa,No,Yes,Downtown,13492069,Yes
8344,P00875,50,1,2,0,4,9.09,Apartment,Yes,Yes,Suburban,912872,Yes
8345,P03001,97.1,1,1,13,3,15.37,Duplex,Yes,Yes,Outskirts,1417828,No
8346,P02761,113.7,3,2,7,38,16.11,Apartment,No,Yes,Suburban,1868705,No
8347,P01881,101.2,2,1,9,0,8.6,Apartment,Yes,Yes,Suburban,1432573,No
8348,P00107,142.5,3,2,1,10,6.78,Apartment,No,No,Residential,4814530,Yes
8349,P00927,77,2,1,13,4,0.5,Apartment,No,Yes,Downtown,2007382,Yes
8350,P06366,115.4,3,2,10,26,6.79,Apartment,Yes,Yes,Residential,2859909,Yes
8351,P00320,118.9,2,2,4,5,17.47,Apartment,No,Yes,Outskirts,1081868,No
8352,P00879,91,1,2,14,18,13.29,Apartment,No,Yes,Suburban,1239229,No
8353,P06774,124.5,3,3,10,10,19.05,Duplex,No,Yes,Outskirts,3214243,No
8354,P03995,246.6,3,3,2,9,1.79,Villa,Yes,Yes,Residential,4218324,Yes
8355,P04922,71.7,2,2,15,4,0.5,Apartment,No,Yes,Downtown,1865033,Yes
8356,P05387,121.8,3,3,14,15,0.51,Duplex,No,Yes,Downtown,3386369,Yes
8357,P03079,,2,1,6,32,11.87,Apartment,Yes,No,Suburban,2300855,Yes
8358,P04731,109.8,2,2,13,4,4.67,Apartment,Yes,Yes,Residential,2708393,Yes
8359,P04235,50,2,2,1,3,0.89,Apartment,Yes,No,Downtown,1795873,No
8360,P04260,183.7,4,2,0,40,6.55,Villa,Yes,No,Residential,6719318,Yes
8361,P03727,108.6,2,2,8,25,17.01,Apartment,No,No,Outskirts,1201137,Yes
8362,P08876,136.2,3,3,2,8,6.29,Villa,Yes,No,Residential,5056168,No
8363,P01751,89.8,2,2,14,12,11.86,Apartment,Yes,No,Suburban,1996831,No
8364,P07692,83.6,1,2,10,7,5.35,Apartment,No,No,Residential,1355611,Yes
8365,P05152,65.3,2,1,11,14,1.77,Apartment,Yes,Yes,Downtown,2370567,Yes
8366,P03879,,3,3,0,2,0.83,Duplex,Yes,Yes,Downtown,6962048,Yes
8367,P05865,151.4,3,3,1,12,10.3,Apartment,No,No,Suburban,2727683,No
8368,P05601,78.9,2,2,3,2,9.82,Apartment,No,Yes,Suburban,1571852,No
8369,P01044,201.3,3,2,1,33,10.33,Duplex,No,Yes,Suburban,2619782,Yes
8370,P03011,149.2,1,1,13,21,4.96,Duplex,No,Yes,Residential,2603478,No
8371,P05156,80.3,1,2,7,40,0.89,Apartment,No,Yes,Downtown,2065223,No
8372,P06778,210.5,2,2,15,19,7.26,Villa,No,Yes,Suburban,2578873,Yes
8373,P07787,201.2,2,2,11,3,12.47,Villa,No,No,Suburban,1058380,Yes
8374,P04591,73.2,2,1,9,29,5.39,Apartment,No,Yes,Residential,1989829,Yes
8375,P04752,88.3,2,1,13,6,12.18,Apartment,No,No,Suburban,1443794,No
8376,P02965,126.6,2,2,10,10,6.8,Apartment,Yes,Yes,Residential,3135528,Yes
8377,P00138,300,5,3,1,21,4.03,Villa,Yes,Yes,Residential,11488237,No
8378,P01098,151.2,3,3,9,5,24.46,Duplex,No,Yes,Outskirts,2170702,No
8379,P08403,,2,2,11,17,9.28,Duplex,No,Yes,Suburban,3842556,Yes
8380,P06550,113.7,1,2,5,5,2.83,Apartment,No,No,Residential,2228358,Yes
8381,P06472,,4,2,2,12,9.02,Duplex,No,Yes,Suburban,4625280,No
8382,P06462,74.8,1,1,9,35,11.87,Apartment,No,No,Suburban,1084703,No
8383,P05266,145.1,1,2,4,23,1.1,Duplex,No,Yes,Downtown,4225012,Yes
8384,P02136,220.7,4,3,0,1,13.21,Villa,No,Yes,Suburban,4285890,No
8385,P05459,268.8,4,2,1,4,1.26,Villa,No,Yes,Downtown,7559100,Yes
8386,P05079,173.1,4,3,15,6,5.57,Villa,No,Yes,Residential,5158988,Yes
8387,P03368,217.9,4,2,7,4,8.44,Villa,Yes,No,Suburban,4715477,Yes
8388,P03730,125.5,3,3,10,15,13.51,Apartment,Yes,No,Suburban,3085930,No
8389,P00149,52,1,1,2,6,7.7,Apartment,No,Yes,Residential,1040199,No
8390,P00304,136.6,2,1,2,8,4.75,Villa,No,Yes,Suburban,3663847,No
8391,P05114,52.7,1,1,15,14,10.37,Apartment,No,Yes,Outskirts,773966,No
8392,P05149,90.7,1,2,15,3,24.53,Apartment,No,No,Outskirts,681084,No
8393,P01271,238.2,4,2,1,4,19.55,Villa,Yes,No,Outskirts,4629911,No
8394,P01905,141.9,2,1,15,5,10.9,Duplex,Yes,No,Suburban,3525951,Yes
8395,P02211,,1,2,2,23,18.38,Apartment,No,Yes,Outskirts,749547,Yes
8396,P04295,79.9,1,1,13,7,11.19,Apartment,No,No,Outskirts,1025262,No
8397,P03843,69.7,1,1,1,15,7.89,Apartment,No,Yes,Suburban,845786,Yes
8398,P03575,232.3,5,4,2,8,5.3,Villa,Yes,Yes,Residential,3885911,Yes
8399,P02876,168.7,2,1,3,40,4.16,Villa,No,Yes,Residential,4234655,Yes
8400,P05041,50,1,2,6,0,3.38,Apartment,Yes,Yes,Residential,1242335,Yes
8401,P02299,61.7,2,2,6,7,2.22,Apartment,No,Yes,Downtown,1828598,No
8402,P08156,262.3,4,2,7,3,20.05,Villa,Yes,Yes,Outskirts,5354257,No
8403,P05279,95.9,2,1,2,30,0.5,Apartment,No,Yes,Downtown,2493316,No
8404,P05436,159.9,3,2,5,12,3.44,Apartment,Yes,Yes,Downtown,3273728,Yes
8405,P05128,139.1,2,2,4,12,8.13,Duplex,No,Yes,Residential,4253144,Yes
8406,P06529,154.1,1,1,3,14,6.13,Duplex,No,Yes,Suburban,2868857,Yes
8407,P06895,195.3,3,2,1,5,0.5,Villa,No,Yes,Downtown,4101718,Yes
8408,P01202,111.3,3,2,1,,4.57,Apartment,No,No,Suburban,1790043,Yes
8409,P08994,145.8,2,2,10,2,5.83,Duplex,Yes,Yes,Residential,2982967,Yes
8410,P03430,135.1,1,2,0,5,13.22,Apartment,No,Yes,Outskirts,2092473,No
8411,P01866,262.7,4,3,11,0,24.29,Villa,No,Yes,Outskirts,3998175,No
8412,P08862,50,2,2,12,8,4.06,Apartment,Yes,No,Residential,1380095,No
8413,P05576,86.2,2,2,5,10,0.5,Apartment,No,Yes,Downtown,3125960,Yes
8414,P07058,64.1,2,2,9,3,0.5,Apartment,No,No,Downtown,1791313,Yes
8415,P05717,156.2,2,1,2,31,20.09,Apartment,Yes,Yes,Outskirts,1865709,No
8416,P04999,180,3,3,1,7,5.78,Villa,Yes,Yes,Residential,5013283,Yes
8417,P02810,50,1,2,10,33,0.94,Apartment,Yes,Yes,Downtown,1059475,Yes
8418,P04256,197.7,3,2,8,5,0.5,Duplex,Yes,Yes,Downtown,6730401,Yes
8419,P07529,101.2,1,2,0,11,4.94,Apartment,No,No,Residential,1872914,Yes
8420,P02891,104,2,1,15,11,1.21,Apartment,Yes,No,Downtown,4013137,No
8421,P03501,99.6,2,1,12,3,3.69,Duplex,No,Yes,Residential,1522982,Yes
8422,P08894,235.6,5,4,0,4,3.31,Villa,No,Yes,Residential,4915961,Yes
8423,P03380,300,4,2,2,18,17.59,Villa,No,Yes,Outskirts,2192914,Yes
8424,P03194,104.7,1,1,15,10,11.35,Apartment,No,Yes,Suburban,3034796,No
8425,P01447,50,1,1,0,5,18.88,Apartment,No,No,Outskirts,556488,No
8426,P01953,159.2,1,2,2,17,11.88,Villa,Yes,Yes,Suburban,5892802,No
8427,P07125,101.9,1,2,4,19,4.51,Apartment,No,Yes,Residential,2125929,Yes
8428,P01625,159.1,1,2,11,18,4.74,Duplex,No,Yes,Residential,4050741,Yes
8429,P06950,141.3,3,2,13,1,15.61,Duplex,No,No,Outskirts,1133333,No
8430,P01320,142.2,2,2,14,1,20.72,Duplex,Yes,Yes,Outskirts,2058174,No
8431,P03532,142.3,1,2,9,19,2.43,Duplex,No,Yes,Downtown,4976767,Yes
8432,P01664,163,3,3,3,27,4.53,Duplex,No,Yes,Residential,1749865,Yes
8433,P00816,63.5,2,1,8,14,21.29,Apartment,No,Yes,Outskirts,721774,No
8434,P04776,104.6,1,2,5,15,2.07,Apartment,No,No,Downtown,1781874,Yes
8435,P08661,179.1,4,2,7,1,4.28,Duplex,Yes,Yes,Residential,4487856,Yes
8436,P01094,160.9,4,2,0,3,4.56,Villa,No,No,Residential,4124025,No
8437,P04177,207.9,3,2,1,12,13.99,Villa,Yes,Yes,Suburban,3238069,No
8438,P01951,61.2,2,2,4,34,16.99,Apartment,No,Yes,Outskirts,373384,No
8439,P03885,98.1,2,1,4,5,15.92,Apartment,No,No,Outskirts,1157322,No
8440,P08578,53.3,1,1,15,15,3.27,Apartment,No,Yes,Residential,1421515,Yes
8441,P08714,141.8,3,2,8,15,12.76,Duplex,No,Yes,Suburban,4622186,No
8442,P02801,,1,1,9,18,23.38,Apartment,No,Yes,Outskirts,658471,No
8443,P01240,,1,1,1,10,1.52,Apartment,Yes,Yes,Downtown,2002790,Yes
8444,P00330,187.9,3,2,11,8,3.36,Duplex,Yes,No,Residential,4267400,Yes
8445,P03103,129.8,2,2,9,40,22.98,Apartment,No,Yes,Outskirts,1516608,No
8446,P08435,287.5,4,3,1,6,15.69,Villa,No,Yes,Suburban,4722444,Yes
8447,P02543,205,3,3,1,10,6.78,Villa,No,No,Residential,4271046,Yes
8448,P04738,82.3,1,1,12,12,2.71,Apartment,No,Yes,Downtown,3151477,Yes
8449,P04793,156.1,2,1,13,14,2.79,Duplex,No,Yes,Residential,4547868,Yes
8450,P06647,62.2,2,2,7,16,0.83,Apartment,Yes,Yes,Downtown,2094805,Yes
8451,P02819,121.7,1,1,1,10,6.16,Apartment,No,Yes,Residential,2375683,Yes
8452,P00754,206.5,2,2,0,14,3.73,Villa,No,Yes,Residential,4389322,Yes
8453,P04532,50,1,1,7,17,8.86,Apartment,Yes,No,Residential,731491,Yes
8454,P01564,256.8,5,3,2,1,15.59,Villa,No,No,Outskirts,2807553,Yes
8455,P01935,127.5,3,3,10,5,8.16,Apartment,No,Yes,Suburban,2417360,Yes
8456,P07208,202.8,3,3,9,39,1.71,Duplex,No,Yes,Downtown,5831463,Yes
8457,P08821,160.5,3,2,5,36,6.88,Villa,No,Yes,Residential,4599808,Yes
8458,P03494,118,1,1,2,22,17.06,Duplex,No,Yes,Suburban,2723780,No
8459,P07713,144.9,3,2,6,4,7.17,Duplex,Yes,Yes,Residential,4262954,No
8460,P01857,121.9,3,2,13,1,5.64,Apartment,Yes,No,Residential,2489752,Yes
8461,P04698,114.9,2,2,3,3,7.45,Apartment,No,Yes,Residential,2595232,Yes
8462,P03564,194.9,2,2,12,1,1.31,Duplex,Yes,No,Downtown,5257859,Yes
8463,P01014,216.9,4,3,0,8,9.55,Villa,No,Yes,Outskirts,3892017,Yes
8464,P06109,179,2,1,14,2,2.97,Duplex,No,Yes,Residential,5463872,Yes
8465,P05483,229.3,3,2,8,9,2.14,Duplex,No,Yes,Residential,4524672,Yes
8466,P00467,122.6,1,2,12,18,10.78,Apartment,No,No,Suburban,2046558,No
8467,P04029,63.1,1,1,12,21,3.9,Apartment,No,Yes,Residential,1765121,No
8468,P00175,83.6,1,1,2,3,2.89,Apartment,Yes,Yes,Downtown,2750905,Yes
8469,P04881,137.9,1,1,6,6,2.38,Apartment,No,Yes,Downtown,3881643,Yes
8470,P00278,144.8,1,1,0,26,16.3,Villa,Yes,Yes,Suburban,2984666,No
8471,P01070,179.3,3,2,0,1,5.43,Villa,No,Yes,Residential,4780945,Yes
8472,P05562,177,2,1,8,3,4.85,Villa,No,Yes,Residential,2320559,Yes
8473,P06867,224.2,5,3,3,5,9.98,Villa,No,Yes,Suburban,5199610,No
8474,P05037,124.5,1,1,5,6,14.14,Apartment,No,No,Outskirts,1251884,Yes
8475,P06804,199.8,4,2,13,10,2.64,Villa,No,No,Residential,6557885,Yes
8476,P08598,159,2,2,9,6,2.29,Apartment,No,Yes,Suburban,3510708,Yes
8477,P05546,234.6,4,3,1,1,3.77,Villa,No,Yes,Residential,7605010,Yes
8478,P05003,98.9,1,2,7,5,12.86,Apartment,No,Yes,Suburban,1382948,Yes
8479,P01714,79,2,1,13,3,16.75,Apartment,No,Yes,Outskirts,972365,No
8480,P07641,171.9,2,1,14,17,0.5,Duplex,No,Yes,Downtown,5637178,No
8481,P02612,50,2,1,2,2,22.85,Apartment,Yes,Yes,Outskirts,457290,Yes
8482,P07394,92.9,1,1,2,14,16.07,Apartment,No,Yes,Suburban,2154300,No
8483,P00389,126.6,1,2,13,21,0.63,Apartment,Yes,No,Downtown,3076513,Yes
8484,P08021,84.1,1,2,10,13,0.81,Apartment,No,Yes,Downtown,2301354,Yes
8485,P03496,149.5,2,2,5,1,19.7,Duplex,No,Yes,Outskirts,2371420,No
8486,P04977,129,2,1,14,6,5.99,Duplex,No,No,Residential,2786803,Yes
8487,P03543,89.7,1,2,2,27,18.84,Apartment,No,Yes,Outskirts,710844,No
8488,P07289,230.7,4,3,5,9,6.29,Villa,No,No,Suburban,3242961,Yes
8489,P07311,126.2,1,1,6,4,5.07,Villa,Yes,No,Residential,4686393,No
8490,P00051,184.6,3,2,8,2,0.5,Duplex,No,Yes,Downtown,4269000,Yes
8491,P06588,83.8,1,2,12,3,15.06,Apartment,No,Yes,Outskirts,1477128,No
8492,P04230,56.9,2,2,3,5,5.13,Apartment,Yes,Yes,Residential,1220941,Yes
8493,P00483,185.3,4,3,14,24,8.05,Duplex,No,Yes,Suburban,3295300,Yes
8494,P02252,57.1,1,2,3,1,12.09,Apartment,Yes,No,Suburban,1293100,No
8495,P04163,84.2,2,2,13,15,14.54,Apartment,No,No,Outskirts,590211,No
8496,P08843,102.4,2,1,12,40,1.56,Apartment,No,No,Downtown,2263538,No
8497,P05093,189.7,2,2,15,26,4.39,Duplex,No,Yes,Residential,4428351,Yes
8498,P03104,204.2,3,2,8,6,15.11,Duplex,Yes,Yes,Suburban,4453156,Yes
8499,P02930,167.4,4,3,11,3,11.98,Duplex,No,Yes,Suburban,6033079,Yes
8500,P06777,286,5,3,2,21,3.25,Villa,No,Yes,Residential,10610980,No
8501,P04970,161.5,3,3,11,32,13.13,Duplex,No,Yes,Suburban,1905336,No
8502,P00065,127.2,2,2,6,3,17.77,Apartment,No,Yes,Suburban,635083,No
8503,P08775,253,4,2,0,21,15.58,Villa,No,Yes,Suburban,6195346,No
8504,P07574,,6,4,2,6,3.84,Villa,No,No,Residential,6471174,Yes
8505,P04588,200.2,3,3,0,12,22.79,Villa,Yes,Yes,Outskirts,4228415,No
8506,P06403,136.5,3,2,2,8,1.01,Duplex,No,Yes,Downtown,4810953,Yes
8507,P06210,121.3,1,2,8,36,15.06,Duplex,No,No,Outskirts,1958668,No
8508,P04617,50,1,1,13,1,0.5,Apartment,No,No,Downtown,1326955,Yes
8509,P03333,136.3,2,2,5,26,1.4,Apartment,Yes,Yes,Downtown,3889424,Yes
8510,P07588,50.9,2,2,5,1,19.61,Apartment,No,Yes,Outskirts,512644,No
8511,P02816,50,1,1,15,15,6.08,Apartment,Yes,No,Suburban,558890,No
8512,P03965,63,1,2,6,4,3.14,Apartment,Yes,No,Residential,1329386,Yes
8513,P07607,97.7,1,1,14,25,14.82,Apartment,Yes,Yes,Suburban,732508,No
8514,P05382,102.7,2,1,7,5,12.65,Apartment,Yes,No,Suburban,1173561,Yes
8515,P05940,192.8,3,3,0,9,24.64,Duplex,Yes,Yes,Outskirts,2305870,No
8516,P03242,124.7,3,2,7,8,13.63,Villa,Yes,Yes,Suburban,2059809,Yes
8517,P02794,95.1,1,1,6,4,25,Apartment,No,No,Outskirts,984713,No
8518,P05734,263.9,3,2,2,2,18.4,Villa,No,Yes,Outskirts,4621879,Yes
8519,P02525,211.1,2,1,0,17,11.98,Duplex,No,Yes,Outskirts,2348438,No
8520,P01736,50,1,2,3,11,13.35,Apartment,No,No,Suburban,557366,Yes
8521,P07961,96.2,1,2,3,2,0.5,Apartment,No,Yes,Downtown,2358323,Yes
8522,P03125,254.6,4,3,15,11,1.24,Villa,Yes,No,Downtown,7671789,Yes
8523,P04941,133,2,1,1,2,18.38,Duplex,Yes,Yes,Outskirts,2240174,No
8524,P07976,195.7,4,3,8,7,10.71,Villa,No,Yes,Outskirts,3755335,Yes
8525,P00274,167.2,3,3,8,5,14.68,Duplex,Yes,Yes,Suburban,3787338,Yes
8526,P08807,113.2,1,2,7,5,0.5,Apartment,No,Yes,Downtown,3771183,Yes
8527,P07022,149.2,1,2,11,17,19.89,Apartment,Yes,Yes,Outskirts,1805530,No
8528,P06556,186.2,3,3,4,5,6.73,Duplex,Yes,Yes,Residential,4447725,Yes
8529,P05579,81.5,2,1,6,3,17.7,Apartment,Yes,Yes,Outskirts,999412,No
8530,P05497,196.8,4,3,1,7,25,Villa,Yes,Yes,Outskirts,3294975,No
8531,P01453,154.5,1,2,11,1,17.47,Duplex,No,Yes,Outskirts,1929346,No
8532,P02693,196,4,2,1,40,19.67,Duplex,No,Yes,Outskirts,2785707,No
8533,P02768,140.6,3,2,6,6,9.42,Apartment,Yes,Yes,Suburban,3992996,Yes
8534,P08411,61.2,1,2,12,1,9.33,Apartment,Yes,Yes,Suburban,899648,Yes
8535,P00240,187.9,3,2,7,13,1.69,Villa,No,No,Downtown,3862687,Yes
8536,P01132,172.2,4,2,12,7,17.97,Villa,No,Yes,Suburban,5708470,No
8537,P07894,95.8,1,2,13,4,1.45,Duplex,No,Yes,Downtown,1213814,Yes
8538,P03265,131.3,1,2,4,13,0.5,Duplex,No,Yes,Residential,4061185,Yes
8539,P05350,103.1,1,2,4,2,3.69,Apartment,Yes,No,Residential,2545739,No
8540,P05765,96.6,1,2,0,2,9.44,Apartment,Yes,No,Residential,1765872,No
8541,P01384,181.5,3,2,12,23,14.52,Duplex,No,Yes,Outskirts,3635797,No
8542,P03075,65.8,2,1,10,40,20.73,Apartment,No,No,Outskirts,549037,No
8543,P04861,70,1,1,10,9,15.83,Apartment,No,Yes,Suburban,869081,No
8544,P01358,78.2,1,1,0,17,10.24,Apartment,Yes,No,Residential,1720114,No
8545,P04872,73.5,2,2,11,0,7.23,Apartment,Yes,Yes,Residential,2108828,Yes
8546,P02631,177,2,2,7,16,1.55,Duplex,No,Yes,Downtown,5529864,Yes
8547,P00625,144.5,2,2,0,31,25,Duplex,Yes,Yes,Outskirts,2979437,No
8548,P00840,82.4,1,1,1,6,17.55,Apartment,No,Yes,Suburban,1342913,No
8549,P04724,50,1,1,0,23,11.22,Apartment,No,Yes,Suburban,553284,No
8550,P07664,192,3,3,2,22,17.03,Villa,No,Yes,Outskirts,3653579,No
8551,P00324,91.1,1,1,3,5,9.94,Apartment,Yes,Yes,Suburban,1900833,No
8552,P01868,,1,2,15,12,8.86,Apartment,No,Yes,Residential,403880,Yes
8553,P05257,97.6,2,2,3,38,10.1,Apartment,No,Yes,Suburban,1170058,No
8554,P02827,236.5,5,4,12,5,7.19,Villa,No,Yes,Residential,5650701,Yes
8555,P05173,59.9,2,2,8,17,25,Apartment,No,No,Outskirts,292757,No
8556,P07084,185,3,2,2,38,7.04,Villa,Yes,No,Residential,2567844,Yes
8557,P03928,231.3,4,3,0,9,23.13,Villa,No,Yes,Outskirts,3877123,Yes
8558,P00120,50.6,2,1,4,22,4.44,Apartment,No,No,Suburban,677101,Yes
8559,P08730,50,2,1,5,4,3.99,Apartment,No,No,Residential,658338,No
8560,P02378,153.4,1,1,5,13,11.9,Apartment,No,No,Suburban,875512,Yes
8561,P05911,,5,3,9,10,12.31,Villa,No,Yes,Outskirts,4009706,No
8562,P07510,93.7,2,1,3,21,13.86,Apartment,No,No,Suburban,769162,Yes
8563,P03302,164.6,2,2,8,7,5.15,Villa,Yes,Yes,Residential,4664877,Yes
8564,P07525,,2,1,12,7,2.81,Apartment,No,Yes,Downtown,2407977,Yes
8565,P04173,,1,1,10,1,19.38,Duplex,Yes,Yes,Outskirts,2712090,Yes
8566,P07880,198,2,2,14,8,19.74,Villa,Yes,No,Outskirts,2174174,No
8567,P02765,145.3,1,2,14,12,0.5,Duplex,No,Yes,Downtown,2770072,Yes
8568,P05038,160.5,3,3,1,4,1.98,Duplex,No,Yes,Downtown,4540523,Yes
8569,P06722,68.2,1,1,9,2,6.02,Apartment,Yes,Yes,Residential,1749329,Yes
8570,P04051,168.8,3,3,4,5,12.71,Duplex,No,Yes,Outskirts,3478911,Yes
8571,P06964,241.7,5,4,2,11,8.05,Villa,No,Yes,Residential,8222479,No
8572,P00553,160.6,2,2,5,4,0.79,Duplex,Yes,Yes,Downtown,3664553,Yes
8573,P00407,124.2,3,3,13,4,2.22,Apartment,Yes,Yes,Residential,2231890,Yes
8574,P06214,84.8,1,2,8,19,12.54,Apartment,Yes,Yes,Suburban,1597992,No
8575,P03135,137,2,2,5,1,10.42,Apartment,Yes,Yes,Suburban,3728430,Yes
8576,P03299,72.5,2,2,8,5,2.47,Apartment,No,Yes,Residential,1577444,Yes
8577,P07480,83.7,1,1,11,7,15.99,Apartment,No,Yes,Outskirts,729259,Yes
8578,P02350,75.5,1,1,14,11,1.41,Apartment,No,No,Downtown,2436741,Yes
8579,P05843,159,3,2,6,10,5.68,Duplex,No,Yes,Residential,3622208,Yes
8580,P07666,93.4,2,1,1,3,2.92,Apartment,No,Yes,Residential,2483042,Yes
8581,P00237,109,1,2,8,,6.05,Apartment,Yes,Yes,Residential,2799137,Yes
8582,P05782,,3,3,14,3,19.78,Duplex,No,Yes,Outskirts,3628779,No
8583,P06083,142.8,2,1,8,21,5.9,Apartment,No,No,Suburban,2341931,No
8584,P06080,242.9,3,3,15,32,21,Villa,No,Yes,Outskirts,5793000,No
8585,P07898,52.4,2,2,9,0,3.09,Apartment,No,No,Downtown,922652,No
8586,P03164,51.7,1,2,1,1,10.34,Apartment,No,Yes,Suburban,497680,Yes
8587,P00500,124.8,2,1,10,10,10.99,Apartment,No,No,Suburban,1986833,No
8588,P04919,,2,2,14,15,22.79,Apartment,Yes,No,Outskirts,467897,No
8589,P03626,207.5,2,1,14,15,4.97,Villa,No,Yes,Suburban,2128803,Yes
8590,P03128,95.4,2,2,0,5,0.91,Apartment,No,Yes,Downtown,2607299,Yes
8591,P03359,,1,2,12,1,11.62,Apartment,No,No,Suburban,2300115,Yes
8592,P07079,93.1,1,1,8,8,0.52,Apartment,Yes,No,Downtown,2544829,Yes
8593,P08583,271.2,4,3,7,8,11.06,Villa,No,Yes,Suburban,4650890,Yes
8594,P04840,51.1,2,2,10,17,1.29,Apartment,No,Yes,Downtown,1500582,No
8595,P01218,50,1,2,8,3,5.48,Apartment,No,Yes,Suburban,1243517,No
8596,P00236,220.2,5,4,3,6,13.18,Villa,No,No,Outskirts,5194240,No
8597,P00332,136.2,3,3,8,19,1.06,Duplex,No,Yes,Residential,4356306,Yes
8598,P04577,61,2,1,12,25,21.46,Apartment,Yes,No,Outskirts,613250,No
8599,P03189,207.4,3,3,1,2,0.5,Duplex,No,Yes,Downtown,8081824,Yes
8600,P07777,242.6,5,4,0,28,5.18,Villa,No,Yes,Residential,7488049,Yes
8601,P00045,118.1,1,1,3,18,12.79,Apartment,No,No,Outskirts,1549998,No
8602,P07926,165.8,4,2,2,31,0.5,Villa,No,Yes,Downtown,4546356,Yes
8603,P04217,188.1,4,2,13,,13.37,Duplex,Yes,No,Suburban,3275867,No
8604,P03073,153.7,1,1,12,10,18.72,Duplex,Yes,Yes,Outskirts,2272847,No
8605,P07912,,1,2,5,5,2.14,Apartment,No,Yes,Downtown,1353081,Yes
8606,P05023,222.3,5,4,3,8,20.57,Villa,No,Yes,Outskirts,3004024,No
8607,P06660,172.2,4,2,6,20,2.43,Villa,Yes,Yes,Residential,4624571,Yes
8608,P01595,91.8,2,1,11,23,15.97,Apartment,No,Yes,Outskirts,1409546,No
8609,P08416,191.1,3,3,6,7,25,Duplex,Yes,Yes,Outskirts,2021587,No
8610,P04710,264.9,5,4,13,29,5.96,Villa,No,Yes,Residential,4959911,Yes
8611,P02892,112.1,3,3,9,7,17.8,Duplex,No,Yes,Outskirts,1886978,Yes
8612,P01246,60,1,2,7,24,1.76,Apartment,No,Yes,Residential,1568690,Yes
8613,P07770,98.2,2,1,7,12,11.38,Apartment,Yes,Yes,Suburban,1638210,No
8614,P01541,96.4,1,1,5,40,21.74,Apartment,Yes,Yes,Outskirts,1208205,No
8615,P04626,126.5,2,2,6,34,8.28,Apartment,Yes,No,Suburban,1767681,No
8616,P00819,65.4,1,2,8,7,16.49,Apartment,No,No,Suburban,1034440,No
8617,P00156,85.6,1,2,4,0,17.13,Apartment,No,No,Suburban,1149235,No
8618,P07511,85.8,1,2,1,5,10.87,Apartment,No,Yes,Suburban,1713384,Yes
8619,P06745,95.8,1,1,4,4,0.77,Apartment,No,Yes,Downtown,1229501,Yes
8620,P00249,81.5,2,2,2,33,3.02,Apartment,No,No,Residential,1499967,Yes
8621,P04015,126.2,1,2,11,1,8.15,Duplex,No,Yes,Suburban,2895463,Yes
8622,P07610,166.9,4,2,10,6,14.74,Duplex,No,Yes,Outskirts,2493580,No
8623,P05227,163.4,2,1,4,33,1.83,Duplex,Yes,Yes,Downtown,5366970,No
8624,P08175,101,1,1,1,10,0.5,Duplex,No,Yes,Downtown,3742407,Yes
8625,P08120,256,4,3,3,6,13.39,Villa,Yes,Yes,Suburban,5878600,Yes
8626,P03190,128.2,2,1,11,18,1.44,Duplex,No,Yes,Residential,2825674,Yes
8627,P02650,86.8,2,2,12,17,21.57,Apartment,No,Yes,Outskirts,1335512,No
8628,P00629,244,5,4,8,13,13.49,Villa,No,Yes,Suburban,4831204,Yes
8629,P01231,132.3,3,2,15,38,4.51,Apartment,No,No,Residential,3843788,No
8630,P02340,100.8,1,1,11,40,0.5,Apartment,No,No,Downtown,1905306,Yes
8631,P07708,99,1,1,14,2,5.22,Apartment,No,Yes,Residential,2105352,Yes
8632,P06831,50,1,1,10,17,7.06,Apartment,Yes,Yes,Residential,1682581,No
8633,P07369,187.2,2,1,1,1,23.8,Duplex,Yes,Yes,Outskirts,1733657,No
8634,P01452,,5,3,3,32,10.29,Villa,No,Yes,Suburban,6788687,Yes
8635,P01829,119.2,1,1,5,0,24.96,Villa,No,No,Outskirts,2319589,No
8636,P01640,105.6,1,2,9,6,15.17,Apartment,No,No,Suburban,2255534,Yes
8637,P03865,,4,3,0,27,20.57,Villa,No,Yes,Outskirts,6035020,No
8638,P07938,86.9,1,1,9,0,3.17,Duplex,No,No,Residential,1858939,Yes
8639,P03421,133.1,2,1,9,0,9.78,Duplex,No,Yes,Outskirts,1804655,Yes
8640,P03768,191.4,2,2,3,20,5.21,Villa,No,Yes,Residential,4307370,No
8641,P05907,223.8,5,3,0,8,15.46,Villa,No,Yes,Suburban,4732524,No
8642,P08347,150.9,2,1,14,9,4.1,Duplex,No,Yes,Suburban,3170474,No
8643,P05597,50,1,2,5,4,23.16,Apartment,No,Yes,Outskirts,346364,No
8644,P03150,160.6,4,2,1,34,2.56,Duplex,No,Yes,Downtown,2737767,Yes
8645,P08515,99,1,2,7,14,6.97,Apartment,Yes,Yes,Residential,2250034,Yes
8646,P05807,77,2,1,13,2,16.71,Apartment,Yes,Yes,Suburban,778661,Yes
8647,P04111,154.3,3,3,1,18,4.36,Villa,No,Yes,Residential,3096863,No
8648,P01799,115.9,2,1,8,8,9.86,Apartment,No,Yes,Suburban,2212021,Yes
8649,P08275,74.9,1,2,1,1,2.78,Apartment,Yes,No,Residential,1873171,Yes
8650,P01989,116.2,1,2,9,11,20.22,Duplex,Yes,Yes,Outskirts,2261107,No
8651,P01575,71.3,1,2,10,11,0.5,Apartment,No,No,Downtown,1443440,Yes
8652,P02724,108.3,3,2,0,18,5.38,Apartment,Yes,Yes,Residential,3133136,No
8653,P02059,149.4,3,3,9,10,1.2,Duplex,No,No,Downtown,5096497,Yes
8654,P04510,139.1,2,1,2,0,3.9,Apartment,No,Yes,Residential,4929466,No
8655,P04262,109.8,1,2,14,6,18.24,Apartment,No,Yes,Outskirts,1452803,No
8656,P06252,196.3,4,2,7,3,2.26,Villa,No,Yes,Residential,5382795,Yes
8657,P00615,214.5,4,3,2,16,2.34,Villa,Yes,No,Residential,8421374,Yes
8658,P03094,141.5,2,2,0,15,25,Duplex,No,No,Outskirts,2111577,Yes
8659,P03451,80.2,1,2,5,0,8.91,Apartment,No,Yes,Suburban,1363569,Yes
8660,P01015,110.6,2,2,4,12,5.7,Apartment,No,Yes,Residential,2342420,Yes
8661,P01717,128.4,3,2,13,1,5.37,Duplex,No,Yes,Residential,3628142,Yes
8662,P03906,163.9,3,2,13,6,11.45,Duplex,No,Yes,Suburban,3432492,Yes
8663,P07501,81.5,1,2,7,40,9.69,Apartment,No,No,Suburban,1221035,No
8664,P03419,137.1,1,2,8,,0.5,Apartment,No,No,Downtown,4314494,No
8665,P04652,300,4,2,3,40,19.86,Villa,No,Yes,Outskirts,5450235,No
8666,P03101,90.9,1,1,10,5,16.42,Apartment,No,No,Outskirts,563160,No
8667,P06465,195.7,2,1,8,19,11.13,Duplex,No,Yes,Suburban,5529216,Yes
8668,P08873,109.8,1,1,6,6,2.37,Duplex,Yes,No,Downtown,3323769,Yes
8669,P01212,166.6,2,2,3,17,22.05,Duplex,No,No,Outskirts,2603159,Yes
8670,P08853,186.3,3,2,11,12,0.5,Villa,No,No,Downtown,6341897,Yes
8671,P07087,166.6,4,2,1,9,8.8,Villa,No,Yes,Suburban,4966733,No
8672,P05188,63.5,1,1,15,17,15.47,Apartment,No,Yes,Suburban,839138,No
8673,P04271,213.7,2,2,8,8,14.09,Duplex,No,Yes,Outskirts,3228770,Yes
8674,P02815,256.6,4,2,8,12,0.5,Villa,No,Yes,Downtown,8569187,Yes
8675,P01081,114.9,1,2,11,1,3.42,Apartment,No,No,Residential,2242345,Yes
8676,P01608,205.2,4,3,0,11,5.76,Duplex,No,No,Residential,4273056,Yes
8677,P08337,180.4,3,3,15,40,17.3,Duplex,No,No,Outskirts,1311160,No
8678,P04242,137.5,2,1,8,19,16.13,Duplex,Yes,Yes,Outskirts,1884081,No
8679,P00091,84.6,2,1,0,1,0.5,Apartment,No,Yes,Downtown,1782645,Yes
8680,P07847,79.1,2,1,15,0,10.05,Apartment,No,Yes,Suburban,633063,Yes
8681,P07931,241.9,5,3,2,1,5.2,Villa,No,Yes,Residential,5921076,Yes
8682,P00683,98,1,2,9,,1.17,Apartment,No,Yes,Downtown,3873198,Yes
8683,P08042,159.7,1,1,15,17,7.33,Duplex,No,Yes,Residential,2482219,Yes
8684,P08286,90.6,2,2,5,2,0.57,Apartment,No,Yes,Downtown,1978341,Yes
8685,P06053,134.3,3,3,11,28,10.79,Apartment,Yes,No,Outskirts,2452347,No
8686,P06006,120.8,2,1,11,17,3.75,Apartment,No,Yes,Residential,2168732,Yes
8687,P05132,50.3,1,2,10,2,2.38,Apartment,Yes,Yes,Downtown,1446096,Yes
8688,P01401,200.1,2,1,2,17,4.23,Villa,No,Yes,Residential,7268935,Yes
8689,P07256,102.3,1,2,13,29,0.5,Apartment,Yes,No,Downtown,2880446,No
8690,P02263,134,1,2,13,18,5.33,Apartment,No,Yes,Residential,2154920,Yes
8691,P03246,169.3,3,3,5,40,16.56,Villa,No,Yes,Suburban,3302617,Yes
8692,P00854,114.7,3,3,13,23,20.27,Apartment,Yes,Yes,Outskirts,1569170,No
8693,P07844,106.7,2,1,13,3,9.23,Apartment,No,No,Suburban,2083926,Yes
8694,P02275,107.7,3,3,11,11,14.11,Apartment,Yes,Yes,Outskirts,1464790,Yes
8695,P07041,266,5,3,2,17,10.65,Villa,No,Yes,Suburban,6470355,No
8696,P07563,297.1,4,2,3,20,2.12,Villa,No,No,Downtown,9840774,Yes
8697,P04498,123.3,3,2,12,40,6.93,Apartment,No,No,Residential,1671787,Yes
8698,P07573,74.7,1,2,8,15,1.7,Apartment,No,No,Downtown,1526889,Yes
8699,P01104,74.1,1,1,7,11,18.35,Apartment,No,Yes,Outskirts,981578,No
8700,P00085,71.4,1,2,9,27,0.88,Apartment,No,Yes,Downtown,1376968,Yes
8701,P05953,159.4,1,1,5,8,5.82,Apartment,Yes,Yes,Residential,2580748,Yes
8702,P04211,229.8,5,4,6,1,13.77,Villa,Yes,Yes,Suburban,4501065,No
8703,P06815,125.6,1,1,9,12,8.06,Apartment,Yes,Yes,Suburban,1747731,Yes
8704,P05682,99.7,2,2,7,6,7.85,Apartment,No,No,Residential,1851359,Yes
8705,P03441,91.3,1,1,7,21,4.18,Apartment,No,Yes,Residential,2296156,No
8706,P01568,176.7,3,2,2,15,0.91,Apartment,No,Yes,Downtown,4279708,No
8707,P07034,156.4,3,3,15,22,2.27,Duplex,Yes,Yes,Downtown,2654575,Yes
8708,P05598,,2,1,1,22,3.31,Apartment,No,No,Residential,2443089,Yes
8709,P01661,128.9,2,1,1,8,0.98,Apartment,No,Yes,Downtown,1320809,Yes
8710,P03765,59.5,1,1,5,11,1.82,Apartment,No,No,Downtown,2237345,Yes
8711,P03585,119.3,2,2,9,5,13.82,Apartment,No,No,Outskirts,1676488,No
8712,P06952,109.7,2,2,7,7,16.71,Apartment,No,Yes,Outskirts,2166024,No
8713,P02875,265.9,4,3,10,0,0.5,Villa,No,Yes,Downtown,11853138,Yes
8714,P02885,84.5,2,2,6,40,10.52,Apartment,Yes,Yes,Suburban,1768461,No
8715,P03008,161,2,1,5,12,0.97,Duplex,Yes,No,Downtown,5734556,Yes
8716,P01827,256,3,3,9,12,6.64,Villa,No,Yes,Suburban,4183072,Yes
8717,P05930,86.8,1,1,11,13,1.56,Apartment,Yes,Yes,Downtown,2434098,Yes
8718,P02641,76.7,1,1,5,3,4.56,Apartment,No,Yes,Suburban,1301348,Yes
8719,P05702,215.3,4,2,9,4,2.66,Villa,No,Yes,Downtown,3996440,Yes
8720,P08536,60.8,1,1,7,2,6.11,Apartment,No,No,Residential,719670,Yes
8721,P06438,107.8,3,2,7,9,5.52,Apartment,Yes,Yes,Residential,3760263,Yes
8722,P06323,61.1,2,2,1,22,19.51,Apartment,No,No,Outskirts,661963,No
8723,P02708,74.9,2,2,13,0,4.77,Apartment,No,Yes,Residential,986554,Yes
8724,P06159,121.8,2,2,15,2,0.5,Apartment,No,Yes,Downtown,4146143,Yes
8725,P07855,64.6,1,2,9,40,6.36,Apartment,Yes,No,Residential,1286986,No
8726,P02214,115.4,1,1,6,7,6.34,Apartment,No,No,Residential,3262112,Yes
8727,P01360,123,3,3,3,1,1.45,Villa,No,Yes,Downtown,5255086,Yes
8728,P02108,169,3,2,3,2,16.83,Villa,No,Yes,Outskirts,3009136,Yes
8729,P04806,276.2,4,3,3,22,11.4,Villa,No,Yes,Suburban,6047873,Yes
8730,P05975,54.8,1,2,7,40,19.54,Apartment,Yes,No,Outskirts,399432,No
8731,P06821,99.3,1,1,4,1,7.34,Apartment,No,Yes,Suburban,1788290,Yes
8732,P02829,132.9,2,1,5,13,16.06,Apartment,Yes,Yes,Outskirts,1419786,No
8733,P00425,,4,2,2,2,6.06,Villa,No,Yes,Suburban,7204661,Yes
8734,P00293,151.3,2,2,1,13,16.73,Duplex,No,Yes,Outskirts,1905271,Yes
8735,P01066,153.3,3,3,4,36,16.44,Duplex,Yes,Yes,Outskirts,2613216,No
8736,P07018,82.2,1,1,2,12,0.5,Apartment,No,Yes,Downtown,2084916,Yes
8737,P05735,216,5,4,8,1,0.89,Villa,No,Yes,Downtown,6330668,Yes
8738,P05109,167.9,3,2,10,39,8.11,Duplex,No,Yes,Suburban,4191830,No
8739,P07197,163.5,2,2,12,13,0.5,Duplex,Yes,Yes,Downtown,5288350,Yes
8740,P00938,242.2,3,3,15,28,2.23,Villa,Yes,Yes,Downtown,9239306,Yes
8741,P03780,175.1,4,3,2,32,16.78,Duplex,Yes,Yes,Outskirts,2181225,No
8742,P06894,111.3,1,1,2,0,8.88,Apartment,No,No,Residential,2612223,No
8743,P08447,84,1,2,5,4,4.46,Apartment,No,Yes,Residential,1503565,Yes
8744,P08948,197,2,2,3,1,11.5,Villa,Yes,Yes,Suburban,4499904,Yes
8745,P06281,189.6,3,3,5,8,10.42,Duplex,No,Yes,Suburban,3854885,Yes
8746,P03267,87.9,2,2,2,6,1.93,Apartment,No,No,Downtown,1824119,Yes
8747,P07347,155,2,1,13,2,5.57,Duplex,No,No,Residential,4199541,No
8748,P07724,230.6,4,3,9,7,5.39,Duplex,No,No,Residential,3840406,Yes
8749,P04820,82.6,2,2,6,2,11.69,Apartment,Yes,No,Suburban,2105183,No
8750,P00970,80,1,2,13,20,6.03,Apartment,No,Yes,Residential,1090570,Yes
8751,P00497,205.5,4,2,10,0,4.91,Apartment,No,No,Residential,4043826,Yes
8752,P05836,114,3,3,2,5,1.98,Apartment,No,Yes,Downtown,3600645,Yes
8753,P08530,95.5,1,1,13,22,7.58,Apartment,No,Yes,Residential,1418673,Yes
8754,P04705,178.9,2,1,6,4,0.66,Villa,No,Yes,Downtown,5491259,Yes
8755,P01149,84.5,1,1,1,3,4.6,Apartment,Yes,Yes,Residential,3133279,Yes
8756,P05810,52.5,2,1,8,4,7.94,Apartment,No,Yes,Suburban,1448181,No
8757,P07386,147.7,2,2,14,3,12.24,Villa,Yes,Yes,Suburban,3037674,Yes
8758,P05006,113.3,1,2,8,12,8.15,Apartment,Yes,Yes,Residential,3441209,Yes
8759,P03969,243.7,3,2,0,8,6.44,Villa,Yes,Yes,Residential,5236233,Yes
8760,P02152,54.1,1,1,13,8,3.27,Apartment,Yes,Yes,Downtown,1274177,Yes
8761,P07762,63.8,1,2,12,0,19.8,Apartment,Yes,No,Outskirts,862721,No
8762,P02492,155.4,1,2,15,7,4.22,Duplex,No,Yes,Residential,4813696,Yes
8763,P04816,121.1,2,2,12,6,0.81,Apartment,No,No,Downtown,2897025,Yes
8764,P02825,173.6,2,1,0,,19.92,Villa,Yes,Yes,Outskirts,3521490,No
8765,P05666,209.7,4,3,10,8,17.34,Duplex,Yes,No,Suburban,4617579,No
8766,P07039,165.7,4,3,1,18,20.53,Duplex,Yes,Yes,Outskirts,3083185,No
8767,P02276,200.7,3,3,1,10,1.41,Duplex,No,Yes,Downtown,5150499,Yes
8768,P08627,227,3,3,2,5,5.65,Villa,Yes,Yes,Residential,3392135,Yes
8769,P08168,117.1,1,2,12,10,20.49,Apartment,No,Yes,Outskirts,1538447,No
8770,P05396,77.3,1,1,11,14,8.18,Apartment,No,Yes,Residential,1657715,Yes
8771,P06271,79.5,1,2,12,9,3.18,Apartment,No,Yes,Residential,1678594,Yes
8772,P03756,147.6,1,2,1,21,4.4,Duplex,No,Yes,Residential,2586392,Yes
8773,P07918,155.6,3,3,8,34,1.5,Apartment,No,No,Downtown,4992098,Yes
8774,P07205,63.8,1,1,9,7,3.29,Apartment,No,Yes,Suburban,880739,Yes
8775,P03212,116.6,3,3,14,13,11.21,Apartment,Yes,Yes,Suburban,3304143,No
8776,P04309,64.1,2,2,14,31,15.44,Apartment,No,Yes,Outskirts,697387,No
8777,P04993,182.6,4,2,2,6,10.07,Villa,Yes,Yes,Suburban,4843161,Yes
8778,P03541,110.6,1,1,0,6,21.12,Apartment,No,No,Outskirts,941997,No
8779,P01942,101.1,1,2,13,10,0.5,Apartment,Yes,No,Residential,2170283,Yes
8780,P03600,300,5,3,3,3,3.59,Villa,No,Yes,Residential,6067089,Yes
8781,P05386,118.4,2,1,13,9,11.12,Apartment,No,Yes,Suburban,588167,Yes
8782,P04439,131.6,2,1,2,6,2.44,Apartment,Yes,Yes,Residential,1988258,Yes
8783,P02598,154.5,1,1,13,6,3.39,Duplex,No,No,Residential,2737455,Yes
8784,P01411,75.7,1,2,8,6,12.85,Apartment,No,No,Outskirts,745989,No
8785,P01215,110.8,3,3,7,4,6.66,Apartment,Yes,Yes,Residential,1801380,Yes
8786,P06440,,1,2,6,4,11.6,Apartment,No,Yes,Suburban,1229395,Yes
8787,P04792,184.9,3,2,6,3,2.37,Duplex,No,Yes,Downtown,6410720,Yes
8788,P07597,205.3,4,2,0,15,5.75,Villa,No,Yes,Residential,3622375,Yes
8789,P06218,135.7,3,2,13,5,12.66,Duplex,Yes,Yes,Suburban,3195662,No
8790,P00606,87.6,2,2,11,22,11.46,Apartment,No,No,Suburban,1906557,No
8791,P08297,72.2,1,2,2,4,14.04,Apartment,No,Yes,Suburban,897086,No
8792,P00646,65.4,1,2,4,8,14.48,Apartment,No,No,Outskirts,1022211,No
8793,P05501,87.9,1,1,6,1,1.26,Apartment,Yes,Yes,Downtown,2838825,Yes
8794,P03089,202.6,3,2,11,1,9.87,Duplex,No,Yes,Suburban,4891199,Yes
8795,P08284,225.6,5,3,10,12,9.71,Duplex,Yes,Yes,Suburban,5688960,Yes
8796,P05209,147.4,3,2,13,1,0.89,Apartment,Yes,No,Downtown,2915034,Yes
8797,P02871,70.2,1,1,7,4,7.38,Apartment,No,Yes,Suburban,1092508,Yes
8798,P05571,165.5,3,2,4,9,2.11,Duplex,No,Yes,Downtown,4655522,Yes
8799,P05838,280.1,4,3,4,2,18.47,Villa,No,Yes,Suburban,6150694,Yes
8800,P08431,90.4,2,1,14,0,0.5,Apartment,No,Yes,Downtown,1211087,Yes
8801,P03141,223.8,3,2,14,4,6.37,Duplex,Yes,Yes,Residential,4165950,Yes
8802,P00939,93.8,2,1,3,9,12.32,Apartment,No,Yes,Outskirts,1043649,No
8803,P05521,174.3,3,3,9,2,4.58,Duplex,No,Yes,Residential,2913741,Yes
8804,P03230,,4,2,9,23,2.76,Duplex,No,Yes,Residential,2872745,Yes
8805,P01863,,2,2,10,17,16.31,Duplex,Yes,Yes,Outskirts,2117543,No
8806,P01670,135.7,1,1,11,30,24.01,Duplex,No,Yes,Outskirts,1814275,No
8807,P08198,131.7,2,1,7,24,8.69,Apartment,No,Yes,Residential,2651505,Yes
8808,P04344,125.6,2,1,12,2,5.17,Duplex,Yes,Yes,Residential,4067719,Yes
8809,P03944,300,5,4,0,28,4.97,Villa,No,Yes,Suburban,6251177,Yes
8810,P03014,194.1,4,3,4,6,9.96,Duplex,No,Yes,Suburban,5205472,No
8811,P00019,94.6,2,1,5,2,19.58,Apartment,No,No,Outskirts,1031626,No
8812,P07575,136.6,2,2,5,40,3.3,Duplex,Yes,Yes,Downtown,1570436,Yes
8813,P06578,62.7,2,1,12,19,13.02,Apartment,Yes,No,Suburban,965607,No
8814,P05432,79.3,2,1,1,2,6.75,Apartment,Yes,Yes,Residential,639251,Yes
8815,P08453,89.4,1,1,12,8,3.66,Apartment,No,Yes,Downtown,1569181,Yes
8816,P01571,142.3,1,2,8,0,1.21,Apartment,No,No,Residential,3196907,Yes
8817,P01744,211.6,3,3,10,3,8.44,Villa,No,Yes,Outskirts,3273175,Yes
8818,P07010,50,2,1,3,1,8.2,Apartment,No,Yes,Suburban,1052802,No
8819,P00521,50,2,2,9,3,18.34,Apartment,No,No,Outskirts,383782,No
8820,P03938,74.3,1,2,7,21,10.87,Duplex,No,Yes,Suburban,1021695,Yes
8821,P01659,157.4,3,3,5,13,6.43,Apartment,No,Yes,Residential,4211429,Yes
8822,P03473,120.4,2,2,11,4,11.08,Duplex,No,Yes,Suburban,2010572,No
8823,P02476,,2,1,0,4,1.83,Duplex,Yes,Yes,Downtown,2889433,Yes
8824,P03949,129.2,2,2,3,7,25,Apartment,No,No,Outskirts,1703058,No
8825,P03935,99.3,1,1,8,4,5.13,Apartment,No,Yes,Residential,965759,Yes
8826,P07154,99.8,1,1,14,18,15.59,Apartment,No,Yes,Suburban,2349957,No
8827,P00764,181,3,3,10,14,0.53,Duplex,Yes,Yes,Downtown,5873789,Yes
8828,P04704,75.9,1,1,13,23,5.37,Apartment,No,Yes,Residential,1717193,No
8829,P07237,143.6,2,2,8,10,9.71,Apartment,No,Yes,Residential,3401739,No
8830,P08028,172.7,2,2,6,17,14.42,Duplex,No,Yes,Suburban,3598419,No
8831,P04428,70,2,2,5,12,0.59,Apartment,No,Yes,Downtown,1789126,Yes
8832,P07659,140.9,2,2,9,18,1.8,Duplex,No,Yes,Downtown,3867213,Yes
8833,P07730,78.4,1,1,3,8,2.27,Apartment,No,Yes,Downtown,2625733,Yes
8834,P01092,186.8,3,2,1,,11.82,Villa,No,No,Suburban,4487779,Yes
8835,P03609,118.3,2,2,7,2,0.61,Apartment,Yes,Yes,Downtown,3945714,Yes
8836,P01102,300,5,3,3,2,5.57,Villa,Yes,No,Residential,6253246,Yes
8837,P07380,190.9,2,2,0,40,5.45,Villa,Yes,Yes,Residential,5337204,Yes
8838,P00959,232.4,5,4,13,10,4.99,Villa,Yes,Yes,Residential,7032222,Yes
8839,P00560,188.9,2,1,12,2,3.78,Duplex,No,No,Residential,4370042,Yes
8840,P06991,57.9,1,1,6,13,2.39,Apartment,No,Yes,Downtown,1558620,Yes
8841,P06835,77,1,2,2,15,2.33,Apartment,No,No,Residential,2635207,Yes
8842,P01520,300,4,3,1,9,1.48,Villa,Yes,Yes,Downtown,13173227,Yes
8843,P08840,300,4,3,10,1,8.57,Villa,Yes,Yes,Suburban,6828970,Yes
8844,P06129,270,5,4,2,0,6.41,Villa,Yes,Yes,Suburban,2978071,Yes
8845,P02485,111.2,3,3,5,16,17.46,Apartment,No,Yes,Outskirts,1493370,No
8846,P06635,94.1,2,1,2,5,8.98,Apartment,Yes,No,Suburban,2259598,No
8847,P00367,114.6,1,2,2,9,11.39,Apartment,No,No,Suburban,2053554,No
8848,P06194,102.2,1,1,10,40,7.25,Apartment,Yes,No,Residential,1900723,No
8849,P07532,196.1,3,3,3,24,1.26,Villa,No,Yes,Downtown,5979122,Yes
8850,P01949,75.8,2,2,7,23,0.5,Apartment,Yes,No,Downtown,2448444,No
8851,P00809,82.3,1,2,2,0,9.35,Apartment,Yes,No,Suburban,925985,No
8852,P08204,166.4,4,2,5,0,11.43,Duplex,No,Yes,Suburban,3521061,Yes
8853,P05014,50,1,1,13,36,10.73,Apartment,No,Yes,Suburban,483169,No
8854,P07686,73.7,1,1,15,4,25,Apartment,Yes,No,Outskirts,583113,No
8855,P06784,150.8,1,2,15,5,0.56,Duplex,Yes,No,Downtown,3941862,Yes
8856,P08369,225.3,4,2,3,19,4.02,Villa,No,Yes,Residential,5753341,Yes
8857,P02570,50,2,2,10,23,9.13,Apartment,No,No,Outskirts,968803,No
8858,P03521,145.6,2,2,13,8,15.28,Duplex,No,Yes,Suburban,2317187,No
8859,P03283,108.8,1,2,3,11,3.84,Duplex,No,Yes,Residential,2703057,Yes
8860,P01665,67.6,2,2,7,1,16.92,Apartment,No,No,Outskirts,564967,No
8861,P02930,167.4,4,3,11,3,11.98,Duplex,No,Yes,Suburban,6033079,Yes
8862,P03371,87.7,1,2,14,6,12.16,Apartment,No,Yes,Outskirts,1115272,No
8863,P06967,142.6,1,2,6,4,7.92,Apartment,Yes,Yes,Suburban,3277386,No
8864,P08116,,1,1,4,3,10.25,Apartment,No,No,Outskirts,1494206,No
8865,P06573,50,1,1,4,27,10.53,Apartment,No,Yes,Suburban,839872,No
8866,P07928,130.2,1,2,2,7,6.35,Duplex,No,Yes,Residential,2829609,Yes
8867,P04253,94.9,1,1,14,5,0.5,Apartment,Yes,Yes,Downtown,2677039,Yes
8868,P06684,244.9,5,3,0,,13.42,Villa,No,Yes,Outskirts,5258831,No
8869,P03579,152.7,2,1,9,34,7.18,Duplex,Yes,Yes,Suburban,2188211,No
8870,P05947,50,2,1,8,5,3.19,Apartment,No,Yes,Downtown,1218753,Yes
8871,P06606,174.5,3,2,12,8,0.5,Duplex,No,Yes,Downtown,5192178,Yes
8872,P02625,66.5,1,2,5,11,6.99,Apartment,No,No,Suburban,780857,No
8873,P06400,196.1,4,2,12,2,16.94,Duplex,Yes,Yes,Outskirts,1637117,No
8874,P06102,224.5,4,3,3,10,1.13,Duplex,Yes,No,Downtown,7655276,Yes
8875,P01007,135,2,1,5,2,20.61,Apartment,No,No,Outskirts,1428628,No
8876,P02050,129.9,3,2,1,5,3.58,Duplex,No,No,Residential,2680227,Yes
8877,P04012,155.8,1,1,0,12,2.34,Villa,No,Yes,Downtown,4019925,No
8878,P00270,103,2,2,6,3,1.64,Apartment,No,No,Downtown,2906228,Yes
8879,P01994,188.4,4,3,6,4,0.5,Villa,No,Yes,Downtown,6739953,Yes
8880,P00266,243.7,4,2,12,6,0.54,Villa,No,Yes,Downtown,6923710,Yes
8881,P08049,115.4,2,2,5,2,17.66,Apartment,No,No,Suburban,1434947,Yes
8882,P00291,62.2,1,2,15,14,14.68,Apartment,No,Yes,Outskirts,941005,No
8883,P02913,164.5,4,2,11,1,7.15,Duplex,Yes,Yes,Suburban,4239687,Yes
8884,P06543,99.7,1,1,14,40,20.49,Apartment,No,Yes,Outskirts,869755,No
8885,P04142,76.1,1,2,11,12,8.79,Apartment,Yes,Yes,Suburban,1171698,Yes
8886,P04258,133.4,2,1,9,14,4.51,Apartment,No,Yes,Residential,2427806,Yes
8887,P06872,211.6,3,3,13,24,8.5,Duplex,No,Yes,Suburban,5869818,No
8888,P00289,60.4,1,1,10,14,9.28,Apartment,No,No,Suburban,1252067,Yes
8889,P07758,232.3,3,2,3,6,0.5,Villa,No,Yes,Downtown,6885612,Yes
8890,P03108,175.5,3,3,13,6,11.24,Villa,Yes,No,Suburban,4603362,No
8891,P08070,130.9,3,3,9,5,18.7,Apartment,No,No,Outskirts,1510215,No
8892,P06045,75.8,2,1,9,6,16.56,Apartment,Yes,No,Suburban,1851299,No
8893,P00576,161.5,2,2,15,7,5.4,Villa,Yes,Yes,Suburban,4556620,No
8894,P00851,89.2,1,2,14,1,1.01,Apartment,Yes,Yes,Downtown,539949,Yes
8895,P07484,236.7,3,3,15,2,11.41,Villa,No,No,Suburban,6559287,No
8896,P05351,101.9,1,2,15,1,21.48,Apartment,Yes,Yes,Outskirts,1614734,No
8897,P06230,,2,2,3,16,5.42,Apartment,Yes,Yes,Residential,1520758,Yes
8898,P03950,55,1,1,11,16,4.27,Apartment,No,No,Residential,1125598,No
8899,P07802,154.2,1,1,0,21,17.87,Apartment,No,No,Outskirts,2155708,No
8900,P01844,210.4,3,3,2,1,25,Villa,Yes,Yes,Outskirts,5031842,No
8901,P01849,90.3,1,2,14,6,6.7,Apartment,No,Yes,Residential,1610848,Yes
8902,P03948,119.5,3,3,11,3,0.5,Apartment,No,No,Downtown,3087873,Yes
8903,P01695,113,1,2,10,4,7.61,Apartment,No,Yes,Suburban,2757750,Yes
8904,P04182,253.2,5,3,1,1,0.5,Villa,No,Yes,Downtown,4954890,Yes
8905,P06370,50,1,2,13,26,12.21,Apartment,No,No,Suburban,845545,No
8906,P00234,176.1,4,2,14,10,12.54,Duplex,Yes,Yes,Suburban,3370417,Yes
8907,P02648,82.8,2,2,3,2,10.55,Apartment,No,No,Suburban,1475808,No
8908,P01712,155.6,2,1,7,5,4.49,Duplex,No,No,Residential,4610153,Yes
8909,P08375,103.8,1,1,1,4,13.15,Apartment,No,Yes,Suburban,1898894,No
8910,P05097,59.7,1,1,0,27,12.24,Apartment,No,Yes,Suburban,760851,No
8911,P05738,123.2,1,2,0,22,12.59,Duplex,Yes,No,Suburban,2170513,Yes
8912,P05453,106.8,3,2,15,21,10.29,Villa,Yes,No,Suburban,3117661,No
8913,P01463,179.3,2,2,0,3,2.85,Villa,No,Yes,Downtown,4920454,Yes
8914,P00050,67.3,2,2,1,10,1.53,Apartment,No,Yes,Downtown,2152072,Yes
8915,P06674,90.7,1,2,11,3,5.87,Apartment,No,No,Residential,2201941,No
8916,P05355,123.1,2,2,9,28,18.56,Apartment,No,Yes,Outskirts,1873908,No
8917,P06005,113.8,1,1,7,3,0.86,Apartment,Yes,No,Downtown,3602639,Yes
8918,P07791,76.8,2,2,3,4,8.33,Apartment,No,No,Suburban,1238894,Yes
8919,P08299,190.2,2,1,3,2,0.5,Villa,Yes,Yes,Downtown,7061607,Yes
8920,P00444,80.2,1,1,6,0,0.5,Apartment,No,Yes,Downtown,2156184,Yes
8921,P07657,193.3,2,2,15,19,12.61,Duplex,No,Yes,Suburban,3601482,No
8922,P04743,,3,3,0,6,10.7,Villa,No,Yes,Suburban,4266999,Yes
8923,P07181,174.5,3,2,0,13,2.82,Villa,Yes,Yes,Residential,3620488,Yes
8924,P00727,132.8,2,2,5,7,6.27,Duplex,No,No,Residential,4646162,No
8925,P02239,199.5,2,1,8,5,7.82,Villa,No,No,Residential,5518447,Yes
8926,P07933,204.8,2,1,0,7,0.5,Villa,No,No,Downtown,5027338,Yes
8927,P02331,,2,2,10,0,7.85,Duplex,Yes,Yes,Suburban,3083093,Yes
8928,P04126,300,4,3,15,22,0.5,Villa,No,Yes,Downtown,5851678,Yes
8929,P00170,112,3,3,12,3,12.22,Apartment,No,Yes,Outskirts,1318940,No
8930,P01002,215.7,4,3,14,20,6.47,Villa,Yes,Yes,Residential,9706184,Yes
8931,P03253,107.4,2,1,1,21,5.63,Villa,No,Yes,Residential,2544074,Yes
8932,P02149,69.1,2,1,2,9,12.72,Apartment,Yes,Yes,Suburban,883758,No
8933,P00198,87.4,1,2,10,1,7.91,Apartment,Yes,No,Outskirts,1268895,No
8934,P06123,199.9,3,2,9,4,14.38,Duplex,No,Yes,Suburban,2227081,Yes
8935,P03794,138.2,2,1,11,40,2.38,Duplex,No,Yes,Downtown,4882746,Yes
8936,P00648,244.1,4,3,10,2,9.62,Villa,Yes,Yes,Suburban,8209425,No
8937,P04141,234.4,3,3,6,27,2.41,Villa,No,No,Residential,5243861,Yes
8938,P02759,165.2,3,2,0,4,8.4,Duplex,No,Yes,Suburban,1963438,Yes
8939,P08566,68.4,2,1,13,6,7.33,Apartment,Yes,No,Residential,1364709,Yes
8940,P08759,215.4,4,3,8,9,6.15,Villa,No,Yes,Residential,6935415,Yes
8941,P03486,84.6,1,1,13,30,11.74,Apartment,No,Yes,Suburban,1543341,No
8942,P01156,50,2,2,6,21,0.9,Apartment,No,Yes,Downtown,822473,No
8943,P04136,132.3,3,3,3,0,0.54,Apartment,Yes,No,Downtown,3254515,Yes
8944,P00974,145.7,3,2,14,14,22.96,Duplex,No,Yes,Outskirts,2850934,No
8945,P03288,89.1,1,1,4,16,5.38,Apartment,Yes,No,Residential,1291607,Yes
8946,P07152,195.4,2,1,14,1,14.58,Villa,No,Yes,Suburban,3192883,No
8947,P03639,61,1,1,13,3,23.39,Apartment,Yes,Yes,Outskirts,537521,No
8948,P05883,79.1,1,1,6,3,7.79,Apartment,No,No,Suburban,900735,Yes
8949,P05595,99.3,1,1,0,24,3.75,Apartment,No,Yes,Suburban,1799598,No
8950,P06601,60.7,1,1,0,11,2,Apartment,No,Yes,Downtown,1527154,Yes
8951,P02309,101.3,2,2,2,0,17.44,Apartment,No,No,Suburban,1992664,Yes
8952,P06032,118.8,3,3,10,1,2.37,Duplex,Yes,Yes,Residential,3866783,Yes
8953,P02045,117.4,3,2,8,1,7.06,Apartment,Yes,Yes,Outskirts,1375044,No
8954,P04373,,1,2,4,1,10.23,Apartment,No,No,Suburban,2239562,Yes
8955,P04733,94.9,1,2,6,1,4.95,Apartment,No,Yes,Residential,2942449,Yes
8956,P04719,131.6,2,1,8,0,6.67,Apartment,No,Yes,Suburban,1492297,Yes
8957,P05956,122.1,2,2,0,11,12.93,Apartment,No,Yes,Suburban,3000253,Yes
8958,P00845,131.2,3,3,7,3,1.53,Apartment,Yes,Yes,Downtown,5812069,No
8959,P04490,100.9,2,1,8,9,13.75,Apartment,No,Yes,Suburban,1738851,No
8960,P07914,89.9,1,2,4,1,23.12,Apartment,No,Yes,Outskirts,720434,No
8961,P00350,50,2,2,9,15,0.5,Apartment,No,No,Downtown,1197178,Yes
8962,P06669,119.9,2,1,11,6,1.46,Apartment,No,No,Downtown,3200602,Yes
8963,P00785,106.7,3,3,12,8,22.3,Apartment,No,No,Outskirts,1200377,No
8964,P08240,140.8,3,2,8,22,7.38,Duplex,No,Yes,Residential,3905855,Yes
8965,P05752,296.2,6,4,2,23,3.64,Villa,No,Yes,Residential,7971117,Yes
8966,P04019,117.9,2,1,11,1,1.84,Apartment,Yes,No,Downtown,2935463,Yes
8967,P01440,,5,4,13,2,19.18,Villa,Yes,Yes,Outskirts,4957604,Yes
8968,P06098,77.8,1,1,11,18,11.83,Apartment,Yes,Yes,Suburban,1589134,No
8969,P05086,107.1,3,2,5,9,3.77,Apartment,No,No,Residential,2879746,Yes
8970,P06886,133,2,1,1,40,21.36,Duplex,No,Yes,Outskirts,1250988,No
8971,P07866,114.1,1,1,10,4,2.58,Apartment,Yes,No,Residential,2717388,Yes
8972,P05407,152.4,2,1,13,15,5.12,Apartment,Yes,No,Residential,4332809,Yes
8973,P08226,239.2,4,3,1,17,0.5,Villa,No,No,Downtown,6236028,Yes
8974,P00788,64.8,1,2,15,7,8.08,Apartment,Yes,No,Residential,351734,Yes
8975,P07685,167.9,4,2,15,8,1.87,Duplex,No,Yes,Downtown,3981767,Yes
8976,P05140,80.8,2,1,12,13,12.67,Apartment,Yes,Yes,Outskirts,1150601,No
8977,P04578,100.7,2,2,7,10,1.1,Apartment,No,No,Downtown,1343562,Yes
8978,P05340,127.1,2,1,3,11,3.99,Apartment,No,No,Residential,2122406,Yes
8979,P08060,52.3,1,2,11,9,24.73,Apartment,No,No,Outskirts,275408,Yes
8980,P02628,110.4,3,3,6,20,3.32,Apartment,No,Yes,Residential,3966979,Yes
8981,P06626,74.7,1,1,3,6,20.43,Apartment,No,Yes,Outskirts,649322,No
8982,P00932,187.3,4,2,12,4,3.36,Duplex,No,Yes,Residential,5170858,Yes
8983,P02405,85.5,2,1,4,18,16.02,Apartment,No,No,Outskirts,945480,No
8984,P01249,292.8,5,3,8,23,13.62,Villa,Yes,No,Outskirts,6981340,No
8985,P04856,122.3,1,2,5,8,14.43,Apartment,No,No,Outskirts,1548419,No
8986,P00093,124.9,2,2,8,3,2.97,Duplex,No,Yes,Residential,3548360,Yes
8987,P05512,107,1,1,13,22,17.79,Duplex,No,Yes,Suburban,2152408,No
8988,P05438,212.5,4,3,0,3,7.58,Villa,No,No,Residential,6973996,Yes
8989,P02852,107,3,2,11,7,8.87,Duplex,No,Yes,Residential,1781848,Yes
8990,P06424,137.9,1,2,13,17,10.88,Apartment,Yes,No,Suburban,2478759,Yes
8991,P00765,90.5,1,1,13,3,16.13,Apartment,No,Yes,Outskirts,1550030,No
8992,P06749,156.2,1,1,14,4,2.4,Duplex,No,Yes,Residential,2405377,Yes
8993,P05470,108.6,2,1,10,3,0.5,Duplex,Yes,Yes,Downtown,3030892,Yes
8994,P06048,125.4,2,2,5,14,0.6,Apartment,Yes,Yes,Downtown,3330124,Yes
8995,P00258,150.8,3,3,3,2,4.44,Apartment,Yes,No,Downtown,6058489,Yes
8996,P07241,137.6,3,2,7,7,14.75,Apartment,No,Yes,Suburban,898289,No
8997,P07652,204.4,2,2,2,7,5.35,Duplex,No,Yes,Residential,4987977,Yes
8998,P08965,67.3,1,1,3,0,6.3,Apartment,Yes,No,Residential,2087089,Yes
8999,P05583,82,2,1,5,9,5.65,Apartment,Yes,Yes,Residential,2054378,No
9000,P08505,118.4,2,1,9,15,10.08,Apartment,No,No,Suburban,2478948,No
9001,P04860,200.5,4,2,0,22,5.69,Villa,No,Yes,Residential,6717981,Yes
9002,P02998,53.2,1,1,10,7,7.93,Apartment,No,Yes,Residential,1260335,Yes
9003,P01177,158.9,2,1,7,7,6.05,Villa,No,Yes,Residential,5049739,Yes
9004,P03897,131.2,1,1,1,1,6.47,Apartment,No,No,Residential,2870547,Yes
9005,P03517,104.7,1,2,12,7,6.71,Duplex,No,Yes,Suburban,2839793,Yes
9006,P07956,148.3,1,2,2,2,19.69,Duplex,No,Yes,Suburban,2244392,No
9007,P07681,151.7,2,1,12,40,22.61,Apartment,No,Yes,Outskirts,1478578,No
9008,P07085,92.2,2,1,13,7,10.26,Apartment,No,Yes,Suburban,2062633,Yes
9009,P08584,50,1,2,12,18,2.61,Apartment,Yes,No,Downtown,931768,No
9010,P06016,123.2,1,1,2,5,0.94,Apartment,No,No,Downtown,2350359,Yes
9011,P01457,50,1,1,4,5,5.06,Apartment,No,Yes,Residential,1211789,Yes
9012,P01093,147.5,1,2,3,4,3.72,Villa,No,Yes,Residential,3163751,Yes
9013,P06119,200.3,2,2,9,1,14.71,Villa,No,Yes,Outskirts,3041654,Yes
9014,P03240,163.4,2,2,9,10,3.94,Duplex,No,No,Residential,5957481,No
9015,P04442,,2,2,2,6,5.77,Villa,No,Yes,Residential,4081175,No
9016,P02584,215.8,3,2,12,3,2.08,Villa,No,Yes,Downtown,10246294,Yes
9017,P07567,136,1,2,9,8,0.63,Apartment,No,No,Downtown,3658004,Yes
9018,P01373,198.5,4,3,10,24,4.89,Duplex,No,Yes,Residential,3488582,Yes
9019,P00920,78.4,2,2,6,12,9.83,Apartment,Yes,Yes,Suburban,1771427,Yes
9020,P04308,50,1,1,9,6,2.71,Apartment,Yes,No,Residential,821657,Yes
9021,P05700,219.4,4,3,12,11,2.56,Villa,No,Yes,Downtown,4894517,Yes
9022,P00538,89.8,2,1,14,21,1.36,Apartment,No,Yes,Downtown,1457580,Yes
